dataset,model,method,method_id,direction,N,variation,s2,trough_uv,s7
lit,wav2vec2-large,method_09,9,regular,3,1,True,-2.80982,True
lit,wav2vec2-large,method_09,9,regular,3,2,True,-1.99537,True
lit,wav2vec2-large,method_09,9,regular,3,3,True,-2.38307,True
lit,wav2vec2-large,method_09,9,regular,3,4,True,-1.90616,True
lit,wav2vec2-large,method_09,9,regular,3,5,True,-1.60366,True
lit,wav2vec2-large,method_09,9,regular,5,1,True,-3.08275,True
lit,wav2vec2-large,method_09,9,regular,5,2,True,-3.27275,True
lit,wav2vec2-large,method_09,9,regular,5,3,True,-3.01495,True
lit,wav2vec2-large,method_09,9,regular,5,4,True,-2.43083,True
lit,wav2vec2-large,method_09,9,regular,5,5,True,-2.57604,True
lit,wav2vec2-large,method_09,9,regular,7,1,True,-3.39504,True
lit,wav2vec2-large,method_09,9,regular,7,2,True,-3.04727,True
lit,wav2vec2-large,method_09,9,regular,7,3,True,-3.04727,True
lit,wav2vec2-large,method_09,9,regular,7,4,True,-3.24669,True
lit,wav2vec2-large,method_09,9,regular,7,5,True,-3.10665,True
lit,wav2vec2-large,method_09_counter,9,counter,3,1,False,4.61236,False
lit,wav2vec2-large,method_09_counter,9,counter,3,2,False,2.25103,False
lit,wav2vec2-large,method_09_counter,9,counter,3,3,False,3.60013,False
lit,wav2vec2-large,method_09_counter,9,counter,3,4,False,1.95526,False
lit,wav2vec2-large,method_09_counter,9,counter,3,5,False,1.85528,False
lit,wav2vec2-large,method_09_counter,9,counter,5,1,False,3.34653,False
lit,wav2vec2-large,method_09_counter,9,counter,5,2,False,4.19347,False
lit,wav2vec2-large,method_09_counter,9,counter,5,3,False,3.86203,False
lit,wav2vec2-large,method_09_counter,9,counter,5,4,False,2.35567,False
lit,wav2vec2-large,method_09_counter,9,counter,5,5,False,3.62055,False
lit,wav2vec2-large,method_09_counter,9,counter,7,1,False,4.3479,False
lit,wav2vec2-large,method_09_counter,9,counter,7,2,False,3.34279,False
lit,wav2vec2-large,method_09_counter,9,counter,7,3,False,3.34279,False
lit,wav2vec2-large,method_09_counter,9,counter,7,4,False,4.17336,False
lit,wav2vec2-large,method_09_counter,9,counter,7,5,False,4.81274,False
lit,wav2vec2-large,method_10,10,regular,3,1,True,0.21806,False
lit,wav2vec2-large,method_10,10,regular,3,2,True,0.28715,False
lit,wav2vec2-large,method_10,10,regular,3,3,True,0.28313,False
lit,wav2vec2-large,method_10,10,regular,3,4,True,0.17046,False
lit,wav2vec2-large,method_10,10,regular,3,5,True,0.09881,False
lit,wav2vec2-large,method_10,10,regular,5,1,True,0.1937,False
lit,wav2vec2-large,method_10,10,regular,5,2,True,0.22713,False
lit,wav2vec2-large,method_10,10,regular,5,3,True,0.26231,False
lit,wav2vec2-large,method_10,10,regular,5,4,True,0.18474,False
lit,wav2vec2-large,method_10,10,regular,5,5,True,0.21175,False
lit,wav2vec2-large,method_10,10,regular,7,1,True,0.12014,False
lit,wav2vec2-large,method_10,10,regular,7,2,True,0.16331,False
lit,wav2vec2-large,method_10,10,regular,7,3,True,0.14342,False
lit,wav2vec2-large,method_10,10,regular,7,4,True,0.13578,False
lit,wav2vec2-large,method_10,10,regular,7,5,True,0.16871,False
lit,wav2vec2-large,method_10_counter,10,counter,3,1,True,-1.79574,True
lit,wav2vec2-large,method_10_counter,10,counter,3,2,True,-2.05435,True
lit,wav2vec2-large,method_10_counter,10,counter,3,3,True,-1.91047,True
lit,wav2vec2-large,method_10_counter,10,counter,3,4,True,-1.82166,True
lit,wav2vec2-large,method_10_counter,10,counter,3,5,True,-2.11627,True
lit,wav2vec2-large,method_10_counter,10,counter,5,1,True,-1.94542,True
lit,wav2vec2-large,method_10_counter,10,counter,5,2,True,-2.08163,True
lit,wav2vec2-large,method_10_counter,10,counter,5,3,True,-1.97703,True
lit,wav2vec2-large,method_10_counter,10,counter,5,4,True,-1.84345,True
lit,wav2vec2-large,method_10_counter,10,counter,5,5,True,-2.036,True
lit,wav2vec2-large,method_10_counter,10,counter,7,1,True,-2.00945,True
lit,wav2vec2-large,method_10_counter,10,counter,7,2,True,-2.03324,True
lit,wav2vec2-large,method_10_counter,10,counter,7,3,True,-2.45903,True
lit,wav2vec2-large,method_10_counter,10,counter,7,4,True,-2.0403,True
lit,wav2vec2-large,method_10_counter,10,counter,7,5,True,-2.11263,True
lit,wav2vec2-large,method_12,12,regular,3,1,False,-0.11039,False
lit,wav2vec2-large,method_12,12,regular,3,2,False,0.63981,False
lit,wav2vec2-large,method_12,12,regular,3,3,False,0.0339,False
lit,wav2vec2-large,method_12,12,regular,3,4,False,0.63168,False
lit,wav2vec2-large,method_12,12,regular,3,5,False,0.80608,False
lit,wav2vec2-large,method_12,12,regular,5,1,False,0.17526,False
lit,wav2vec2-large,method_12,12,regular,5,2,False,0.26842,False
lit,wav2vec2-large,method_12,12,regular,5,3,False,0.2338,False
lit,wav2vec2-large,method_12,12,regular,5,4,False,0.22539,False
lit,wav2vec2-large,method_12,12,regular,5,5,False,0.22921,False
lit,wav2vec2-large,method_12,12,regular,7,1,False,0.54987,False
lit,wav2vec2-large,method_12,12,regular,7,2,False,0.37913,False
lit,wav2vec2-large,method_12,12,regular,7,3,False,0.40036,False
lit,wav2vec2-large,method_12,12,regular,7,4,False,0.68273,False
lit,wav2vec2-large,method_12,12,regular,7,5,False,0.36921,False
lit,wav2vec2-large,method_12_counter,12,counter,3,1,True,-0.51668,False
lit,wav2vec2-large,method_12_counter,12,counter,3,2,True,-0.38346,False
lit,wav2vec2-large,method_12_counter,12,counter,3,3,True,-0.30542,False
lit,wav2vec2-large,method_12_counter,12,counter,3,4,True,-0.4714,False
lit,wav2vec2-large,method_12_counter,12,counter,3,5,True,-0.43858,False
lit,wav2vec2-large,method_12_counter,12,counter,5,1,True,-0.09961,False
lit,wav2vec2-large,method_12_counter,12,counter,5,2,True,-0.3358,False
lit,wav2vec2-large,method_12_counter,12,counter,5,3,True,-0.51778,False
lit,wav2vec2-large,method_12_counter,12,counter,5,4,True,-0.25461,False
lit,wav2vec2-large,method_12_counter,12,counter,5,5,True,-0.174,False
lit,wav2vec2-large,method_12_counter,12,counter,7,1,True,-0.52394,False
lit,wav2vec2-large,method_12_counter,12,counter,7,2,True,-0.33414,False
lit,wav2vec2-large,method_12_counter,12,counter,7,3,True,-0.38594,False
lit,wav2vec2-large,method_12_counter,12,counter,7,4,True,-0.69813,False
lit,wav2vec2-large,method_12_counter,12,counter,7,5,True,-0.34944,False
lit,wav2vec2-large,method_17,17,regular,3,1,True,-3.00097,True
lit,wav2vec2-large,method_17,17,regular,3,2,True,-1.69016,True
lit,wav2vec2-large,method_17,17,regular,3,3,True,-1.24016,True
lit,wav2vec2-large,method_17,17,regular,3,4,True,-0.93295,True
lit,wav2vec2-large,method_17,17,regular,3,5,True,-2.80371,True
lit,wav2vec2-large,method_17,17,regular,5,1,True,-2.79631,True
lit,wav2vec2-large,method_17,17,regular,5,2,True,-2.29448,True
lit,wav2vec2-large,method_17,17,regular,5,3,True,-3.17081,True
lit,wav2vec2-large,method_17,17,regular,5,4,True,-3.68922,True
lit,wav2vec2-large,method_17,17,regular,5,5,True,-2.46525,True
lit,wav2vec2-large,method_17,17,regular,7,1,True,-2.90114,True
lit,wav2vec2-large,method_17,17,regular,7,2,True,-2.29883,True
lit,wav2vec2-large,method_17,17,regular,7,3,True,-3.32102,True
lit,wav2vec2-large,method_17,17,regular,7,4,True,-2.35909,True
lit,wav2vec2-large,method_17,17,regular,7,5,True,-3.23154,True
lit,wav2vec2-large,method_17_counter,17,counter,3,1,False,-8.61706,False
lit,wav2vec2-large,method_17_counter,17,counter,3,2,True,-8.94733,True
lit,wav2vec2-large,method_17_counter,17,counter,3,3,True,-9.02244,True
lit,wav2vec2-large,method_17_counter,17,counter,3,4,False,-8.31702,False
lit,wav2vec2-large,method_17_counter,17,counter,3,5,True,-8.47752,True
lit,wav2vec2-large,method_17_counter,17,counter,5,1,True,-7.05933,True
lit,wav2vec2-large,method_17_counter,17,counter,5,2,True,-6.65958,True
lit,wav2vec2-large,method_17_counter,17,counter,5,3,True,-6.92409,True
lit,wav2vec2-large,method_17_counter,17,counter,5,4,True,-7.91264,True
lit,wav2vec2-large,method_17_counter,17,counter,5,5,True,-6.78243,True
lit,wav2vec2-large,method_17_counter,17,counter,7,1,True,-6.88432,True
lit,wav2vec2-large,method_17_counter,17,counter,7,2,True,-5.98184,True
lit,wav2vec2-large,method_17_counter,17,counter,7,3,True,-7.40383,True
lit,wav2vec2-large,method_17_counter,17,counter,7,4,True,-5.84268,True
lit,wav2vec2-large,method_17_counter,17,counter,7,5,True,-7.22902,True
lit,wav2vec2-large,method_18,18,regular,3,1,True,-2.42329,True
lit,wav2vec2-large,method_18,18,regular,3,2,True,-1.77775,True
lit,wav2vec2-large,method_18,18,regular,3,3,True,-2.12316,True
lit,wav2vec2-large,method_18,18,regular,3,4,True,-1.34062,True
lit,wav2vec2-large,method_18,18,regular,3,5,True,-1.96889,True
lit,wav2vec2-large,method_18,18,regular,5,1,True,-4.08676,True
lit,wav2vec2-large,method_18,18,regular,5,2,True,-2.66437,True
lit,wav2vec2-large,method_18,18,regular,5,3,True,-2.9651,True
lit,wav2vec2-large,method_18,18,regular,5,4,True,-2.70553,True
lit,wav2vec2-large,method_18,18,regular,5,5,True,-3.72849,True
lit,wav2vec2-large,method_18,18,regular,7,1,True,-2.40917,True
lit,wav2vec2-large,method_18,18,regular,7,2,True,-3.04888,True
lit,wav2vec2-large,method_18,18,regular,7,3,True,-3.64765,True
lit,wav2vec2-large,method_18,18,regular,7,4,True,-2.33709,True
lit,wav2vec2-large,method_18,18,regular,7,5,True,-3.49957,True
lit,wav2vec2-large,method_18_counter,18,counter,3,1,True,-8.7436,True
lit,wav2vec2-large,method_18_counter,18,counter,3,2,True,-8.21352,True
lit,wav2vec2-large,method_18_counter,18,counter,3,3,True,-8.42527,True
lit,wav2vec2-large,method_18_counter,18,counter,3,4,True,-8.37158,True
lit,wav2vec2-large,method_18_counter,18,counter,3,5,False,-8.69261,False
lit,wav2vec2-large,method_18_counter,18,counter,5,1,True,-7.87267,True
lit,wav2vec2-large,method_18_counter,18,counter,5,2,True,-6.55105,True
lit,wav2vec2-large,method_18_counter,18,counter,5,3,True,-7.07371,True
lit,wav2vec2-large,method_18_counter,18,counter,5,4,True,-7.02776,True
lit,wav2vec2-large,method_18_counter,18,counter,5,5,True,-7.09121,True
lit,wav2vec2-large,method_18_counter,18,counter,7,1,True,-5.80945,True
lit,wav2vec2-large,method_18_counter,18,counter,7,2,True,-6.55667,True
lit,wav2vec2-large,method_18_counter,18,counter,7,3,True,-7.2363,True
lit,wav2vec2-large,method_18_counter,18,counter,7,4,True,-5.93007,True
lit,wav2vec2-large,method_18_counter,18,counter,7,5,True,-7.29797,True
lit,wav2vec2-large,method_19,19,regular,3,1,True,-1.76265,True
lit,wav2vec2-large,method_19,19,regular,3,2,True,-0.73677,False
lit,wav2vec2-large,method_19,19,regular,3,3,True,-1.92844,True
lit,wav2vec2-large,method_19,19,regular,3,4,True,-1.6981,True
lit,wav2vec2-large,method_19,19,regular,3,5,True,1.76298,False
lit,wav2vec2-large,method_19,19,regular,5,1,True,-3.39243,True
lit,wav2vec2-large,method_19,19,regular,5,2,True,-2.08027,True
lit,wav2vec2-large,method_19,19,regular,5,3,True,-1.87153,True
lit,wav2vec2-large,method_19,19,regular,5,4,True,-4.04528,True
lit,wav2vec2-large,method_19,19,regular,5,5,True,-4.50568,True
lit,wav2vec2-large,method_19,19,regular,7,1,True,-3.70819,True
lit,wav2vec2-large,method_19,19,regular,7,2,True,-3.39246,True
lit,wav2vec2-large,method_19,19,regular,7,3,True,-3.47841,True
lit,wav2vec2-large,method_19,19,regular,7,4,True,-3.07054,True
lit,wav2vec2-large,method_19,19,regular,7,5,True,-3.52745,True
lit,wav2vec2-large,method_19_counter,19,counter,3,1,True,-8.93431,True
lit,wav2vec2-large,method_19_counter,19,counter,3,2,True,-9.14538,True
lit,wav2vec2-large,method_19_counter,19,counter,3,3,False,-9.04236,False
lit,wav2vec2-large,method_19_counter,19,counter,3,4,True,-8.51985,True
lit,wav2vec2-large,method_19_counter,19,counter,3,5,False,-10.42789,False
lit,wav2vec2-large,method_19_counter,19,counter,5,1,True,-6.5521,True
lit,wav2vec2-large,method_19_counter,19,counter,5,2,True,-6.78169,True
lit,wav2vec2-large,method_19_counter,19,counter,5,3,True,-6.83117,True
lit,wav2vec2-large,method_19_counter,19,counter,5,4,True,-7.24039,True
lit,wav2vec2-large,method_19_counter,19,counter,5,5,False,-8.16748,False
lit,wav2vec2-large,method_19_counter,19,counter,7,1,True,-7.39351,True
lit,wav2vec2-large,method_19_counter,19,counter,7,2,True,-7.89259,True
lit,wav2vec2-large,method_19_counter,19,counter,7,3,True,-6.98286,True
lit,wav2vec2-large,method_19_counter,19,counter,7,4,True,-7.49292,True
lit,wav2vec2-large,method_19_counter,19,counter,7,5,True,-6.99373,True
lit,wav2vec2-large,method_20,20,regular,3,1,False,-2.71094,False
lit,wav2vec2-large,method_20,20,regular,3,2,False,-3.17221,False
lit,wav2vec2-large,method_20,20,regular,3,3,True,-2.98575,True
lit,wav2vec2-large,method_20,20,regular,3,4,False,-2.70864,False
lit,wav2vec2-large,method_20,20,regular,3,5,False,-3.1071,False
lit,wav2vec2-large,method_20,20,regular,5,1,True,-2.2058,True
lit,wav2vec2-large,method_20,20,regular,5,2,True,-2.2058,True
lit,wav2vec2-large,method_20,20,regular,5,3,False,-2.5344,False
lit,wav2vec2-large,method_20,20,regular,5,4,False,-2.84504,False
lit,wav2vec2-large,method_20,20,regular,5,5,True,-2.85849,True
lit,wav2vec2-large,method_20,20,regular,7,1,True,-2.16939,True
lit,wav2vec2-large,method_20,20,regular,7,2,True,-2.76132,True
lit,wav2vec2-large,method_20,20,regular,7,3,True,-2.16939,True
lit,wav2vec2-large,method_20,20,regular,7,4,False,-2.8984,False
lit,wav2vec2-large,method_20,20,regular,7,5,False,-2.57234,False
lit,wav2vec2-large,method_20_counter,20,counter,3,1,True,-0.22325,False
lit,wav2vec2-large,method_20_counter,20,counter,3,2,True,-0.74008,False
lit,wav2vec2-large,method_20_counter,20,counter,3,3,True,-1.27129,True
lit,wav2vec2-large,method_20_counter,20,counter,3,4,True,-0.31997,False
lit,wav2vec2-large,method_20_counter,20,counter,3,5,True,-1.37655,True
lit,wav2vec2-large,method_20_counter,20,counter,5,1,True,-1.98119,True
lit,wav2vec2-large,method_20_counter,20,counter,5,2,True,-1.98119,True
lit,wav2vec2-large,method_20_counter,20,counter,5,3,True,-1.08503,True
lit,wav2vec2-large,method_20_counter,20,counter,5,4,True,-0.88024,True
lit,wav2vec2-large,method_20_counter,20,counter,5,5,True,-1.4626,True
lit,wav2vec2-large,method_20_counter,20,counter,7,1,True,-1.94698,True
lit,wav2vec2-large,method_20_counter,20,counter,7,2,True,-1.58021,True
lit,wav2vec2-large,method_20_counter,20,counter,7,3,True,-1.94698,True
lit,wav2vec2-large,method_20_counter,20,counter,7,4,True,-1.70424,True
lit,wav2vec2-large,method_20_counter,20,counter,7,5,True,-1.38602,True
lit,wav2vec2-large,method_21,21,regular,3,1,False,-2.72907,False
lit,wav2vec2-large,method_21,21,regular,3,2,False,-2.91838,False
lit,wav2vec2-large,method_21,21,regular,3,3,False,-3.31964,False
lit,wav2vec2-large,method_21,21,regular,3,4,False,-3.12711,False
lit,wav2vec2-large,method_21,21,regular,3,5,False,-3.09387,False
lit,wav2vec2-large,method_21,21,regular,5,1,False,-2.90482,False
lit,wav2vec2-large,method_21,21,regular,5,2,True,-2.2058,True
lit,wav2vec2-large,method_21,21,regular,5,3,False,-2.76077,False
lit,wav2vec2-large,method_21,21,regular,5,4,True,-2.8727,True
lit,wav2vec2-large,method_21,21,regular,5,5,True,-2.82861,True
lit,wav2vec2-large,method_21,21,regular,7,1,True,-2.16939,True
lit,wav2vec2-large,method_21,21,regular,7,2,False,-2.89306,False
lit,wav2vec2-large,method_21,21,regular,7,3,True,-2.86823,True
lit,wav2vec2-large,method_21,21,regular,7,4,True,-2.16939,True
lit,wav2vec2-large,method_21,21,regular,7,5,True,-2.16939,True
lit,wav2vec2-large,method_21_counter,21,counter,3,1,True,-0.56757,False
lit,wav2vec2-large,method_21_counter,21,counter,3,2,True,-1.07808,True
lit,wav2vec2-large,method_21_counter,21,counter,3,3,True,-0.02658,False
lit,wav2vec2-large,method_21_counter,21,counter,3,4,True,0.40718,False
lit,wav2vec2-large,method_21_counter,21,counter,3,5,True,-1.21734,True
lit,wav2vec2-large,method_21_counter,21,counter,5,1,True,-1.67944,True
lit,wav2vec2-large,method_21_counter,21,counter,5,2,True,-1.98119,True
lit,wav2vec2-large,method_21_counter,21,counter,5,3,True,-1.65904,True
lit,wav2vec2-large,method_21_counter,21,counter,5,4,True,-1.19289,True
lit,wav2vec2-large,method_21_counter,21,counter,5,5,True,-1.88629,True
lit,wav2vec2-large,method_21_counter,21,counter,7,1,True,-1.94698,True
lit,wav2vec2-large,method_21_counter,21,counter,7,2,True,-1.7311,True
lit,wav2vec2-large,method_21_counter,21,counter,7,3,True,-1.43061,True
lit,wav2vec2-large,method_21_counter,21,counter,7,4,True,-1.94698,True
lit,wav2vec2-large,method_21_counter,21,counter,7,5,True,-1.94698,True
lit,wav2vec2-large,method_27,27,regular,3,1,False,-2.0759,False
lit,wav2vec2-large,method_27,27,regular,3,2,False,-1.99305,False
lit,wav2vec2-large,method_27,27,regular,3,3,False,-1.75358,False
lit,wav2vec2-large,method_27,27,regular,3,4,False,-1.69882,False
lit,wav2vec2-large,method_27,27,regular,3,5,False,-1.37807,False
lit,wav2vec2-large,method_27,27,regular,5,1,True,-2.28157,True
lit,wav2vec2-large,method_27,27,regular,5,2,True,-2.28157,True
lit,wav2vec2-large,method_27,27,regular,5,3,True,-2.28157,True
lit,wav2vec2-large,method_27,27,regular,5,4,False,-1.98803,False
lit,wav2vec2-large,method_27,27,regular,5,5,True,-2.28157,True
lit,wav2vec2-large,method_27,27,regular,7,1,True,-2.28486,True
lit,wav2vec2-large,method_27,27,regular,7,2,True,-2.28486,True
lit,wav2vec2-large,method_27,27,regular,7,3,True,-2.28486,True
lit,wav2vec2-large,method_27,27,regular,7,4,True,-2.28486,True
lit,wav2vec2-large,method_27,27,regular,7,5,False,-2.07028,False
lit,wav2vec2-large,method_27_counter,27,counter,3,1,False,1.15992,False
lit,wav2vec2-large,method_27_counter,27,counter,3,2,False,1.29462,False
lit,wav2vec2-large,method_27_counter,27,counter,3,3,False,0.85727,False
lit,wav2vec2-large,method_27_counter,27,counter,3,4,False,0.94469,False
lit,wav2vec2-large,method_27_counter,27,counter,3,5,False,0.69053,False
lit,wav2vec2-large,method_27_counter,27,counter,5,1,False,1.44499,False
lit,wav2vec2-large,method_27_counter,27,counter,5,2,False,1.44499,False
lit,wav2vec2-large,method_27_counter,27,counter,5,3,False,1.44499,False
lit,wav2vec2-large,method_27_counter,27,counter,5,4,False,1.28378,False
lit,wav2vec2-large,method_27_counter,27,counter,5,5,False,1.44499,False
lit,wav2vec2-large,method_27_counter,27,counter,7,1,False,1.41408,False
lit,wav2vec2-large,method_27_counter,27,counter,7,2,False,1.41408,False
lit,wav2vec2-large,method_27_counter,27,counter,7,3,False,1.41408,False
lit,wav2vec2-large,method_27_counter,27,counter,7,4,False,1.41408,False
lit,wav2vec2-large,method_27_counter,27,counter,7,5,False,1.10496,False
lit,wav2vec2-large,method_28,28,regular,3,1,True,-0.00995,False
lit,wav2vec2-large,method_28,28,regular,3,2,True,-0.28634,False
lit,wav2vec2-large,method_28,28,regular,3,3,True,-0.03475,False
lit,wav2vec2-large,method_28,28,regular,3,4,True,-0.4578,False
lit,wav2vec2-large,method_28,28,regular,3,5,True,-0.21984,False
lit,wav2vec2-large,method_28,28,regular,5,1,True,-0.70144,False
lit,wav2vec2-large,method_28,28,regular,5,2,True,-0.6871,False
lit,wav2vec2-large,method_28,28,regular,5,3,True,-0.778,True
lit,wav2vec2-large,method_28,28,regular,5,4,True,-0.65257,False
lit,wav2vec2-large,method_28,28,regular,5,5,True,-0.84857,True
lit,wav2vec2-large,method_28,28,regular,7,1,True,-0.25341,False
lit,wav2vec2-large,method_28,28,regular,7,2,True,0.07052,False
lit,wav2vec2-large,method_28,28,regular,7,3,True,0.07052,False
lit,wav2vec2-large,method_28,28,regular,7,4,True,-0.00438,False
lit,wav2vec2-large,method_28,28,regular,7,5,True,-0.12551,False
lit,wav2vec2-large,method_28_counter,28,counter,3,1,True,-1.18602,True
lit,wav2vec2-large,method_28_counter,28,counter,3,2,True,-1.37223,True
lit,wav2vec2-large,method_28_counter,28,counter,3,3,True,-1.23021,True
lit,wav2vec2-large,method_28_counter,28,counter,3,4,True,-1.45051,True
lit,wav2vec2-large,method_28_counter,28,counter,3,5,True,-1.25265,True
lit,wav2vec2-large,method_28_counter,28,counter,5,1,True,-1.21746,True
lit,wav2vec2-large,method_28_counter,28,counter,5,2,True,-1.12717,True
lit,wav2vec2-large,method_28_counter,28,counter,5,3,True,-1.51934,True
lit,wav2vec2-large,method_28_counter,28,counter,5,4,True,-1.44098,True
lit,wav2vec2-large,method_28_counter,28,counter,5,5,True,-1.18161,True
lit,wav2vec2-large,method_28_counter,28,counter,7,1,True,-0.9349,True
lit,wav2vec2-large,method_28_counter,28,counter,7,2,True,-0.53413,False
lit,wav2vec2-large,method_28_counter,28,counter,7,3,True,-0.53413,False
lit,wav2vec2-large,method_28_counter,28,counter,7,4,True,-0.76447,True
lit,wav2vec2-large,method_28_counter,28,counter,7,5,True,-0.8001,True
lit,wav2vec2-large,method_29,29,regular,3,1,True,-0.82483,True
lit,wav2vec2-large,method_29,29,regular,3,2,True,-0.7855,True
lit,wav2vec2-large,method_29,29,regular,3,3,False,-0.013,False
lit,wav2vec2-large,method_29,29,regular,3,4,True,-0.27602,False
lit,wav2vec2-large,method_29,29,regular,3,5,True,-0.81828,True
lit,wav2vec2-large,method_29,29,regular,5,1,True,-0.96052,True
lit,wav2vec2-large,method_29,29,regular,5,2,True,-0.51537,False
lit,wav2vec2-large,method_29,29,regular,5,3,True,-0.57414,False
lit,wav2vec2-large,method_29,29,regular,5,4,True,-0.84708,True
lit,wav2vec2-large,method_29,29,regular,5,5,True,-0.57227,False
lit,wav2vec2-large,method_29,29,regular,7,1,True,-0.33224,False
lit,wav2vec2-large,method_29,29,regular,7,2,True,-0.0664,False
lit,wav2vec2-large,method_29,29,regular,7,3,True,-0.59843,False
lit,wav2vec2-large,method_29,29,regular,7,4,True,-0.00365,False
lit,wav2vec2-large,method_29,29,regular,7,5,True,-0.43531,False
lit,wav2vec2-large,method_29_counter,29,counter,3,1,True,-1.48143,True
lit,wav2vec2-large,method_29_counter,29,counter,3,2,True,-1.49629,True
lit,wav2vec2-large,method_29_counter,29,counter,3,3,True,-1.21527,True
lit,wav2vec2-large,method_29_counter,29,counter,3,4,True,-1.28763,True
lit,wav2vec2-large,method_29_counter,29,counter,3,5,True,-1.31815,True
lit,wav2vec2-large,method_29_counter,29,counter,5,1,True,-1.28626,True
lit,wav2vec2-large,method_29_counter,29,counter,5,2,True,-1.06081,True
lit,wav2vec2-large,method_29_counter,29,counter,5,3,True,-1.25769,True
lit,wav2vec2-large,method_29_counter,29,counter,5,4,True,-1.38162,True
lit,wav2vec2-large,method_29_counter,29,counter,5,5,True,-0.89603,True
lit,wav2vec2-large,method_29_counter,29,counter,7,1,True,-1.32775,True
lit,wav2vec2-large,method_29_counter,29,counter,7,2,True,-0.74584,False
lit,wav2vec2-large,method_29_counter,29,counter,7,3,True,-1.43592,True
lit,wav2vec2-large,method_29_counter,29,counter,7,4,True,-0.76587,True
lit,wav2vec2-large,method_29_counter,29,counter,7,5,True,-1.03073,True
lit,wav2vec2-large,method_30,30,regular,3,1,True,-0.92474,True
lit,wav2vec2-large,method_30,30,regular,3,2,True,-0.09088,False
lit,wav2vec2-large,method_30,30,regular,3,3,True,-0.31678,False
lit,wav2vec2-large,method_30,30,regular,3,4,True,-1.03101,True
lit,wav2vec2-large,method_30,30,regular,3,5,True,-1.32968,True
lit,wav2vec2-large,method_30,30,regular,5,1,True,-0.60585,False
lit,wav2vec2-large,method_30,30,regular,5,2,True,-0.58198,False
lit,wav2vec2-large,method_30,30,regular,5,3,True,-0.4758,False
lit,wav2vec2-large,method_30,30,regular,5,4,True,-1.04216,True
lit,wav2vec2-large,method_30,30,regular,5,5,True,-0.72181,False
lit,wav2vec2-large,method_30,30,regular,7,1,True,-0.404,False
lit,wav2vec2-large,method_30,30,regular,7,2,True,-0.16845,False
lit,wav2vec2-large,method_30,30,regular,7,3,True,-0.3299,False
lit,wav2vec2-large,method_30,30,regular,7,4,True,-0.29469,False
lit,wav2vec2-large,method_30,30,regular,7,5,True,-0.38271,False
lit,wav2vec2-large,method_30_counter,30,counter,3,1,True,-1.39817,True
lit,wav2vec2-large,method_30_counter,30,counter,3,2,True,-1.17991,True
lit,wav2vec2-large,method_30_counter,30,counter,3,3,True,-1.15433,True
lit,wav2vec2-large,method_30_counter,30,counter,3,4,True,-1.4603,True
lit,wav2vec2-large,method_30_counter,30,counter,3,5,True,-1.48873,True
lit,wav2vec2-large,method_30_counter,30,counter,5,1,True,-1.19905,True
lit,wav2vec2-large,method_30_counter,30,counter,5,2,True,-1.15556,True
lit,wav2vec2-large,method_30_counter,30,counter,5,3,True,-1.0322,True
lit,wav2vec2-large,method_30_counter,30,counter,5,4,True,-1.55841,True
lit,wav2vec2-large,method_30_counter,30,counter,5,5,True,-1.15098,True
lit,wav2vec2-large,method_30_counter,30,counter,7,1,True,-1.38875,True
lit,wav2vec2-large,method_30_counter,30,counter,7,2,True,-1.21382,True
lit,wav2vec2-large,method_30_counter,30,counter,7,3,True,-1.17612,True
lit,wav2vec2-large,method_30_counter,30,counter,7,4,True,-1.13456,True
lit,wav2vec2-large,method_30_counter,30,counter,7,5,True,-1.22257,True
lit,wav2vec2-large,method_31,31,regular,3,1,True,-0.25828,False
lit,wav2vec2-large,method_31,31,regular,3,2,True,-0.20648,False
lit,wav2vec2-large,method_31,31,regular,3,3,True,-0.15563,False
lit,wav2vec2-large,method_31,31,regular,3,4,True,-0.72052,False
lit,wav2vec2-large,method_31,31,regular,3,5,True,0.02579,False
lit,wav2vec2-large,method_31,31,regular,5,1,True,-0.78822,True
lit,wav2vec2-large,method_31,31,regular,5,2,True,-0.00205,False
lit,wav2vec2-large,method_31,31,regular,5,3,True,-0.73193,False
lit,wav2vec2-large,method_31,31,regular,5,4,True,-0.66772,False
lit,wav2vec2-large,method_31,31,regular,5,5,True,-0.00205,False
lit,wav2vec2-large,method_31,31,regular,7,1,True,-0.44052,False
lit,wav2vec2-large,method_31,31,regular,7,2,True,-0.28555,False
lit,wav2vec2-large,method_31,31,regular,7,3,True,-0.4279,False
lit,wav2vec2-large,method_31,31,regular,7,4,True,0.01482,False
lit,wav2vec2-large,method_31,31,regular,7,5,True,-0.61408,False
lit,wav2vec2-large,method_31_counter,31,counter,3,1,True,-1.43131,True
lit,wav2vec2-large,method_31_counter,31,counter,3,2,True,-1.44329,True
lit,wav2vec2-large,method_31_counter,31,counter,3,3,True,-1.11291,True
lit,wav2vec2-large,method_31_counter,31,counter,3,4,True,-1.36238,True
lit,wav2vec2-large,method_31_counter,31,counter,3,5,True,-1.20682,True
lit,wav2vec2-large,method_31_counter,31,counter,5,1,True,-1.44952,True
lit,wav2vec2-large,method_31_counter,31,counter,5,2,True,-0.48566,False
lit,wav2vec2-large,method_31_counter,31,counter,5,3,True,-1.25967,True
lit,wav2vec2-large,method_31_counter,31,counter,5,4,True,-1.10249,True
lit,wav2vec2-large,method_31_counter,31,counter,5,5,True,-0.48566,False
lit,wav2vec2-large,method_31_counter,31,counter,7,1,True,-1.19771,True
lit,wav2vec2-large,method_31_counter,31,counter,7,2,True,-1.15505,True
lit,wav2vec2-large,method_31_counter,31,counter,7,3,True,-1.29323,True
lit,wav2vec2-large,method_31_counter,31,counter,7,4,True,-0.73729,False
lit,wav2vec2-large,method_31_counter,31,counter,7,5,True,-1.43048,True
lit,wav2vec2-large,method_32,32,regular,3,1,True,-0.95599,True
lit,wav2vec2-large,method_32,32,regular,3,2,True,-0.23517,False
lit,wav2vec2-large,method_32,32,regular,3,3,True,-0.38851,False
lit,wav2vec2-large,method_32,32,regular,3,4,True,0.19953,False
lit,wav2vec2-large,method_32,32,regular,3,5,True,-0.81645,True
lit,wav2vec2-large,method_32,32,regular,5,1,True,-0.70893,False
lit,wav2vec2-large,method_32,32,regular,5,2,True,-0.48914,False
lit,wav2vec2-large,method_32,32,regular,5,3,True,-0.73287,False
lit,wav2vec2-large,method_32,32,regular,5,4,True,-0.67815,False
lit,wav2vec2-large,method_32,32,regular,5,5,True,-1.00189,True
lit,wav2vec2-large,method_32,32,regular,7,1,True,-0.18922,False
lit,wav2vec2-large,method_32,32,regular,7,2,True,-0.45759,False
lit,wav2vec2-large,method_32,32,regular,7,3,True,-0.39101,False
lit,wav2vec2-large,method_32,32,regular,7,4,True,0.08204,False
lit,wav2vec2-large,method_32,32,regular,7,5,True,-0.06303,False
lit,wav2vec2-large,method_32_counter,32,counter,3,1,True,-1.19121,True
lit,wav2vec2-large,method_32_counter,32,counter,3,2,True,-1.09242,True
lit,wav2vec2-large,method_32_counter,32,counter,3,3,True,-1.27061,True
lit,wav2vec2-large,method_32_counter,32,counter,3,4,True,-1.14261,True
lit,wav2vec2-large,method_32_counter,32,counter,3,5,True,-1.075,True
lit,wav2vec2-large,method_32_counter,32,counter,5,1,True,-0.95287,True
lit,wav2vec2-large,method_32_counter,32,counter,5,2,True,-0.88854,True
lit,wav2vec2-large,method_32_counter,32,counter,5,3,True,-1.02449,True
lit,wav2vec2-large,method_32_counter,32,counter,5,4,True,-1.25091,True
lit,wav2vec2-large,method_32_counter,32,counter,5,5,True,-1.35869,True
lit,wav2vec2-large,method_32_counter,32,counter,7,1,True,-1.22015,True
lit,wav2vec2-large,method_32_counter,32,counter,7,2,True,-1.10212,True
lit,wav2vec2-large,method_32_counter,32,counter,7,3,True,-0.99571,True
lit,wav2vec2-large,method_32_counter,32,counter,7,4,True,-0.69181,False
lit,wav2vec2-large,method_32_counter,32,counter,7,5,True,-0.75405,True
lit,wav2vec2-large,method_33,33,regular,3,1,True,0.14041,False
lit,wav2vec2-large,method_33,33,regular,3,2,True,-0.42245,False
lit,wav2vec2-large,method_33,33,regular,3,3,True,0.38467,False
lit,wav2vec2-large,method_33,33,regular,3,4,True,-0.28086,False
lit,wav2vec2-large,method_33,33,regular,3,5,True,-0.08844,False
lit,wav2vec2-large,method_33,33,regular,5,1,True,-0.46122,False
lit,wav2vec2-large,method_33,33,regular,5,2,True,-0.4142,False
lit,wav2vec2-large,method_33,33,regular,5,3,True,-0.28912,False
lit,wav2vec2-large,method_33,33,regular,5,4,True,-0.33923,False
lit,wav2vec2-large,method_33,33,regular,5,5,True,-0.33667,False
lit,wav2vec2-large,method_33,33,regular,7,1,True,-0.42051,False
lit,wav2vec2-large,method_33,33,regular,7,2,True,-0.42503,False
lit,wav2vec2-large,method_33,33,regular,7,3,True,-0.46951,False
lit,wav2vec2-large,method_33,33,regular,7,4,True,-0.31397,False
lit,wav2vec2-large,method_33,33,regular,7,5,True,-0.42051,False
lit,wav2vec2-large,method_33_counter,33,counter,3,1,True,-2.82525,True
lit,wav2vec2-large,method_33_counter,33,counter,3,2,True,-2.3937,True
lit,wav2vec2-large,method_33_counter,33,counter,3,3,False,-2.78144,False
lit,wav2vec2-large,method_33_counter,33,counter,3,4,True,-2.86394,True
lit,wav2vec2-large,method_33_counter,33,counter,3,5,True,-3.02718,True
lit,wav2vec2-large,method_33_counter,33,counter,5,1,True,-2.09741,True
lit,wav2vec2-large,method_33_counter,33,counter,5,2,True,-2.38939,True
lit,wav2vec2-large,method_33_counter,33,counter,5,3,True,-2.69031,True
lit,wav2vec2-large,method_33_counter,33,counter,5,4,True,-2.81306,True
lit,wav2vec2-large,method_33_counter,33,counter,5,5,True,-2.70022,True
lit,wav2vec2-large,method_33_counter,33,counter,7,1,True,-2.54137,True
lit,wav2vec2-large,method_33_counter,33,counter,7,2,True,-2.56001,True
lit,wav2vec2-large,method_33_counter,33,counter,7,3,True,-2.04077,True
lit,wav2vec2-large,method_33_counter,33,counter,7,4,True,-2.65878,True
lit,wav2vec2-large,method_33_counter,33,counter,7,5,True,-2.54137,True
lit,wav2vec2-large,method_37,37,regular,3,1,True,-1.28182,True
lit,wav2vec2-large,method_37,37,regular,3,2,True,-1.19589,True
lit,wav2vec2-large,method_37,37,regular,3,3,True,-0.99173,True
lit,wav2vec2-large,method_37,37,regular,3,4,True,-1.0478,True
lit,wav2vec2-large,method_37,37,regular,3,5,True,-1.04159,True
lit,wav2vec2-large,method_37,37,regular,5,1,True,-1.13673,True
lit,wav2vec2-large,method_37,37,regular,5,2,True,-1.16893,True
lit,wav2vec2-large,method_37,37,regular,5,3,True,-1.08073,True
lit,wav2vec2-large,method_37,37,regular,5,4,True,-0.77186,True
lit,wav2vec2-large,method_37,37,regular,5,5,True,-1.22248,True
lit,wav2vec2-large,method_37,37,regular,7,1,True,-1.26069,True
lit,wav2vec2-large,method_37,37,regular,7,2,True,-1.19986,True
lit,wav2vec2-large,method_37,37,regular,7,3,True,-1.28921,True
lit,wav2vec2-large,method_37,37,regular,7,4,True,-1.28695,True
lit,wav2vec2-large,method_37,37,regular,7,5,True,-1.19861,True
lit,wav2vec2-large,method_37_counter,37,counter,3,1,True,-0.65134,False
lit,wav2vec2-large,method_37_counter,37,counter,3,2,True,-0.686,False
lit,wav2vec2-large,method_37_counter,37,counter,3,3,True,-0.52549,False
lit,wav2vec2-large,method_37_counter,37,counter,3,4,True,-0.50212,False
lit,wav2vec2-large,method_37_counter,37,counter,3,5,True,-0.76067,True
lit,wav2vec2-large,method_37_counter,37,counter,5,1,True,-0.72326,False
lit,wav2vec2-large,method_37_counter,37,counter,5,2,True,-0.79965,True
lit,wav2vec2-large,method_37_counter,37,counter,5,3,True,-0.70566,False
lit,wav2vec2-large,method_37_counter,37,counter,5,4,True,-0.55571,False
lit,wav2vec2-large,method_37_counter,37,counter,5,5,True,-0.69321,False
lit,wav2vec2-large,method_37_counter,37,counter,7,1,True,-0.67511,False
lit,wav2vec2-large,method_37_counter,37,counter,7,2,True,-0.7596,True
lit,wav2vec2-large,method_37_counter,37,counter,7,3,True,-0.68778,False
lit,wav2vec2-large,method_37_counter,37,counter,7,4,True,-0.79525,True
lit,wav2vec2-large,method_37_counter,37,counter,7,5,True,-0.75755,True
lit,wav2vec2-large,method_43,43,regular,3,1,True,-1.2211,True
lit,wav2vec2-large,method_43,43,regular,3,2,True,-1.29293,True
lit,wav2vec2-large,method_43,43,regular,3,3,True,-1.20402,True
lit,wav2vec2-large,method_43,43,regular,3,4,True,-1.09077,True
lit,wav2vec2-large,method_43,43,regular,3,5,True,-1.34863,True
lit,wav2vec2-large,method_43,43,regular,5,1,True,-1.07575,True
lit,wav2vec2-large,method_43,43,regular,5,2,True,-1.21818,True
lit,wav2vec2-large,method_43,43,regular,5,3,True,-1.07575,True
lit,wav2vec2-large,method_43,43,regular,5,4,True,-1.06851,True
lit,wav2vec2-large,method_43,43,regular,5,5,True,-1.14245,True
lit,wav2vec2-large,method_43,43,regular,7,1,True,-1.07936,True
lit,wav2vec2-large,method_43,43,regular,7,2,True,-1.07936,True
lit,wav2vec2-large,method_43,43,regular,7,3,True,-0.97512,True
lit,wav2vec2-large,method_43,43,regular,7,4,True,-0.97512,True
lit,wav2vec2-large,method_43,43,regular,7,5,True,-1.08201,True
lit,wav2vec2-large,method_43_counter,43,counter,3,1,True,-0.20126,False
lit,wav2vec2-large,method_43_counter,43,counter,3,2,True,-0.17859,False
lit,wav2vec2-large,method_43_counter,43,counter,3,3,True,-0.19358,False
lit,wav2vec2-large,method_43_counter,43,counter,3,4,True,-0.14679,False
lit,wav2vec2-large,method_43_counter,43,counter,3,5,True,-0.14285,False
lit,wav2vec2-large,method_43_counter,43,counter,5,1,True,-0.34465,False
lit,wav2vec2-large,method_43_counter,43,counter,5,2,True,-0.2257,False
lit,wav2vec2-large,method_43_counter,43,counter,5,3,True,-0.34465,False
lit,wav2vec2-large,method_43_counter,43,counter,5,4,True,-0.34474,False
lit,wav2vec2-large,method_43_counter,43,counter,5,5,True,-0.22508,False
lit,wav2vec2-large,method_43_counter,43,counter,7,1,True,-0.14031,False
lit,wav2vec2-large,method_43_counter,43,counter,7,2,True,-0.14031,False
lit,wav2vec2-large,method_43_counter,43,counter,7,3,True,-0.22723,False
lit,wav2vec2-large,method_43_counter,43,counter,7,4,True,-0.22723,False
lit,wav2vec2-large,method_43_counter,43,counter,7,5,True,-0.35247,False
lit,wav2vec2-large,method_44,44,regular,3,1,False,-1.08975,False
lit,wav2vec2-large,method_44,44,regular,3,2,True,-0.43978,False
lit,wav2vec2-large,method_44,44,regular,3,3,False,0.35021,False
lit,wav2vec2-large,method_44,44,regular,3,4,True,-0.62624,False
lit,wav2vec2-large,method_44,44,regular,3,5,False,-0.41206,False
lit,wav2vec2-large,method_44,44,regular,5,1,False,0.06726,False
lit,wav2vec2-large,method_44,44,regular,5,2,True,-0.70136,False
lit,wav2vec2-large,method_44,44,regular,5,3,True,-0.37726,False
lit,wav2vec2-large,method_44,44,regular,5,4,False,0.46865,False
lit,wav2vec2-large,method_44,44,regular,5,5,False,-0.072,False
lit,wav2vec2-large,method_44,44,regular,7,1,False,0.04167,False
lit,wav2vec2-large,method_44,44,regular,7,2,False,0.86898,False
lit,wav2vec2-large,method_44,44,regular,7,3,False,0.26313,False
lit,wav2vec2-large,method_44,44,regular,7,4,False,0.35755,False
lit,wav2vec2-large,method_44,44,regular,7,5,False,0.59323,False
lit,wav2vec2-large,method_44_counter,44,counter,3,1,True,-0.38079,False
lit,wav2vec2-large,method_44_counter,44,counter,3,2,True,0.06338,False
lit,wav2vec2-large,method_44_counter,44,counter,3,3,False,1.27672,False
lit,wav2vec2-large,method_44_counter,44,counter,3,4,False,0.18151,False
lit,wav2vec2-large,method_44_counter,44,counter,3,5,True,-0.05932,False
lit,wav2vec2-large,method_44_counter,44,counter,5,1,False,1.21188,False
lit,wav2vec2-large,method_44_counter,44,counter,5,2,False,0.47512,False
lit,wav2vec2-large,method_44_counter,44,counter,5,3,False,0.68003,False
lit,wav2vec2-large,method_44_counter,44,counter,5,4,False,1.53754,False
lit,wav2vec2-large,method_44_counter,44,counter,5,5,False,1.15416,False
lit,wav2vec2-large,method_44_counter,44,counter,7,1,False,0.97985,False
lit,wav2vec2-large,method_44_counter,44,counter,7,2,False,1.73056,False
lit,wav2vec2-large,method_44_counter,44,counter,7,3,False,1.23454,False
lit,wav2vec2-large,method_44_counter,44,counter,7,4,False,1.57258,False
lit,wav2vec2-large,method_44_counter,44,counter,7,5,False,1.54226,False
lit,wav2vec2-large,method_53,53,regular,3,1,True,-0.84294,True
lit,wav2vec2-large,method_53,53,regular,3,2,True,-0.69017,False
lit,wav2vec2-large,method_53,53,regular,3,3,True,-0.17489,False
lit,wav2vec2-large,method_53,53,regular,3,4,True,-1.02721,True
lit,wav2vec2-large,method_53,53,regular,3,5,True,-0.91935,True
lit,wav2vec2-large,method_53,53,regular,5,1,True,-0.49305,False
lit,wav2vec2-large,method_53,53,regular,5,2,True,-0.49195,False
lit,wav2vec2-large,method_53,53,regular,5,3,True,-0.63238,False
lit,wav2vec2-large,method_53,53,regular,5,4,True,-0.52683,False
lit,wav2vec2-large,method_53,53,regular,5,5,True,-0.78173,True
lit,wav2vec2-large,method_53,53,regular,7,1,True,-0.09002,False
lit,wav2vec2-large,method_53,53,regular,7,2,True,-0.38975,False
lit,wav2vec2-large,method_53,53,regular,7,3,True,-0.45529,False
lit,wav2vec2-large,method_53,53,regular,7,4,True,-0.53391,False
lit,wav2vec2-large,method_53,53,regular,7,5,True,-0.77462,True
lit,wav2vec2-large,method_53_counter,53,counter,3,1,True,-4.1785,True
lit,wav2vec2-large,method_53_counter,53,counter,3,2,True,-3.948,True
lit,wav2vec2-large,method_53_counter,53,counter,3,3,True,-3.55794,True
lit,wav2vec2-large,method_53_counter,53,counter,3,4,True,-4.31287,True
lit,wav2vec2-large,method_53_counter,53,counter,3,5,True,-4.31434,True
lit,wav2vec2-large,method_53_counter,53,counter,5,1,True,-3.9473,True
lit,wav2vec2-large,method_53_counter,53,counter,5,2,True,-3.76844,True
lit,wav2vec2-large,method_53_counter,53,counter,5,3,True,-3.84156,True
lit,wav2vec2-large,method_53_counter,53,counter,5,4,True,-4.49195,True
lit,wav2vec2-large,method_53_counter,53,counter,5,5,True,-3.78434,True
lit,wav2vec2-large,method_53_counter,53,counter,7,1,True,-3.50823,True
lit,wav2vec2-large,method_53_counter,53,counter,7,2,True,-4.32557,True
lit,wav2vec2-large,method_53_counter,53,counter,7,3,True,-3.5838,True
lit,wav2vec2-large,method_53_counter,53,counter,7,4,True,-4.17454,True
lit,wav2vec2-large,method_53_counter,53,counter,7,5,True,-4.07187,True
lit,wav2vec2-large,method_55,55,regular,3,1,True,0.38743,False
lit,wav2vec2-large,method_55,55,regular,3,2,True,-0.17479,False
lit,wav2vec2-large,method_55,55,regular,3,3,True,0.09607,False
lit,wav2vec2-large,method_55,55,regular,3,4,False,0.59868,False
lit,wav2vec2-large,method_55,55,regular,3,5,True,-0.00826,False
lit,wav2vec2-large,method_55,55,regular,5,1,True,-2.26942,True
lit,wav2vec2-large,method_55,55,regular,5,2,True,-0.13424,False
lit,wav2vec2-large,method_55,55,regular,5,3,False,-1.53199,False
lit,wav2vec2-large,method_55,55,regular,5,4,True,-2.26942,True
lit,wav2vec2-large,method_55,55,regular,5,5,True,-0.1574,False
lit,wav2vec2-large,method_55,55,regular,7,1,False,-1.58591,False
lit,wav2vec2-large,method_55,55,regular,7,2,True,-0.07057,False
lit,wav2vec2-large,method_55,55,regular,7,3,True,0.12458,False
lit,wav2vec2-large,method_55,55,regular,7,4,True,-0.12066,False
lit,wav2vec2-large,method_55,55,regular,7,5,True,-2.21614,True
lit,wav2vec2-large,method_55_counter,55,counter,3,1,False,-4.03796,False
lit,wav2vec2-large,method_55_counter,55,counter,3,2,False,-3.23127,False
lit,wav2vec2-large,method_55_counter,55,counter,3,3,False,-4.05497,False
lit,wav2vec2-large,method_55_counter,55,counter,3,4,False,-3.53158,False
lit,wav2vec2-large,method_55_counter,55,counter,3,5,False,-3.57397,False
lit,wav2vec2-large,method_55_counter,55,counter,5,1,False,-3.51115,False
lit,wav2vec2-large,method_55_counter,55,counter,5,2,False,-4.24359,False
lit,wav2vec2-large,method_55_counter,55,counter,5,3,False,-3.6177,False
lit,wav2vec2-large,method_55_counter,55,counter,5,4,False,-3.51115,False
lit,wav2vec2-large,method_55_counter,55,counter,5,5,False,-3.79928,False
lit,wav2vec2-large,method_55_counter,55,counter,7,1,False,-3.67962,False
lit,wav2vec2-large,method_55_counter,55,counter,7,2,False,-3.81306,False
lit,wav2vec2-large,method_55_counter,55,counter,7,3,False,-4.58646,False
lit,wav2vec2-large,method_55_counter,55,counter,7,4,False,-4.29122,False
lit,wav2vec2-large,method_55_counter,55,counter,7,5,False,-3.47288,False
lit,wav2vec2-large,method_60,60,regular,3,1,True,-3.53255,True
lit,wav2vec2-large,method_60,60,regular,3,2,True,-3.48124,True
lit,wav2vec2-large,method_60,60,regular,3,3,True,-3.58408,True
lit,wav2vec2-large,method_60,60,regular,3,4,True,-3.67507,True
lit,wav2vec2-large,method_60,60,regular,3,5,True,-3.29224,True
lit,wav2vec2-large,method_60,60,regular,5,1,True,-2.80886,True
lit,wav2vec2-large,method_60,60,regular,5,2,True,-3.65682,True
lit,wav2vec2-large,method_60,60,regular,5,3,True,-4.06598,True
lit,wav2vec2-large,method_60,60,regular,5,4,True,-3.85394,True
lit,wav2vec2-large,method_60,60,regular,5,5,True,-2.35538,True
lit,wav2vec2-large,method_60,60,regular,7,1,True,-3.19109,True
lit,wav2vec2-large,method_60,60,regular,7,2,True,-3.35005,True
lit,wav2vec2-large,method_60,60,regular,7,3,True,-3.29661,True
lit,wav2vec2-large,method_60,60,regular,7,4,True,-3.12706,True
lit,wav2vec2-large,method_60,60,regular,7,5,True,-3.79023,True
lit,wav2vec2-large,method_60_counter,60,counter,3,1,True,-3.37535,True
lit,wav2vec2-large,method_60_counter,60,counter,3,2,True,-3.46628,True
lit,wav2vec2-large,method_60_counter,60,counter,3,3,True,-3.91772,True
lit,wav2vec2-large,method_60_counter,60,counter,3,4,True,-3.83055,True
lit,wav2vec2-large,method_60_counter,60,counter,3,5,True,-3.81534,True
lit,wav2vec2-large,method_60_counter,60,counter,5,1,True,-3.5606,True
lit,wav2vec2-large,method_60_counter,60,counter,5,2,True,-3.97148,True
lit,wav2vec2-large,method_60_counter,60,counter,5,3,True,-3.9515,True
lit,wav2vec2-large,method_60_counter,60,counter,5,4,True,-3.77702,True
lit,wav2vec2-large,method_60_counter,60,counter,5,5,True,-1.58751,True
lit,wav2vec2-large,method_60_counter,60,counter,7,1,True,-1.45259,True
lit,wav2vec2-large,method_60_counter,60,counter,7,2,True,-2.93232,True
lit,wav2vec2-large,method_60_counter,60,counter,7,3,True,-1.28278,True
lit,wav2vec2-large,method_60_counter,60,counter,7,4,True,-2.42241,True
lit,wav2vec2-large,method_60_counter,60,counter,7,5,True,-3.43418,True
lit,wav2vec2-large,method_72,72,regular,3,1,True,-1.01291,True
lit,wav2vec2-large,method_72,72,regular,3,2,True,-1.03909,True
lit,wav2vec2-large,method_72,72,regular,3,3,True,-0.99154,True
lit,wav2vec2-large,method_72,72,regular,3,4,True,-1.002,True
lit,wav2vec2-large,method_72,72,regular,3,5,True,-1.51946,True
lit,wav2vec2-large,method_72,72,regular,5,1,True,-1.29399,True
lit,wav2vec2-large,method_72,72,regular,5,2,True,-1.33422,True
lit,wav2vec2-large,method_72,72,regular,5,3,True,-0.80719,True
lit,wav2vec2-large,method_72,72,regular,5,4,True,-0.95079,True
lit,wav2vec2-large,method_72,72,regular,5,5,True,-0.84032,True
lit,wav2vec2-large,method_72,72,regular,7,1,True,-1.3001,True
lit,wav2vec2-large,method_72,72,regular,7,2,True,-1.33758,True
lit,wav2vec2-large,method_72,72,regular,7,3,True,-0.9582,True
lit,wav2vec2-large,method_72,72,regular,7,4,True,-1.30057,True
lit,wav2vec2-large,method_72,72,regular,7,5,True,-1.33758,True
lit,wav2vec2-large,method_72_counter,72,counter,3,1,False,-0.78345,False
lit,wav2vec2-large,method_72_counter,72,counter,3,2,True,-0.9433,True
lit,wav2vec2-large,method_72_counter,72,counter,3,3,True,-1.16793,True
lit,wav2vec2-large,method_72_counter,72,counter,3,4,True,-1.04511,True
lit,wav2vec2-large,method_72_counter,72,counter,3,5,False,-0.62087,False
lit,wav2vec2-large,method_72_counter,72,counter,5,1,False,-0.68575,False
lit,wav2vec2-large,method_72_counter,72,counter,5,2,False,-0.16522,False
lit,wav2vec2-large,method_72_counter,72,counter,5,3,True,-1.14715,True
lit,wav2vec2-large,method_72_counter,72,counter,5,4,True,-1.03793,True
lit,wav2vec2-large,method_72_counter,72,counter,5,5,True,-1.16659,True
lit,wav2vec2-large,method_72_counter,72,counter,7,1,False,-0.69765,False
lit,wav2vec2-large,method_72_counter,72,counter,7,2,False,-0.11348,False
lit,wav2vec2-large,method_72_counter,72,counter,7,3,True,-1.00602,True
lit,wav2vec2-large,method_72_counter,72,counter,7,4,False,-0.69558,False
lit,wav2vec2-large,method_72_counter,72,counter,7,5,False,-0.11348,False
lit,wav2vec2-large,method_74,74,regular,3,1,True,-1.58305,True
lit,wav2vec2-large,method_74,74,regular,3,2,True,-2.06773,True
lit,wav2vec2-large,method_74,74,regular,3,3,True,-1.18482,True
lit,wav2vec2-large,method_74,74,regular,3,4,True,-0.39753,False
lit,wav2vec2-large,method_74,74,regular,3,5,True,-1.3155,True
lit,wav2vec2-large,method_74,74,regular,5,1,True,-0.39423,False
lit,wav2vec2-large,method_74,74,regular,5,2,True,-0.39423,False
lit,wav2vec2-large,method_74,74,regular,5,3,True,-0.39423,False
lit,wav2vec2-large,method_74,74,regular,5,4,True,-0.39423,False
lit,wav2vec2-large,method_74,74,regular,5,5,True,-0.39423,False
lit,wav2vec2-large,method_74,74,regular,7,1,True,-1.95611,True
lit,wav2vec2-large,method_74,74,regular,7,2,True,-1.95611,True
lit,wav2vec2-large,method_74,74,regular,7,3,True,-1.95611,True
lit,wav2vec2-large,method_74,74,regular,7,4,True,-1.95611,True
lit,wav2vec2-large,method_74,74,regular,7,5,True,-1.95611,True
lit,wav2vec2-large,method_74_counter,74,counter,3,1,True,-1.01578,True
lit,wav2vec2-large,method_74_counter,74,counter,3,2,True,-1.08285,True
lit,wav2vec2-large,method_74_counter,74,counter,3,3,True,-0.86856,True
lit,wav2vec2-large,method_74_counter,74,counter,3,4,False,-0.26708,False
lit,wav2vec2-large,method_74_counter,74,counter,3,5,True,-0.80835,True
lit,wav2vec2-large,method_74_counter,74,counter,5,1,False,-0.28001,False
lit,wav2vec2-large,method_74_counter,74,counter,5,2,False,-0.28001,False
lit,wav2vec2-large,method_74_counter,74,counter,5,3,False,-0.28001,False
lit,wav2vec2-large,method_74_counter,74,counter,5,4,False,-0.28001,False
lit,wav2vec2-large,method_74_counter,74,counter,5,5,False,-0.28001,False
lit,wav2vec2-large,method_74_counter,74,counter,7,1,False,-0.54225,False
lit,wav2vec2-large,method_74_counter,74,counter,7,2,False,-0.54225,False
lit,wav2vec2-large,method_74_counter,74,counter,7,3,False,-0.54225,False
lit,wav2vec2-large,method_74_counter,74,counter,7,4,False,-0.54225,False
lit,wav2vec2-large,method_74_counter,74,counter,7,5,False,-0.54225,False
lit,wav2vec2-large,method_75,75,regular,3,1,True,-0.93735,True
lit,wav2vec2-large,method_75,75,regular,3,2,True,-1.19745,True
lit,wav2vec2-large,method_75,75,regular,3,3,True,-1.26415,True
lit,wav2vec2-large,method_75,75,regular,3,4,True,-1.37448,True
lit,wav2vec2-large,method_75,75,regular,3,5,True,-1.24089,True
lit,wav2vec2-large,method_75,75,regular,5,1,True,-0.92686,True
lit,wav2vec2-large,method_75,75,regular,5,2,True,-0.86633,True
lit,wav2vec2-large,method_75,75,regular,5,3,True,-1.29379,True
lit,wav2vec2-large,method_75,75,regular,5,4,True,-0.86356,True
lit,wav2vec2-large,method_75,75,regular,5,5,True,-1.04456,True
lit,wav2vec2-large,method_75,75,regular,7,1,True,-1.0508,True
lit,wav2vec2-large,method_75,75,regular,7,2,True,-0.96678,True
lit,wav2vec2-large,method_75,75,regular,7,3,True,-0.96626,True
lit,wav2vec2-large,method_75,75,regular,7,4,True,-1.3014,True
lit,wav2vec2-large,method_75,75,regular,7,5,True,-1.29856,True
lit,wav2vec2-large,method_75_counter,75,counter,3,1,True,-0.86838,True
lit,wav2vec2-large,method_75_counter,75,counter,3,2,True,-0.90138,True
lit,wav2vec2-large,method_75_counter,75,counter,3,3,True,-0.8174,True
lit,wav2vec2-large,method_75_counter,75,counter,3,4,False,-0.50266,False
lit,wav2vec2-large,method_75_counter,75,counter,3,5,True,-0.77916,True
lit,wav2vec2-large,method_75_counter,75,counter,5,1,True,-1.28669,True
lit,wav2vec2-large,method_75_counter,75,counter,5,2,True,-1.11744,True
lit,wav2vec2-large,method_75_counter,75,counter,5,3,False,-0.71879,False
lit,wav2vec2-large,method_75_counter,75,counter,5,4,True,-1.1329,True
lit,wav2vec2-large,method_75_counter,75,counter,5,5,True,-1.15284,True
lit,wav2vec2-large,method_75_counter,75,counter,7,1,True,-1.11104,True
lit,wav2vec2-large,method_75_counter,75,counter,7,2,True,-0.97316,True
lit,wav2vec2-large,method_75_counter,75,counter,7,3,True,-0.98055,True
lit,wav2vec2-large,method_75_counter,75,counter,7,4,False,-0.68968,False
lit,wav2vec2-large,method_75_counter,75,counter,7,5,False,-0.69445,False
lit,wav2vec2-medium,method_09,9,regular,3,1,True,-0.70914,False
lit,wav2vec2-medium,method_09,9,regular,3,2,True,-0.8211,True
lit,wav2vec2-medium,method_09,9,regular,3,3,True,-0.74768,False
lit,wav2vec2-medium,method_09,9,regular,3,4,True,-0.89973,True
lit,wav2vec2-medium,method_09,9,regular,3,5,True,-0.89198,True
lit,wav2vec2-medium,method_09,9,regular,5,1,False,-0.38621,False
lit,wav2vec2-medium,method_09,9,regular,5,2,True,-0.58628,False
lit,wav2vec2-medium,method_09,9,regular,5,3,True,-0.75099,True
lit,wav2vec2-medium,method_09,9,regular,5,4,True,-0.85481,True
lit,wav2vec2-medium,method_09,9,regular,5,5,True,-0.82838,True
lit,wav2vec2-medium,method_09,9,regular,7,1,True,-0.60076,False
lit,wav2vec2-medium,method_09,9,regular,7,2,False,-0.39422,False
lit,wav2vec2-medium,method_09,9,regular,7,3,False,-0.39422,False
lit,wav2vec2-medium,method_09,9,regular,7,4,True,-0.58902,False
lit,wav2vec2-medium,method_09,9,regular,7,5,True,-0.64734,False
lit,wav2vec2-medium,method_09_counter,9,counter,3,1,True,-1.44988,True
lit,wav2vec2-medium,method_09_counter,9,counter,3,2,True,-1.46108,True
lit,wav2vec2-medium,method_09_counter,9,counter,3,3,True,-1.2821,True
lit,wav2vec2-medium,method_09_counter,9,counter,3,4,True,-1.47862,True
lit,wav2vec2-medium,method_09_counter,9,counter,3,5,True,-1.48528,True
lit,wav2vec2-medium,method_09_counter,9,counter,5,1,True,-1.72745,True
lit,wav2vec2-medium,method_09_counter,9,counter,5,2,True,-1.44354,True
lit,wav2vec2-medium,method_09_counter,9,counter,5,3,True,-1.31078,True
lit,wav2vec2-medium,method_09_counter,9,counter,5,4,True,-1.51231,True
lit,wav2vec2-medium,method_09_counter,9,counter,5,5,True,-1.33083,True
lit,wav2vec2-medium,method_09_counter,9,counter,7,1,True,-1.4347,True
lit,wav2vec2-medium,method_09_counter,9,counter,7,2,True,-1.72018,True
lit,wav2vec2-medium,method_09_counter,9,counter,7,3,True,-1.72018,True
lit,wav2vec2-medium,method_09_counter,9,counter,7,4,True,-1.44399,True
lit,wav2vec2-medium,method_09_counter,9,counter,7,5,True,-1.49735,True
lit,wav2vec2-medium,method_10,10,regular,3,1,True,-0.20881,False
lit,wav2vec2-medium,method_10,10,regular,3,2,True,-0.27519,False
lit,wav2vec2-medium,method_10,10,regular,3,3,True,-0.2178,False
lit,wav2vec2-medium,method_10,10,regular,3,4,True,-0.18534,False
lit,wav2vec2-medium,method_10,10,regular,3,5,True,-0.16742,False
lit,wav2vec2-medium,method_10,10,regular,5,1,True,0.16137,False
lit,wav2vec2-medium,method_10,10,regular,5,2,True,-0.01511,False
lit,wav2vec2-medium,method_10,10,regular,5,3,True,0.03166,False
lit,wav2vec2-medium,method_10,10,regular,5,4,True,-0.01793,False
lit,wav2vec2-medium,method_10,10,regular,5,5,True,-0.00339,False
lit,wav2vec2-medium,method_10,10,regular,7,1,True,-0.09866,False
lit,wav2vec2-medium,method_10,10,regular,7,2,True,0.01676,False
lit,wav2vec2-medium,method_10,10,regular,7,3,True,-0.07518,False
lit,wav2vec2-medium,method_10,10,regular,7,4,True,-0.09792,False
lit,wav2vec2-medium,method_10,10,regular,7,5,True,-0.09382,False
lit,wav2vec2-medium,method_10_counter,10,counter,3,1,True,-0.66137,False
lit,wav2vec2-medium,method_10_counter,10,counter,3,2,True,-0.92745,True
lit,wav2vec2-medium,method_10_counter,10,counter,3,3,True,-0.66565,False
lit,wav2vec2-medium,method_10_counter,10,counter,3,4,True,-0.63534,False
lit,wav2vec2-medium,method_10_counter,10,counter,3,5,True,-0.98482,True
lit,wav2vec2-medium,method_10_counter,10,counter,5,1,True,-0.28926,False
lit,wav2vec2-medium,method_10_counter,10,counter,5,2,True,-0.22466,False
lit,wav2vec2-medium,method_10_counter,10,counter,5,3,True,-0.39147,False
lit,wav2vec2-medium,method_10_counter,10,counter,5,4,True,-0.452,False
lit,wav2vec2-medium,method_10_counter,10,counter,5,5,True,-0.22904,False
lit,wav2vec2-medium,method_10_counter,10,counter,7,1,True,-0.28429,False
lit,wav2vec2-medium,method_10_counter,10,counter,7,2,True,-0.36641,False
lit,wav2vec2-medium,method_10_counter,10,counter,7,3,True,-0.48716,False
lit,wav2vec2-medium,method_10_counter,10,counter,7,4,True,-0.28448,False
lit,wav2vec2-medium,method_10_counter,10,counter,7,5,True,-0.29806,False
lit,wav2vec2-medium,method_12,12,regular,3,1,True,-1.01127,True
lit,wav2vec2-medium,method_12,12,regular,3,2,True,-0.82856,True
lit,wav2vec2-medium,method_12,12,regular,3,3,True,-0.95555,True
lit,wav2vec2-medium,method_12,12,regular,3,4,True,-0.85006,True
lit,wav2vec2-medium,method_12,12,regular,3,5,True,-0.90179,True
lit,wav2vec2-medium,method_12,12,regular,5,1,True,-0.75703,True
lit,wav2vec2-medium,method_12,12,regular,5,2,True,-0.70725,False
lit,wav2vec2-medium,method_12,12,regular,5,3,True,-0.65381,False
lit,wav2vec2-medium,method_12,12,regular,5,4,True,-0.69256,False
lit,wav2vec2-medium,method_12,12,regular,5,5,True,-0.67319,False
lit,wav2vec2-medium,method_12,12,regular,7,1,True,-0.7429,False
lit,wav2vec2-medium,method_12,12,regular,7,2,True,-0.70444,False
lit,wav2vec2-medium,method_12,12,regular,7,3,True,-0.71095,False
lit,wav2vec2-medium,method_12,12,regular,7,4,True,-0.88343,True
lit,wav2vec2-medium,method_12,12,regular,7,5,True,-0.70979,False
lit,wav2vec2-medium,method_12_counter,12,counter,3,1,True,-1.57883,True
lit,wav2vec2-medium,method_12_counter,12,counter,3,2,True,-1.72846,True
lit,wav2vec2-medium,method_12_counter,12,counter,3,3,True,-1.705,True
lit,wav2vec2-medium,method_12_counter,12,counter,3,4,True,-1.83425,True
lit,wav2vec2-medium,method_12_counter,12,counter,3,5,True,-1.78515,True
lit,wav2vec2-medium,method_12_counter,12,counter,5,1,True,-1.73539,True
lit,wav2vec2-medium,method_12_counter,12,counter,5,2,True,-1.82342,True
lit,wav2vec2-medium,method_12_counter,12,counter,5,3,True,-1.94304,True
lit,wav2vec2-medium,method_12_counter,12,counter,5,4,True,-1.77767,True
lit,wav2vec2-medium,method_12_counter,12,counter,5,5,True,-1.79799,True
lit,wav2vec2-medium,method_12_counter,12,counter,7,1,True,-2.12558,True
lit,wav2vec2-medium,method_12_counter,12,counter,7,2,True,-1.92973,True
lit,wav2vec2-medium,method_12_counter,12,counter,7,3,True,-1.92151,True
lit,wav2vec2-medium,method_12_counter,12,counter,7,4,True,-2.39606,True
lit,wav2vec2-medium,method_12_counter,12,counter,7,5,True,-1.92371,True
lit,wav2vec2-medium,method_17,17,regular,3,1,True,-0.34701,False
lit,wav2vec2-medium,method_17,17,regular,3,2,True,-0.4228,False
lit,wav2vec2-medium,method_17,17,regular,3,3,True,-0.35857,False
lit,wav2vec2-medium,method_17,17,regular,3,4,True,-0.60503,False
lit,wav2vec2-medium,method_17,17,regular,3,5,True,-0.42844,False
lit,wav2vec2-medium,method_17,17,regular,5,1,True,-0.46232,False
lit,wav2vec2-medium,method_17,17,regular,5,2,True,-0.56957,False
lit,wav2vec2-medium,method_17,17,regular,5,3,True,-0.54332,False
lit,wav2vec2-medium,method_17,17,regular,5,4,True,-0.2927,False
lit,wav2vec2-medium,method_17,17,regular,5,5,True,-0.49143,False
lit,wav2vec2-medium,method_17,17,regular,7,1,True,-0.15461,False
lit,wav2vec2-medium,method_17,17,regular,7,2,True,-0.17341,False
lit,wav2vec2-medium,method_17,17,regular,7,3,True,-0.30134,False
lit,wav2vec2-medium,method_17,17,regular,7,4,True,-0.18688,False
lit,wav2vec2-medium,method_17,17,regular,7,5,True,-0.19597,False
lit,wav2vec2-medium,method_17_counter,17,counter,3,1,True,-0.54187,False
lit,wav2vec2-medium,method_17_counter,17,counter,3,2,True,-0.73089,False
lit,wav2vec2-medium,method_17_counter,17,counter,3,3,True,-0.70578,False
lit,wav2vec2-medium,method_17_counter,17,counter,3,4,True,-0.33395,False
lit,wav2vec2-medium,method_17_counter,17,counter,3,5,True,-0.72384,False
lit,wav2vec2-medium,method_17_counter,17,counter,5,1,True,-0.81666,True
lit,wav2vec2-medium,method_17_counter,17,counter,5,2,True,-0.97649,True
lit,wav2vec2-medium,method_17_counter,17,counter,5,3,True,-0.95592,True
lit,wav2vec2-medium,method_17_counter,17,counter,5,4,True,-0.48704,False
lit,wav2vec2-medium,method_17_counter,17,counter,5,5,True,-0.88142,True
lit,wav2vec2-medium,method_17_counter,17,counter,7,1,True,-0.44896,False
lit,wav2vec2-medium,method_17_counter,17,counter,7,2,True,-0.37956,False
lit,wav2vec2-medium,method_17_counter,17,counter,7,3,True,-0.72112,False
lit,wav2vec2-medium,method_17_counter,17,counter,7,4,True,-0.42886,False
lit,wav2vec2-medium,method_17_counter,17,counter,7,5,True,-0.53123,False
lit,wav2vec2-medium,method_18,18,regular,3,1,True,-0.36985,False
lit,wav2vec2-medium,method_18,18,regular,3,2,True,-0.38146,False
lit,wav2vec2-medium,method_18,18,regular,3,3,True,-0.43712,False
lit,wav2vec2-medium,method_18,18,regular,3,4,True,-0.55038,False
lit,wav2vec2-medium,method_18,18,regular,3,5,True,-0.49996,False
lit,wav2vec2-medium,method_18,18,regular,5,1,True,-0.32218,False
lit,wav2vec2-medium,method_18,18,regular,5,2,True,-0.52075,False
lit,wav2vec2-medium,method_18,18,regular,5,3,True,-0.42304,False
lit,wav2vec2-medium,method_18,18,regular,5,4,True,-0.4488,False
lit,wav2vec2-medium,method_18,18,regular,5,5,True,-0.52676,False
lit,wav2vec2-medium,method_18,18,regular,7,1,True,-0.1831,False
lit,wav2vec2-medium,method_18,18,regular,7,2,True,-0.15211,False
lit,wav2vec2-medium,method_18,18,regular,7,3,True,-0.24231,False
lit,wav2vec2-medium,method_18,18,regular,7,4,True,-0.18432,False
lit,wav2vec2-medium,method_18,18,regular,7,5,True,-0.24988,False
lit,wav2vec2-medium,method_18_counter,18,counter,3,1,True,-0.64877,False
lit,wav2vec2-medium,method_18_counter,18,counter,3,2,True,-0.66317,False
lit,wav2vec2-medium,method_18_counter,18,counter,3,3,True,-0.74132,False
lit,wav2vec2-medium,method_18_counter,18,counter,3,4,True,-0.7882,True
lit,wav2vec2-medium,method_18_counter,18,counter,3,5,True,-0.68464,False
lit,wav2vec2-medium,method_18_counter,18,counter,5,1,True,-0.59748,False
lit,wav2vec2-medium,method_18_counter,18,counter,5,2,True,-0.92577,True
lit,wav2vec2-medium,method_18_counter,18,counter,5,3,True,-0.73278,False
lit,wav2vec2-medium,method_18_counter,18,counter,5,4,True,-0.79706,True
lit,wav2vec2-medium,method_18_counter,18,counter,5,5,True,-1.00814,True
lit,wav2vec2-medium,method_18_counter,18,counter,7,1,True,-0.46202,False
lit,wav2vec2-medium,method_18_counter,18,counter,7,2,True,-0.46127,False
lit,wav2vec2-medium,method_18_counter,18,counter,7,3,True,-0.62927,False
lit,wav2vec2-medium,method_18_counter,18,counter,7,4,True,-0.45861,False
lit,wav2vec2-medium,method_18_counter,18,counter,7,5,True,-0.63631,False
lit,wav2vec2-medium,method_19,19,regular,3,1,True,-0.48134,False
lit,wav2vec2-medium,method_19,19,regular,3,2,True,-0.48467,False
lit,wav2vec2-medium,method_19,19,regular,3,3,True,-0.37997,False
lit,wav2vec2-medium,method_19,19,regular,3,4,True,-0.4387,False
lit,wav2vec2-medium,method_19,19,regular,3,5,True,-0.33335,False
lit,wav2vec2-medium,method_19,19,regular,5,1,True,-0.57891,False
lit,wav2vec2-medium,method_19,19,regular,5,2,True,-0.56677,False
lit,wav2vec2-medium,method_19,19,regular,5,3,True,-0.55414,False
lit,wav2vec2-medium,method_19,19,regular,5,4,True,-0.45441,False
lit,wav2vec2-medium,method_19,19,regular,5,5,True,-0.28543,False
lit,wav2vec2-medium,method_19,19,regular,7,1,True,-0.26587,False
lit,wav2vec2-medium,method_19,19,regular,7,2,True,-0.15215,False
lit,wav2vec2-medium,method_19,19,regular,7,3,True,-0.1927,False
lit,wav2vec2-medium,method_19,19,regular,7,4,True,-0.10435,False
lit,wav2vec2-medium,method_19,19,regular,7,5,True,-0.24558,False
lit,wav2vec2-medium,method_19_counter,19,counter,3,1,True,-0.73057,False
lit,wav2vec2-medium,method_19_counter,19,counter,3,2,True,-0.71604,False
lit,wav2vec2-medium,method_19_counter,19,counter,3,3,True,-0.65081,False
lit,wav2vec2-medium,method_19_counter,19,counter,3,4,True,-0.76936,True
lit,wav2vec2-medium,method_19_counter,19,counter,3,5,True,-0.57291,False
lit,wav2vec2-medium,method_19_counter,19,counter,5,1,True,-1.0198,True
lit,wav2vec2-medium,method_19_counter,19,counter,5,2,True,-0.96064,True
lit,wav2vec2-medium,method_19_counter,19,counter,5,3,True,-0.94367,True
lit,wav2vec2-medium,method_19_counter,19,counter,5,4,True,-0.88882,True
lit,wav2vec2-medium,method_19_counter,19,counter,5,5,True,-0.49828,False
lit,wav2vec2-medium,method_19_counter,19,counter,7,1,True,-0.65649,False
lit,wav2vec2-medium,method_19_counter,19,counter,7,2,True,-0.40844,False
lit,wav2vec2-medium,method_19_counter,19,counter,7,3,True,-0.53517,False
lit,wav2vec2-medium,method_19_counter,19,counter,7,4,True,-0.2585,False
lit,wav2vec2-medium,method_19_counter,19,counter,7,5,True,-0.63695,False
lit,wav2vec2-medium,method_20,20,regular,3,1,True,-0.87799,True
lit,wav2vec2-medium,method_20,20,regular,3,2,True,-0.88414,True
lit,wav2vec2-medium,method_20,20,regular,3,3,True,-0.71119,False
lit,wav2vec2-medium,method_20,20,regular,3,4,True,-0.87534,True
lit,wav2vec2-medium,method_20,20,regular,3,5,True,-0.70281,False
lit,wav2vec2-medium,method_20,20,regular,5,1,True,-0.7457,False
lit,wav2vec2-medium,method_20,20,regular,5,2,True,-0.7457,False
lit,wav2vec2-medium,method_20,20,regular,5,3,True,-0.93108,True
lit,wav2vec2-medium,method_20,20,regular,5,4,True,-0.92857,True
lit,wav2vec2-medium,method_20,20,regular,5,5,True,-0.77096,True
lit,wav2vec2-medium,method_20,20,regular,7,1,True,-0.74309,False
lit,wav2vec2-medium,method_20,20,regular,7,2,True,-0.77187,True
lit,wav2vec2-medium,method_20,20,regular,7,3,True,-0.74309,False
lit,wav2vec2-medium,method_20,20,regular,7,4,True,-0.72481,False
lit,wav2vec2-medium,method_20,20,regular,7,5,True,-0.83781,True
lit,wav2vec2-medium,method_20_counter,20,counter,3,1,True,-1.42288,True
lit,wav2vec2-medium,method_20_counter,20,counter,3,2,True,-1.41586,True
lit,wav2vec2-medium,method_20_counter,20,counter,3,3,True,-1.60831,True
lit,wav2vec2-medium,method_20_counter,20,counter,3,4,True,-1.40941,True
lit,wav2vec2-medium,method_20_counter,20,counter,3,5,True,-1.60573,True
lit,wav2vec2-medium,method_20_counter,20,counter,5,1,True,-1.88221,True
lit,wav2vec2-medium,method_20_counter,20,counter,5,2,True,-1.88221,True
lit,wav2vec2-medium,method_20_counter,20,counter,5,3,True,-1.46858,True
lit,wav2vec2-medium,method_20_counter,20,counter,5,4,True,-1.46581,True
lit,wav2vec2-medium,method_20_counter,20,counter,5,5,True,-1.65552,True
lit,wav2vec2-medium,method_20_counter,20,counter,7,1,True,-1.89086,True
lit,wav2vec2-medium,method_20_counter,20,counter,7,2,True,-1.64798,True
lit,wav2vec2-medium,method_20_counter,20,counter,7,3,True,-1.89086,True
lit,wav2vec2-medium,method_20_counter,20,counter,7,4,True,-1.75497,True
lit,wav2vec2-medium,method_20_counter,20,counter,7,5,True,-1.55334,True
lit,wav2vec2-medium,method_21,21,regular,3,1,True,-0.88168,True
lit,wav2vec2-medium,method_21,21,regular,3,2,True,-0.8002,True
lit,wav2vec2-medium,method_21,21,regular,3,3,True,-1.07308,True
lit,wav2vec2-medium,method_21,21,regular,3,4,True,-1.16744,True
lit,wav2vec2-medium,method_21,21,regular,3,5,True,-0.70531,False
lit,wav2vec2-medium,method_21,21,regular,5,1,True,-0.73094,False
lit,wav2vec2-medium,method_21,21,regular,5,2,True,-0.7457,False
lit,wav2vec2-medium,method_21,21,regular,5,3,True,-0.73692,False
lit,wav2vec2-medium,method_21,21,regular,5,4,True,-0.77527,True
lit,wav2vec2-medium,method_21,21,regular,5,5,True,-0.78011,True
lit,wav2vec2-medium,method_21,21,regular,7,1,True,-0.74309,False
lit,wav2vec2-medium,method_21,21,regular,7,2,True,-0.72483,False
lit,wav2vec2-medium,method_21,21,regular,7,3,True,-0.7716,True
lit,wav2vec2-medium,method_21,21,regular,7,4,True,-0.74309,False
lit,wav2vec2-medium,method_21,21,regular,7,5,True,-0.74309,False
lit,wav2vec2-medium,method_21_counter,21,counter,3,1,True,-1.42214,True
lit,wav2vec2-medium,method_21_counter,21,counter,3,2,True,-1.4873,True
lit,wav2vec2-medium,method_21_counter,21,counter,3,3,True,-1.18156,True
lit,wav2vec2-medium,method_21_counter,21,counter,3,4,True,-1.07679,True
lit,wav2vec2-medium,method_21_counter,21,counter,3,5,True,-1.6083,True
lit,wav2vec2-medium,method_21_counter,21,counter,5,1,True,-1.76221,True
lit,wav2vec2-medium,method_21_counter,21,counter,5,2,True,-1.88221,True
lit,wav2vec2-medium,method_21_counter,21,counter,5,3,True,-1.76206,True
lit,wav2vec2-medium,method_21_counter,21,counter,5,4,True,-1.6557,True
lit,wav2vec2-medium,method_21_counter,21,counter,5,5,True,-1.65588,True
lit,wav2vec2-medium,method_21_counter,21,counter,7,1,True,-1.89086,True
lit,wav2vec2-medium,method_21_counter,21,counter,7,2,True,-1.75475,True
lit,wav2vec2-medium,method_21_counter,21,counter,7,3,True,-1.64881,True
lit,wav2vec2-medium,method_21_counter,21,counter,7,4,True,-1.89086,True
lit,wav2vec2-medium,method_21_counter,21,counter,7,5,True,-1.89086,True
lit,wav2vec2-medium,method_27,27,regular,3,1,True,-1.04872,True
lit,wav2vec2-medium,method_27,27,regular,3,2,True,-1.02237,True
lit,wav2vec2-medium,method_27,27,regular,3,3,True,-0.94237,True
lit,wav2vec2-medium,method_27,27,regular,3,4,True,-0.91656,True
lit,wav2vec2-medium,method_27,27,regular,3,5,True,-0.75308,True
lit,wav2vec2-medium,method_27,27,regular,5,1,True,-1.02153,True
lit,wav2vec2-medium,method_27,27,regular,5,2,True,-1.02153,True
lit,wav2vec2-medium,method_27,27,regular,5,3,True,-1.02153,True
lit,wav2vec2-medium,method_27,27,regular,5,4,True,-1.06535,True
lit,wav2vec2-medium,method_27,27,regular,5,5,True,-1.02153,True
lit,wav2vec2-medium,method_27,27,regular,7,1,True,-1.02162,True
lit,wav2vec2-medium,method_27,27,regular,7,2,True,-1.02162,True
lit,wav2vec2-medium,method_27,27,regular,7,3,True,-1.02162,True
lit,wav2vec2-medium,method_27,27,regular,7,4,True,-1.02162,True
lit,wav2vec2-medium,method_27,27,regular,7,5,True,-1.09023,True
lit,wav2vec2-medium,method_27_counter,27,counter,3,1,True,-0.57455,False
lit,wav2vec2-medium,method_27_counter,27,counter,3,2,True,-0.58092,False
lit,wav2vec2-medium,method_27_counter,27,counter,3,3,True,-0.79363,True
lit,wav2vec2-medium,method_27_counter,27,counter,3,4,True,-0.80082,True
lit,wav2vec2-medium,method_27_counter,27,counter,3,5,True,-0.92921,True
lit,wav2vec2-medium,method_27_counter,27,counter,5,1,True,-0.27119,False
lit,wav2vec2-medium,method_27_counter,27,counter,5,2,True,-0.27119,False
lit,wav2vec2-medium,method_27_counter,27,counter,5,3,True,-0.27119,False
lit,wav2vec2-medium,method_27_counter,27,counter,5,4,True,-0.52278,False
lit,wav2vec2-medium,method_27_counter,27,counter,5,5,True,-0.27119,False
lit,wav2vec2-medium,method_27_counter,27,counter,7,1,True,-0.27235,False
lit,wav2vec2-medium,method_27_counter,27,counter,7,2,True,-0.27235,False
lit,wav2vec2-medium,method_27_counter,27,counter,7,3,True,-0.27235,False
lit,wav2vec2-medium,method_27_counter,27,counter,7,4,True,-0.27235,False
lit,wav2vec2-medium,method_27_counter,27,counter,7,5,True,-0.51642,False
lit,wav2vec2-medium,method_28,28,regular,3,1,True,-2.04438,True
lit,wav2vec2-medium,method_28,28,regular,3,2,True,-1.99742,True
lit,wav2vec2-medium,method_28,28,regular,3,3,True,-2.0438,True
lit,wav2vec2-medium,method_28,28,regular,3,4,True,-1.99515,True
lit,wav2vec2-medium,method_28,28,regular,3,5,True,-1.98006,True
lit,wav2vec2-medium,method_28,28,regular,5,1,True,-1.69524,True
lit,wav2vec2-medium,method_28,28,regular,5,2,True,-1.68727,True
lit,wav2vec2-medium,method_28,28,regular,5,3,True,-1.7745,True
lit,wav2vec2-medium,method_28,28,regular,5,4,True,-1.75316,True
lit,wav2vec2-medium,method_28,28,regular,5,5,True,-1.65267,True
lit,wav2vec2-medium,method_28,28,regular,7,1,True,-1.94059,True
lit,wav2vec2-medium,method_28,28,regular,7,2,True,-1.86317,True
lit,wav2vec2-medium,method_28,28,regular,7,3,True,-1.86317,True
lit,wav2vec2-medium,method_28,28,regular,7,4,True,-1.87917,True
lit,wav2vec2-medium,method_28,28,regular,7,5,True,-1.95089,True
lit,wav2vec2-medium,method_28_counter,28,counter,3,1,True,-1.21818,True
lit,wav2vec2-medium,method_28_counter,28,counter,3,2,True,-1.25911,True
lit,wav2vec2-medium,method_28_counter,28,counter,3,3,True,-1.23402,True
lit,wav2vec2-medium,method_28_counter,28,counter,3,4,True,-1.31072,True
lit,wav2vec2-medium,method_28_counter,28,counter,3,5,True,-1.26729,True
lit,wav2vec2-medium,method_28_counter,28,counter,5,1,True,-1.20492,True
lit,wav2vec2-medium,method_28_counter,28,counter,5,2,True,-1.20031,True
lit,wav2vec2-medium,method_28_counter,28,counter,5,3,True,-1.30232,True
lit,wav2vec2-medium,method_28_counter,28,counter,5,4,True,-1.26691,True
lit,wav2vec2-medium,method_28_counter,28,counter,5,5,True,-1.24163,True
lit,wav2vec2-medium,method_28_counter,28,counter,7,1,True,-1.04479,True
lit,wav2vec2-medium,method_28_counter,28,counter,7,2,True,-1.11261,True
lit,wav2vec2-medium,method_28_counter,28,counter,7,3,True,-1.11261,True
lit,wav2vec2-medium,method_28_counter,28,counter,7,4,True,-1.07139,True
lit,wav2vec2-medium,method_28_counter,28,counter,7,5,True,-1.04647,True
lit,wav2vec2-medium,method_29,29,regular,3,1,True,-2.00821,True
lit,wav2vec2-medium,method_29,29,regular,3,2,True,-2.10635,True
lit,wav2vec2-medium,method_29,29,regular,3,3,True,-2.0783,True
lit,wav2vec2-medium,method_29,29,regular,3,4,True,-2.11913,True
lit,wav2vec2-medium,method_29,29,regular,3,5,True,-2.03301,True
lit,wav2vec2-medium,method_29,29,regular,5,1,True,-1.71185,True
lit,wav2vec2-medium,method_29,29,regular,5,2,True,-1.74617,True
lit,wav2vec2-medium,method_29,29,regular,5,3,True,-1.7347,True
lit,wav2vec2-medium,method_29,29,regular,5,4,True,-1.83024,True
lit,wav2vec2-medium,method_29,29,regular,5,5,True,-1.70846,True
lit,wav2vec2-medium,method_29,29,regular,7,1,True,-1.89644,True
lit,wav2vec2-medium,method_29,29,regular,7,2,True,-1.93621,True
lit,wav2vec2-medium,method_29,29,regular,7,3,True,-1.80327,True
lit,wav2vec2-medium,method_29,29,regular,7,4,True,-1.87912,True
lit,wav2vec2-medium,method_29,29,regular,7,5,True,-1.944,True
lit,wav2vec2-medium,method_29_counter,29,counter,3,1,True,-1.35229,True
lit,wav2vec2-medium,method_29_counter,29,counter,3,2,True,-1.33422,True
lit,wav2vec2-medium,method_29_counter,29,counter,3,3,True,-1.19736,True
lit,wav2vec2-medium,method_29_counter,29,counter,3,4,True,-1.23564,True
lit,wav2vec2-medium,method_29_counter,29,counter,3,5,True,-1.32878,True
lit,wav2vec2-medium,method_29_counter,29,counter,5,1,True,-1.34138,True
lit,wav2vec2-medium,method_29_counter,29,counter,5,2,True,-1.16494,True
lit,wav2vec2-medium,method_29_counter,29,counter,5,3,True,-1.24047,True
lit,wav2vec2-medium,method_29_counter,29,counter,5,4,True,-1.33426,True
lit,wav2vec2-medium,method_29_counter,29,counter,5,5,True,-1.08817,True
lit,wav2vec2-medium,method_29_counter,29,counter,7,1,True,-1.25966,True
lit,wav2vec2-medium,method_29_counter,29,counter,7,2,True,-1.03525,True
lit,wav2vec2-medium,method_29_counter,29,counter,7,3,True,-1.27699,True
lit,wav2vec2-medium,method_29_counter,29,counter,7,4,True,-1.0712,True
lit,wav2vec2-medium,method_29_counter,29,counter,7,5,True,-1.05841,True
lit,wav2vec2-medium,method_30,30,regular,3,1,True,-2.09062,True
lit,wav2vec2-medium,method_30,30,regular,3,2,True,-2.02122,True
lit,wav2vec2-medium,method_30,30,regular,3,3,True,-2.07545,True
lit,wav2vec2-medium,method_30,30,regular,3,4,True,-1.93202,True
lit,wav2vec2-medium,method_30,30,regular,3,5,True,-1.91546,True
lit,wav2vec2-medium,method_30,30,regular,5,1,True,-1.77812,True
lit,wav2vec2-medium,method_30,30,regular,5,2,True,-1.72272,True
lit,wav2vec2-medium,method_30,30,regular,5,3,True,-1.73804,True
lit,wav2vec2-medium,method_30,30,regular,5,4,True,-1.74969,True
lit,wav2vec2-medium,method_30,30,regular,5,5,True,-1.6965,True
lit,wav2vec2-medium,method_30,30,regular,7,1,True,-1.86354,True
lit,wav2vec2-medium,method_30,30,regular,7,2,True,-1.88892,True
lit,wav2vec2-medium,method_30,30,regular,7,3,True,-1.92291,True
lit,wav2vec2-medium,method_30,30,regular,7,4,True,-1.87779,True
lit,wav2vec2-medium,method_30,30,regular,7,5,True,-1.83547,True
lit,wav2vec2-medium,method_30_counter,30,counter,3,1,True,-1.33712,True
lit,wav2vec2-medium,method_30_counter,30,counter,3,2,True,-1.18599,True
lit,wav2vec2-medium,method_30_counter,30,counter,3,3,True,-1.25828,True
lit,wav2vec2-medium,method_30_counter,30,counter,3,4,True,-1.41014,True
lit,wav2vec2-medium,method_30_counter,30,counter,3,5,True,-1.41667,True
lit,wav2vec2-medium,method_30_counter,30,counter,5,1,True,-1.2891,True
lit,wav2vec2-medium,method_30_counter,30,counter,5,2,True,-1.24829,True
lit,wav2vec2-medium,method_30_counter,30,counter,5,3,True,-1.14689,True
lit,wav2vec2-medium,method_30_counter,30,counter,5,4,True,-1.37532,True
lit,wav2vec2-medium,method_30_counter,30,counter,5,5,True,-1.19784,True
lit,wav2vec2-medium,method_30_counter,30,counter,7,1,True,-1.28625,True
lit,wav2vec2-medium,method_30_counter,30,counter,7,2,True,-1.1865,True
lit,wav2vec2-medium,method_30_counter,30,counter,7,3,True,-1.11457,True
lit,wav2vec2-medium,method_30_counter,30,counter,7,4,True,-1.13728,True
lit,wav2vec2-medium,method_30_counter,30,counter,7,5,True,-1.16903,True
lit,wav2vec2-medium,method_31,31,regular,3,1,True,-1.9942,True
lit,wav2vec2-medium,method_31,31,regular,3,2,True,-2.01945,True
lit,wav2vec2-medium,method_31,31,regular,3,3,True,-1.94689,True
lit,wav2vec2-medium,method_31,31,regular,3,4,True,-1.96808,True
lit,wav2vec2-medium,method_31,31,regular,3,5,True,-2.08997,True
lit,wav2vec2-medium,method_31,31,regular,5,1,True,-1.73793,True
lit,wav2vec2-medium,method_31,31,regular,5,2,True,-1.75909,True
lit,wav2vec2-medium,method_31,31,regular,5,3,True,-1.66352,True
lit,wav2vec2-medium,method_31,31,regular,5,4,True,-1.68695,True
lit,wav2vec2-medium,method_31,31,regular,5,5,True,-1.75909,True
lit,wav2vec2-medium,method_31,31,regular,7,1,True,-1.81858,True
lit,wav2vec2-medium,method_31,31,regular,7,2,True,-1.86622,True
lit,wav2vec2-medium,method_31,31,regular,7,3,True,-1.83665,True
lit,wav2vec2-medium,method_31,31,regular,7,4,True,-1.94304,True
lit,wav2vec2-medium,method_31,31,regular,7,5,True,-1.87633,True
lit,wav2vec2-medium,method_31_counter,31,counter,3,1,True,-1.26629,True
lit,wav2vec2-medium,method_31_counter,31,counter,3,2,True,-1.20022,True
lit,wav2vec2-medium,method_31_counter,31,counter,3,3,True,-1.16965,True
lit,wav2vec2-medium,method_31_counter,31,counter,3,4,True,-1.29833,True
lit,wav2vec2-medium,method_31_counter,31,counter,3,5,True,-1.13446,True
lit,wav2vec2-medium,method_31_counter,31,counter,5,1,True,-1.26269,True
lit,wav2vec2-medium,method_31_counter,31,counter,5,2,True,-1.11842,True
lit,wav2vec2-medium,method_31_counter,31,counter,5,3,True,-1.19196,True
lit,wav2vec2-medium,method_31_counter,31,counter,5,4,True,-1.19856,True
lit,wav2vec2-medium,method_31_counter,31,counter,5,5,True,-1.11842,True
lit,wav2vec2-medium,method_31_counter,31,counter,7,1,True,-1.18089,True
lit,wav2vec2-medium,method_31_counter,31,counter,7,2,True,-1.13818,True
lit,wav2vec2-medium,method_31_counter,31,counter,7,3,True,-1.22462,True
lit,wav2vec2-medium,method_31_counter,31,counter,7,4,True,-1.03906,True
lit,wav2vec2-medium,method_31_counter,31,counter,7,5,True,-1.34075,True
lit,wav2vec2-medium,method_32,32,regular,3,1,True,-1.91916,True
lit,wav2vec2-medium,method_32,32,regular,3,2,True,-1.93678,True
lit,wav2vec2-medium,method_32,32,regular,3,3,True,-2.0227,True
lit,wav2vec2-medium,method_32,32,regular,3,4,True,-2.03038,True
lit,wav2vec2-medium,method_32,32,regular,3,5,True,-2.00261,True
lit,wav2vec2-medium,method_32,32,regular,5,1,True,-1.67746,True
lit,wav2vec2-medium,method_32,32,regular,5,2,True,-1.75828,True
lit,wav2vec2-medium,method_32,32,regular,5,3,True,-1.75038,True
lit,wav2vec2-medium,method_32,32,regular,5,4,True,-1.76999,True
lit,wav2vec2-medium,method_32,32,regular,5,5,True,-1.73467,True
lit,wav2vec2-medium,method_32,32,regular,7,1,True,-1.88206,True
lit,wav2vec2-medium,method_32,32,regular,7,2,True,-1.88079,True
lit,wav2vec2-medium,method_32,32,regular,7,3,True,-1.87725,True
lit,wav2vec2-medium,method_32,32,regular,7,4,True,-1.8966,True
lit,wav2vec2-medium,method_32,32,regular,7,5,True,-1.88228,True
lit,wav2vec2-medium,method_32_counter,32,counter,3,1,True,-1.35945,True
lit,wav2vec2-medium,method_32_counter,32,counter,3,2,True,-1.15793,True
lit,wav2vec2-medium,method_32_counter,32,counter,3,3,True,-1.28759,True
lit,wav2vec2-medium,method_32_counter,32,counter,3,4,True,-1.15774,True
lit,wav2vec2-medium,method_32_counter,32,counter,3,5,True,-1.30932,True
lit,wav2vec2-medium,method_32_counter,32,counter,5,1,True,-1.15806,True
lit,wav2vec2-medium,method_32_counter,32,counter,5,2,True,-1.10665,True
lit,wav2vec2-medium,method_32_counter,32,counter,5,3,True,-1.12267,True
lit,wav2vec2-medium,method_32_counter,32,counter,5,4,True,-1.1568,True
lit,wav2vec2-medium,method_32_counter,32,counter,5,5,True,-1.37351,True
lit,wav2vec2-medium,method_32_counter,32,counter,7,1,True,-1.19159,True
lit,wav2vec2-medium,method_32_counter,32,counter,7,2,True,-1.10645,True
lit,wav2vec2-medium,method_32_counter,32,counter,7,3,True,-1.09411,True
lit,wav2vec2-medium,method_32_counter,32,counter,7,4,True,-1.06086,True
lit,wav2vec2-medium,method_32_counter,32,counter,7,5,True,-1.07337,True
lit,wav2vec2-medium,method_33,33,regular,3,1,True,-2.64086,True
lit,wav2vec2-medium,method_33,33,regular,3,2,True,-1.92872,True
lit,wav2vec2-medium,method_33,33,regular,3,3,True,-2.61587,True
lit,wav2vec2-medium,method_33,33,regular,3,4,True,-2.25606,True
lit,wav2vec2-medium,method_33,33,regular,3,5,True,-2.50225,True
lit,wav2vec2-medium,method_33,33,regular,5,1,True,-1.53478,True
lit,wav2vec2-medium,method_33,33,regular,5,2,True,-1.86565,True
lit,wav2vec2-medium,method_33,33,regular,5,3,True,-2.19993,True
lit,wav2vec2-medium,method_33,33,regular,5,4,True,-2.20424,True
lit,wav2vec2-medium,method_33,33,regular,5,5,True,-2.20992,True
lit,wav2vec2-medium,method_33,33,regular,7,1,True,-1.84647,True
lit,wav2vec2-medium,method_33,33,regular,7,2,True,-1.84602,True
lit,wav2vec2-medium,method_33,33,regular,7,3,True,-1.5255,True
lit,wav2vec2-medium,method_33,33,regular,7,4,True,-2.19294,True
lit,wav2vec2-medium,method_33,33,regular,7,5,True,-1.84647,True
lit,wav2vec2-medium,method_33_counter,33,counter,3,1,True,-0.08801,False
lit,wav2vec2-medium,method_33_counter,33,counter,3,2,True,-0.37252,False
lit,wav2vec2-medium,method_33_counter,33,counter,3,3,True,-0.12852,False
lit,wav2vec2-medium,method_33_counter,33,counter,3,4,True,-0.28696,False
lit,wav2vec2-medium,method_33_counter,33,counter,3,5,True,-0.20984,False
lit,wav2vec2-medium,method_33_counter,33,counter,5,1,True,-0.50594,False
lit,wav2vec2-medium,method_33_counter,33,counter,5,2,True,-0.42116,False
lit,wav2vec2-medium,method_33_counter,33,counter,5,3,True,-0.32647,False
lit,wav2vec2-medium,method_33_counter,33,counter,5,4,True,-0.32877,False
lit,wav2vec2-medium,method_33_counter,33,counter,5,5,True,-0.32706,False
lit,wav2vec2-medium,method_33_counter,33,counter,7,1,True,-0.43584,False
lit,wav2vec2-medium,method_33_counter,33,counter,7,2,True,-0.43585,False
lit,wav2vec2-medium,method_33_counter,33,counter,7,3,True,-0.51286,False
lit,wav2vec2-medium,method_33_counter,33,counter,7,4,True,-0.33602,False
lit,wav2vec2-medium,method_33_counter,33,counter,7,5,True,-0.43584,False
lit,wav2vec2-medium,method_37,37,regular,3,1,True,-0.33767,False
lit,wav2vec2-medium,method_37,37,regular,3,2,True,-0.24901,False
lit,wav2vec2-medium,method_37,37,regular,3,3,True,-0.20295,False
lit,wav2vec2-medium,method_37,37,regular,3,4,True,-0.20815,False
lit,wav2vec2-medium,method_37,37,regular,3,5,True,-0.18742,False
lit,wav2vec2-medium,method_37,37,regular,5,1,True,-0.21389,False
lit,wav2vec2-medium,method_37,37,regular,5,2,True,-0.19475,False
lit,wav2vec2-medium,method_37,37,regular,5,3,True,-0.19981,False
lit,wav2vec2-medium,method_37,37,regular,5,4,True,-0.11867,False
lit,wav2vec2-medium,method_37,37,regular,5,5,True,-0.22516,False
lit,wav2vec2-medium,method_37,37,regular,7,1,True,-0.29085,False
lit,wav2vec2-medium,method_37,37,regular,7,2,True,-0.26446,False
lit,wav2vec2-medium,method_37,37,regular,7,3,True,-0.28994,False
lit,wav2vec2-medium,method_37,37,regular,7,4,True,-0.25259,False
lit,wav2vec2-medium,method_37,37,regular,7,5,True,-0.24452,False
lit,wav2vec2-medium,method_37_counter,37,counter,3,1,True,-0.99426,True
lit,wav2vec2-medium,method_37_counter,37,counter,3,2,True,-0.95984,True
lit,wav2vec2-medium,method_37_counter,37,counter,3,3,True,-0.86932,True
lit,wav2vec2-medium,method_37_counter,37,counter,3,4,True,-0.86681,True
lit,wav2vec2-medium,method_37_counter,37,counter,3,5,True,-0.79537,True
lit,wav2vec2-medium,method_37_counter,37,counter,5,1,True,-0.90415,True
lit,wav2vec2-medium,method_37_counter,37,counter,5,2,True,-0.88614,True
lit,wav2vec2-medium,method_37_counter,37,counter,5,3,True,-0.92499,True
lit,wav2vec2-medium,method_37_counter,37,counter,5,4,True,-0.83155,True
lit,wav2vec2-medium,method_37_counter,37,counter,5,5,True,-0.94714,True
lit,wav2vec2-medium,method_37_counter,37,counter,7,1,True,-0.92239,True
lit,wav2vec2-medium,method_37_counter,37,counter,7,2,True,-0.89224,True
lit,wav2vec2-medium,method_37_counter,37,counter,7,3,True,-0.92085,True
lit,wav2vec2-medium,method_37_counter,37,counter,7,4,True,-0.87298,True
lit,wav2vec2-medium,method_37_counter,37,counter,7,5,True,-0.85554,True
lit,wav2vec2-medium,method_43,43,regular,3,1,False,0.22914,False
lit,wav2vec2-medium,method_43,43,regular,3,2,False,0.18372,False
lit,wav2vec2-medium,method_43,43,regular,3,3,False,0.23461,False
lit,wav2vec2-medium,method_43,43,regular,3,4,False,0.2922,False
lit,wav2vec2-medium,method_43,43,regular,3,5,False,0.12257,False
lit,wav2vec2-medium,method_43,43,regular,5,1,False,0.30622,False
lit,wav2vec2-medium,method_43,43,regular,5,2,False,0.36822,False
lit,wav2vec2-medium,method_43,43,regular,5,3,False,0.30622,False
lit,wav2vec2-medium,method_43,43,regular,5,4,False,0.30635,False
lit,wav2vec2-medium,method_43,43,regular,5,5,False,0.21724,False
lit,wav2vec2-medium,method_43,43,regular,7,1,False,0.21361,False
lit,wav2vec2-medium,method_43,43,regular,7,2,False,0.21361,False
lit,wav2vec2-medium,method_43,43,regular,7,3,False,0.37347,False
lit,wav2vec2-medium,method_43,43,regular,7,4,False,0.37347,False
lit,wav2vec2-medium,method_43,43,regular,7,5,False,0.31245,False
lit,wav2vec2-medium,method_43_counter,43,counter,3,1,True,-0.52261,False
lit,wav2vec2-medium,method_43_counter,43,counter,3,2,True,-0.59869,False
lit,wav2vec2-medium,method_43_counter,43,counter,3,3,True,-0.52464,False
lit,wav2vec2-medium,method_43_counter,43,counter,3,4,True,-0.56682,False
lit,wav2vec2-medium,method_43_counter,43,counter,3,5,True,-0.67392,False
lit,wav2vec2-medium,method_43_counter,43,counter,5,1,True,-0.65231,False
lit,wav2vec2-medium,method_43_counter,43,counter,5,2,True,-0.72567,False
lit,wav2vec2-medium,method_43_counter,43,counter,5,3,True,-0.65231,False
lit,wav2vec2-medium,method_43_counter,43,counter,5,4,True,-0.65241,False
lit,wav2vec2-medium,method_43_counter,43,counter,5,5,True,-0.53733,False
lit,wav2vec2-medium,method_43_counter,43,counter,7,1,True,-0.50147,False
lit,wav2vec2-medium,method_43_counter,43,counter,7,2,True,-0.50147,False
lit,wav2vec2-medium,method_43_counter,43,counter,7,3,True,-0.72604,False
lit,wav2vec2-medium,method_43_counter,43,counter,7,4,True,-0.72604,False
lit,wav2vec2-medium,method_43_counter,43,counter,7,5,True,-0.65275,False
lit,wav2vec2-medium,method_44,44,regular,3,1,True,-0.52338,False
lit,wav2vec2-medium,method_44,44,regular,3,2,True,-0.5104,False
lit,wav2vec2-medium,method_44,44,regular,3,3,True,-0.17071,False
lit,wav2vec2-medium,method_44,44,regular,3,4,True,-0.55666,False
lit,wav2vec2-medium,method_44,44,regular,3,5,True,-0.44897,False
lit,wav2vec2-medium,method_44,44,regular,5,1,True,-0.05627,False
lit,wav2vec2-medium,method_44,44,regular,5,2,True,-0.47602,False
lit,wav2vec2-medium,method_44,44,regular,5,3,True,-0.40673,False
lit,wav2vec2-medium,method_44,44,regular,5,4,False,0.23984,False
lit,wav2vec2-medium,method_44,44,regular,5,5,True,-0.24406,False
lit,wav2vec2-medium,method_44,44,regular,7,1,True,-0.25664,False
lit,wav2vec2-medium,method_44,44,regular,7,2,False,0.72635,False
lit,wav2vec2-medium,method_44,44,regular,7,3,True,-0.15123,False
lit,wav2vec2-medium,method_44,44,regular,7,4,False,0.29638,False
lit,wav2vec2-medium,method_44,44,regular,7,5,False,0.24081,False
lit,wav2vec2-medium,method_44_counter,44,counter,3,1,True,-1.26311,True
lit,wav2vec2-medium,method_44_counter,44,counter,3,2,True,-1.38126,True
lit,wav2vec2-medium,method_44_counter,44,counter,3,3,True,-1.77589,True
lit,wav2vec2-medium,method_44_counter,44,counter,3,4,True,-1.27689,True
lit,wav2vec2-medium,method_44_counter,44,counter,3,5,True,-1.473,True
lit,wav2vec2-medium,method_44_counter,44,counter,5,1,True,-1.97923,True
lit,wav2vec2-medium,method_44_counter,44,counter,5,2,True,-1.42532,True
lit,wav2vec2-medium,method_44_counter,44,counter,5,3,True,-1.54129,True
lit,wav2vec2-medium,method_44_counter,44,counter,5,4,True,-1.95727,True
lit,wav2vec2-medium,method_44_counter,44,counter,5,5,True,-1.70434,True
lit,wav2vec2-medium,method_44_counter,44,counter,7,1,True,-1.71398,True
lit,wav2vec2-medium,method_44_counter,44,counter,7,2,True,-2.07625,True
lit,wav2vec2-medium,method_44_counter,44,counter,7,3,True,-1.83378,True
lit,wav2vec2-medium,method_44_counter,44,counter,7,4,True,-2.10454,True
lit,wav2vec2-medium,method_44_counter,44,counter,7,5,True,-1.95045,True
lit,wav2vec2-medium,method_53,53,regular,3,1,True,-1.26879,True
lit,wav2vec2-medium,method_53,53,regular,3,2,True,-1.42248,True
lit,wav2vec2-medium,method_53,53,regular,3,3,True,-1.38695,True
lit,wav2vec2-medium,method_53,53,regular,3,4,True,-1.29336,True
lit,wav2vec2-medium,method_53,53,regular,3,5,True,-1.3626,True
lit,wav2vec2-medium,method_53,53,regular,5,1,True,-0.65816,False
lit,wav2vec2-medium,method_53,53,regular,5,2,True,-0.86769,True
lit,wav2vec2-medium,method_53,53,regular,5,3,True,-0.88826,True
lit,wav2vec2-medium,method_53,53,regular,5,4,True,-0.92669,True
lit,wav2vec2-medium,method_53,53,regular,5,5,True,-0.73734,False
lit,wav2vec2-medium,method_53,53,regular,7,1,True,-1.17369,True
lit,wav2vec2-medium,method_53,53,regular,7,2,True,-1.12462,True
lit,wav2vec2-medium,method_53,53,regular,7,3,True,-1.14731,True
lit,wav2vec2-medium,method_53,53,regular,7,4,True,-1.14306,True
lit,wav2vec2-medium,method_53,53,regular,7,5,True,-1.04184,True
lit,wav2vec2-medium,method_53_counter,53,counter,3,1,True,-1.90006,True
lit,wav2vec2-medium,method_53_counter,53,counter,3,2,True,-1.27496,True
lit,wav2vec2-medium,method_53_counter,53,counter,3,3,True,-1.55707,True
lit,wav2vec2-medium,method_53_counter,53,counter,3,4,True,-1.89585,True
lit,wav2vec2-medium,method_53_counter,53,counter,3,5,True,-1.58837,True
lit,wav2vec2-medium,method_53_counter,53,counter,5,1,True,-1.99516,True
lit,wav2vec2-medium,method_53_counter,53,counter,5,2,True,-0.83661,True
lit,wav2vec2-medium,method_53_counter,53,counter,5,3,True,-0.95715,True
lit,wav2vec2-medium,method_53_counter,53,counter,5,4,True,-1.95491,True
lit,wav2vec2-medium,method_53_counter,53,counter,5,5,True,-1.72076,True
lit,wav2vec2-medium,method_53_counter,53,counter,7,1,True,-0.96985,True
lit,wav2vec2-medium,method_53_counter,53,counter,7,2,True,-1.67693,True
lit,wav2vec2-medium,method_53_counter,53,counter,7,3,True,-0.72639,False
lit,wav2vec2-medium,method_53_counter,53,counter,7,4,True,-0.94236,True
lit,wav2vec2-medium,method_53_counter,53,counter,7,5,True,-0.83726,True
lit,wav2vec2-medium,method_55,55,regular,3,1,True,-0.25158,False
lit,wav2vec2-medium,method_55,55,regular,3,2,True,-0.41409,False
lit,wav2vec2-medium,method_55,55,regular,3,3,True,-0.48088,False
lit,wav2vec2-medium,method_55,55,regular,3,4,True,-0.24703,False
lit,wav2vec2-medium,method_55,55,regular,3,5,True,-0.8756,True
lit,wav2vec2-medium,method_55,55,regular,5,1,True,-0.97431,True
lit,wav2vec2-medium,method_55,55,regular,5,2,True,-0.48798,False
lit,wav2vec2-medium,method_55,55,regular,5,3,True,-0.56564,False
lit,wav2vec2-medium,method_55,55,regular,5,4,True,-0.97431,True
lit,wav2vec2-medium,method_55,55,regular,5,5,True,-0.91408,True
lit,wav2vec2-medium,method_55,55,regular,7,1,True,-0.57527,False
lit,wav2vec2-medium,method_55,55,regular,7,2,True,-0.90531,True
lit,wav2vec2-medium,method_55,55,regular,7,3,True,-0.29978,False
lit,wav2vec2-medium,method_55,55,regular,7,4,True,-0.48225,False
lit,wav2vec2-medium,method_55,55,regular,7,5,True,-0.94496,True
lit,wav2vec2-medium,method_55_counter,55,counter,3,1,True,-1.93599,True
lit,wav2vec2-medium,method_55_counter,55,counter,3,2,True,-1.57198,True
lit,wav2vec2-medium,method_55_counter,55,counter,3,3,True,-2.21065,True
lit,wav2vec2-medium,method_55_counter,55,counter,3,4,True,-1.73888,True
lit,wav2vec2-medium,method_55_counter,55,counter,3,5,True,-2.31387,True
lit,wav2vec2-medium,method_55_counter,55,counter,5,1,True,-2.26389,True
lit,wav2vec2-medium,method_55_counter,55,counter,5,2,True,-2.23631,True
lit,wav2vec2-medium,method_55_counter,55,counter,5,3,True,-1.50208,True
lit,wav2vec2-medium,method_55_counter,55,counter,5,4,True,-2.26389,True
lit,wav2vec2-medium,method_55_counter,55,counter,5,5,True,-2.35079,True
lit,wav2vec2-medium,method_55_counter,55,counter,7,1,True,-1.49395,True
lit,wav2vec2-medium,method_55_counter,55,counter,7,2,True,-2.34062,True
lit,wav2vec2-medium,method_55_counter,55,counter,7,3,True,-1.98117,True
lit,wav2vec2-medium,method_55_counter,55,counter,7,4,True,-2.22467,True
lit,wav2vec2-medium,method_55_counter,55,counter,7,5,True,-2.26569,True
lit,wav2vec2-medium,method_60,60,regular,3,1,True,-1.41368,True
lit,wav2vec2-medium,method_60,60,regular,3,2,True,-1.00062,True
lit,wav2vec2-medium,method_60,60,regular,3,3,True,-1.1947,True
lit,wav2vec2-medium,method_60,60,regular,3,4,True,-1.01451,True
lit,wav2vec2-medium,method_60,60,regular,3,5,True,-1.08123,True
lit,wav2vec2-medium,method_60,60,regular,5,1,True,-1.10691,True
lit,wav2vec2-medium,method_60,60,regular,5,2,True,-0.97484,True
lit,wav2vec2-medium,method_60,60,regular,5,3,True,-0.78315,True
lit,wav2vec2-medium,method_60,60,regular,5,4,True,-0.89404,True
lit,wav2vec2-medium,method_60,60,regular,5,5,True,-1.18227,True
lit,wav2vec2-medium,method_60,60,regular,7,1,True,-1.06348,True
lit,wav2vec2-medium,method_60,60,regular,7,2,True,-1.00015,True
lit,wav2vec2-medium,method_60,60,regular,7,3,True,-1.04664,True
lit,wav2vec2-medium,method_60,60,regular,7,4,True,-1.01035,True
lit,wav2vec2-medium,method_60,60,regular,7,5,True,-0.98445,True
lit,wav2vec2-medium,method_60_counter,60,counter,3,1,True,0.43309,False
lit,wav2vec2-medium,method_60_counter,60,counter,3,2,True,0.40268,False
lit,wav2vec2-medium,method_60_counter,60,counter,3,3,True,0.10369,False
lit,wav2vec2-medium,method_60_counter,60,counter,3,4,True,-0.02019,False
lit,wav2vec2-medium,method_60_counter,60,counter,3,5,True,0.7244,False
lit,wav2vec2-medium,method_60_counter,60,counter,5,1,True,-0.85057,True
lit,wav2vec2-medium,method_60_counter,60,counter,5,2,True,-0.87202,True
lit,wav2vec2-medium,method_60_counter,60,counter,5,3,True,-0.80669,True
lit,wav2vec2-medium,method_60_counter,60,counter,5,4,True,-0.57789,False
lit,wav2vec2-medium,method_60_counter,60,counter,5,5,True,-0.84163,True
lit,wav2vec2-medium,method_60_counter,60,counter,7,1,True,-0.86369,True
lit,wav2vec2-medium,method_60_counter,60,counter,7,2,True,-0.78545,True
lit,wav2vec2-medium,method_60_counter,60,counter,7,3,True,-0.85101,True
lit,wav2vec2-medium,method_60_counter,60,counter,7,4,True,-0.7223,False
lit,wav2vec2-medium,method_60_counter,60,counter,7,5,True,-0.83274,True
lit,wav2vec2-medium,method_72,72,regular,3,1,True,-0.93205,True
lit,wav2vec2-medium,method_72,72,regular,3,2,True,-1.20158,True
lit,wav2vec2-medium,method_72,72,regular,3,3,True,-1.22627,True
lit,wav2vec2-medium,method_72,72,regular,3,4,True,-1.24338,True
lit,wav2vec2-medium,method_72,72,regular,3,5,True,-0.8377,True
lit,wav2vec2-medium,method_72,72,regular,5,1,True,-0.73944,False
lit,wav2vec2-medium,method_72,72,regular,5,2,True,-0.66114,False
lit,wav2vec2-medium,method_72,72,regular,5,3,True,-1.01375,True
lit,wav2vec2-medium,method_72,72,regular,5,4,True,-0.84825,True
lit,wav2vec2-medium,method_72,72,regular,5,5,True,-1.00981,True
lit,wav2vec2-medium,method_72,72,regular,7,1,True,-0.73944,False
lit,wav2vec2-medium,method_72,72,regular,7,2,True,-0.66893,False
lit,wav2vec2-medium,method_72,72,regular,7,3,True,-0.85687,True
lit,wav2vec2-medium,method_72,72,regular,7,4,True,-0.74005,False
lit,wav2vec2-medium,method_72,72,regular,7,5,True,-0.66893,False
lit,wav2vec2-medium,method_72_counter,72,counter,3,1,True,-0.65452,False
lit,wav2vec2-medium,method_72_counter,72,counter,3,2,True,-0.4009,False
lit,wav2vec2-medium,method_72_counter,72,counter,3,3,True,-0.39917,False
lit,wav2vec2-medium,method_72_counter,72,counter,3,4,True,-0.40478,False
lit,wav2vec2-medium,method_72_counter,72,counter,3,5,True,-0.9176,True
lit,wav2vec2-medium,method_72_counter,72,counter,5,1,True,-0.97801,True
lit,wav2vec2-medium,method_72_counter,72,counter,5,2,True,-1.31592,True
lit,wav2vec2-medium,method_72_counter,72,counter,5,3,True,-0.57082,False
lit,wav2vec2-medium,method_72_counter,72,counter,5,4,True,-0.73719,False
lit,wav2vec2-medium,method_72_counter,72,counter,5,5,True,-0.57598,False
lit,wav2vec2-medium,method_72_counter,72,counter,7,1,True,-0.98667,True
lit,wav2vec2-medium,method_72_counter,72,counter,7,2,True,-1.31717,True
lit,wav2vec2-medium,method_72_counter,72,counter,7,3,True,-0.74088,False
lit,wav2vec2-medium,method_72_counter,72,counter,7,4,True,-0.98678,True
lit,wav2vec2-medium,method_72_counter,72,counter,7,5,True,-1.31717,True
lit,wav2vec2-medium,method_74,74,regular,3,1,True,-1.21142,True
lit,wav2vec2-medium,method_74,74,regular,3,2,True,-1.2665,True
lit,wav2vec2-medium,method_74,74,regular,3,3,True,-1.25764,True
lit,wav2vec2-medium,method_74,74,regular,3,4,True,-1.11667,True
lit,wav2vec2-medium,method_74,74,regular,3,5,True,-1.254,True
lit,wav2vec2-medium,method_74,74,regular,5,1,True,-1.13588,True
lit,wav2vec2-medium,method_74,74,regular,5,2,True,-1.13588,True
lit,wav2vec2-medium,method_74,74,regular,5,3,True,-1.13588,True
lit,wav2vec2-medium,method_74,74,regular,5,4,True,-1.13588,True
lit,wav2vec2-medium,method_74,74,regular,5,5,True,-1.13588,True
lit,wav2vec2-medium,method_74,74,regular,7,1,True,-1.15081,True
lit,wav2vec2-medium,method_74,74,regular,7,2,True,-1.15081,True
lit,wav2vec2-medium,method_74,74,regular,7,3,True,-1.15081,True
lit,wav2vec2-medium,method_74,74,regular,7,4,True,-1.15081,True
lit,wav2vec2-medium,method_74,74,regular,7,5,True,-1.15081,True
lit,wav2vec2-medium,method_74_counter,74,counter,3,1,True,-0.39562,False
lit,wav2vec2-medium,method_74_counter,74,counter,3,2,True,-0.27562,False
lit,wav2vec2-medium,method_74_counter,74,counter,3,3,True,-0.2724,False
lit,wav2vec2-medium,method_74_counter,74,counter,3,4,True,-0.06976,False
lit,wav2vec2-medium,method_74_counter,74,counter,3,5,True,-0.27315,False
lit,wav2vec2-medium,method_74_counter,74,counter,5,1,True,-0.07318,False
lit,wav2vec2-medium,method_74_counter,74,counter,5,2,True,-0.07318,False
lit,wav2vec2-medium,method_74_counter,74,counter,5,3,True,-0.07318,False
lit,wav2vec2-medium,method_74_counter,74,counter,5,4,True,-0.07318,False
lit,wav2vec2-medium,method_74_counter,74,counter,5,5,True,-0.07318,False
lit,wav2vec2-medium,method_74_counter,74,counter,7,1,True,-0.08284,False
lit,wav2vec2-medium,method_74_counter,74,counter,7,2,True,-0.08284,False
lit,wav2vec2-medium,method_74_counter,74,counter,7,3,True,-0.08284,False
lit,wav2vec2-medium,method_74_counter,74,counter,7,4,True,-0.08284,False
lit,wav2vec2-medium,method_74_counter,74,counter,7,5,True,-0.08284,False
lit,wav2vec2-medium,method_75,75,regular,3,1,True,-1.08214,True
lit,wav2vec2-medium,method_75,75,regular,3,2,True,-1.27547,True
lit,wav2vec2-medium,method_75,75,regular,3,3,True,-1.26952,True
lit,wav2vec2-medium,method_75,75,regular,3,4,True,-0.8088,True
lit,wav2vec2-medium,method_75,75,regular,3,5,True,-1.3115,True
lit,wav2vec2-medium,method_75,75,regular,5,1,True,-1.02603,True
lit,wav2vec2-medium,method_75,75,regular,5,2,True,-1.00752,True
lit,wav2vec2-medium,method_75,75,regular,5,3,True,-0.73257,False
lit,wav2vec2-medium,method_75,75,regular,5,4,True,-1.00791,True
lit,wav2vec2-medium,method_75,75,regular,5,5,True,-0.87567,True
lit,wav2vec2-medium,method_75,75,regular,7,1,True,-0.88607,True
lit,wav2vec2-medium,method_75,75,regular,7,2,True,-0.85652,True
lit,wav2vec2-medium,method_75,75,regular,7,3,True,-0.85716,True
lit,wav2vec2-medium,method_75,75,regular,7,4,True,-0.7391,False
lit,wav2vec2-medium,method_75,75,regular,7,5,True,-0.73881,False
lit,wav2vec2-medium,method_75_counter,75,counter,3,1,True,-0.49869,False
lit,wav2vec2-medium,method_75_counter,75,counter,3,2,True,-0.35067,False
lit,wav2vec2-medium,method_75_counter,75,counter,3,3,True,-0.37383,False
lit,wav2vec2-medium,method_75_counter,75,counter,3,4,True,-0.89846,True
lit,wav2vec2-medium,method_75_counter,75,counter,3,5,True,-0.32434,False
lit,wav2vec2-medium,method_75_counter,75,counter,5,1,True,-0.5835,False
lit,wav2vec2-medium,method_75_counter,75,counter,5,2,True,-0.58002,False
lit,wav2vec2-medium,method_75_counter,75,counter,5,3,True,-0.98018,True
lit,wav2vec2-medium,method_75_counter,75,counter,5,4,True,-0.57918,False
lit,wav2vec2-medium,method_75_counter,75,counter,5,5,True,-0.74403,False
lit,wav2vec2-medium,method_75_counter,75,counter,7,1,True,-0.74784,False
lit,wav2vec2-medium,method_75_counter,75,counter,7,2,True,-0.74194,False
lit,wav2vec2-medium,method_75_counter,75,counter,7,3,True,-0.74159,False
lit,wav2vec2-medium,method_75_counter,75,counter,7,4,True,-0.98664,True
lit,wav2vec2-medium,method_75_counter,75,counter,7,5,True,-0.98607,True
lit,whisper-base,method_09,9,regular,3,1,False,0.41182,False
lit,whisper-base,method_09,9,regular,3,2,False,0.33107,False
lit,whisper-base,method_09,9,regular,3,3,False,0.30879,False
lit,whisper-base,method_09,9,regular,3,4,False,0.39025,False
lit,whisper-base,method_09,9,regular,3,5,False,0.44721,False
lit,whisper-base,method_09,9,regular,5,1,False,0.39706,False
lit,whisper-base,method_09,9,regular,5,2,False,0.37923,False
lit,whisper-base,method_09,9,regular,5,3,False,0.41559,False
lit,whisper-base,method_09,9,regular,5,4,False,0.39516,False
lit,whisper-base,method_09,9,regular,5,5,False,0.41352,False
lit,whisper-base,method_09,9,regular,7,1,False,0.35894,False
lit,whisper-base,method_09,9,regular,7,2,False,0.34571,False
lit,whisper-base,method_09,9,regular,7,3,False,0.41681,False
lit,whisper-base,method_09,9,regular,7,4,False,0.37648,False
lit,whisper-base,method_09,9,regular,7,5,False,0.41753,False
lit,whisper-base,method_09_counter,9,counter,3,1,True,-0.42781,False
lit,whisper-base,method_09_counter,9,counter,3,2,True,-0.39653,False
lit,whisper-base,method_09_counter,9,counter,3,3,True,-0.40015,False
lit,whisper-base,method_09_counter,9,counter,3,4,True,-0.46213,False
lit,whisper-base,method_09_counter,9,counter,3,5,True,-0.46583,False
lit,whisper-base,method_09_counter,9,counter,5,1,True,-0.3394,False
lit,whisper-base,method_09_counter,9,counter,5,2,True,-0.40449,False
lit,whisper-base,method_09_counter,9,counter,5,3,True,-0.42666,False
lit,whisper-base,method_09_counter,9,counter,5,4,True,-0.38013,False
lit,whisper-base,method_09_counter,9,counter,5,5,True,-0.40136,False
lit,whisper-base,method_09_counter,9,counter,7,1,True,-0.2684,False
lit,whisper-base,method_09_counter,9,counter,7,2,True,-0.24126,False
lit,whisper-base,method_09_counter,9,counter,7,3,True,-0.34352,False
lit,whisper-base,method_09_counter,9,counter,7,4,True,-0.33365,False
lit,whisper-base,method_09_counter,9,counter,7,5,True,-0.28617,False
lit,whisper-base,method_10,10,regular,3,1,False,0.17114,False
lit,whisper-base,method_10,10,regular,3,2,False,0.16205,False
lit,whisper-base,method_10,10,regular,3,3,False,0.17997,False
lit,whisper-base,method_10,10,regular,3,4,True,-0.1905,False
lit,whisper-base,method_10,10,regular,3,5,False,0.18103,False
lit,whisper-base,method_10,10,regular,5,1,False,0.12889,False
lit,whisper-base,method_10,10,regular,5,2,False,0.12948,False
lit,whisper-base,method_10,10,regular,5,3,False,0.12476,False
lit,whisper-base,method_10,10,regular,5,4,False,0.12345,False
lit,whisper-base,method_10,10,regular,5,5,False,0.14582,False
lit,whisper-base,method_10,10,regular,7,1,False,0.11801,False
lit,whisper-base,method_10,10,regular,7,2,False,0.10703,False
lit,whisper-base,method_10,10,regular,7,3,False,0.11543,False
lit,whisper-base,method_10,10,regular,7,4,False,0.12267,False
lit,whisper-base,method_10,10,regular,7,5,False,0.11243,False
lit,whisper-base,method_10_counter,10,counter,3,1,True,-0.59564,False
lit,whisper-base,method_10_counter,10,counter,3,2,True,-0.61495,False
lit,whisper-base,method_10_counter,10,counter,3,3,True,-0.61884,False
lit,whisper-base,method_10_counter,10,counter,3,4,True,-0.49219,False
lit,whisper-base,method_10_counter,10,counter,3,5,True,-0.62285,False
lit,whisper-base,method_10_counter,10,counter,5,1,True,-0.39034,False
lit,whisper-base,method_10_counter,10,counter,5,2,True,-0.39947,False
lit,whisper-base,method_10_counter,10,counter,5,3,True,-0.39849,False
lit,whisper-base,method_10_counter,10,counter,5,4,True,-0.3963,False
lit,whisper-base,method_10_counter,10,counter,5,5,True,-0.39099,False
lit,whisper-base,method_10_counter,10,counter,7,1,True,-0.39964,False
lit,whisper-base,method_10_counter,10,counter,7,2,True,-0.40184,False
lit,whisper-base,method_10_counter,10,counter,7,3,True,-0.40493,False
lit,whisper-base,method_10_counter,10,counter,7,4,True,-0.40492,False
lit,whisper-base,method_10_counter,10,counter,7,5,True,-0.39048,False
lit,whisper-base,method_12,12,regular,3,1,True,-0.43172,False
lit,whisper-base,method_12,12,regular,3,2,True,-0.42781,False
lit,whisper-base,method_12,12,regular,3,3,True,-0.42006,False
lit,whisper-base,method_12,12,regular,3,4,True,-0.42668,False
lit,whisper-base,method_12,12,regular,3,5,True,-0.44162,False
lit,whisper-base,method_12,12,regular,5,1,True,-0.44431,False
lit,whisper-base,method_12,12,regular,5,2,True,-0.4432,False
lit,whisper-base,method_12,12,regular,5,3,True,-0.43804,False
lit,whisper-base,method_12,12,regular,5,4,True,-0.44119,False
lit,whisper-base,method_12,12,regular,5,5,True,-0.43815,False
lit,whisper-base,method_12,12,regular,7,1,True,-0.44174,False
lit,whisper-base,method_12,12,regular,7,2,True,-0.45216,False
lit,whisper-base,method_12,12,regular,7,3,True,-0.44782,False
lit,whisper-base,method_12,12,regular,7,4,True,-0.42773,False
lit,whisper-base,method_12,12,regular,7,5,True,-0.42091,False
lit,whisper-base,method_12_counter,12,counter,3,1,True,-0.76467,True
lit,whisper-base,method_12_counter,12,counter,3,2,True,-0.79075,True
lit,whisper-base,method_12_counter,12,counter,3,3,True,-0.73701,False
lit,whisper-base,method_12_counter,12,counter,3,4,True,-0.77467,True
lit,whisper-base,method_12_counter,12,counter,3,5,True,-0.92166,True
lit,whisper-base,method_12_counter,12,counter,5,1,True,-0.76862,True
lit,whisper-base,method_12_counter,12,counter,5,2,True,-0.81071,True
lit,whisper-base,method_12_counter,12,counter,5,3,True,-0.83551,True
lit,whisper-base,method_12_counter,12,counter,5,4,True,-0.8134,True
lit,whisper-base,method_12_counter,12,counter,5,5,True,-0.82643,True
lit,whisper-base,method_12_counter,12,counter,7,1,True,-0.85447,True
lit,whisper-base,method_12_counter,12,counter,7,2,True,-0.79555,True
lit,whisper-base,method_12_counter,12,counter,7,3,True,-0.83586,True
lit,whisper-base,method_12_counter,12,counter,7,4,True,-0.88903,True
lit,whisper-base,method_12_counter,12,counter,7,5,True,-0.87543,True
lit,whisper-base,method_17,17,regular,3,1,True,-1.28333,True
lit,whisper-base,method_17,17,regular,3,2,True,-1.25179,True
lit,whisper-base,method_17,17,regular,3,3,True,-1.29608,True
lit,whisper-base,method_17,17,regular,3,4,True,-1.32376,True
lit,whisper-base,method_17,17,regular,3,5,True,-1.28853,True
lit,whisper-base,method_17,17,regular,5,1,True,-1.16805,True
lit,whisper-base,method_17,17,regular,5,2,True,-1.25146,True
lit,whisper-base,method_17,17,regular,5,3,True,-1.17384,True
lit,whisper-base,method_17,17,regular,5,4,True,-1.17315,True
lit,whisper-base,method_17,17,regular,5,5,True,-1.21592,True
lit,whisper-base,method_17,17,regular,7,1,True,-1.26176,True
lit,whisper-base,method_17,17,regular,7,2,True,-1.23046,True
lit,whisper-base,method_17,17,regular,7,3,True,-1.31604,True
lit,whisper-base,method_17,17,regular,7,4,True,-1.2569,True
lit,whisper-base,method_17,17,regular,7,5,True,-1.27659,True
lit,whisper-base,method_17_counter,17,counter,3,1,True,-1.25914,True
lit,whisper-base,method_17_counter,17,counter,3,2,True,-1.21651,True
lit,whisper-base,method_17_counter,17,counter,3,3,True,-1.22061,True
lit,whisper-base,method_17_counter,17,counter,3,4,True,-1.21566,True
lit,whisper-base,method_17_counter,17,counter,3,5,True,-1.24593,True
lit,whisper-base,method_17_counter,17,counter,5,1,True,-1.34467,True
lit,whisper-base,method_17_counter,17,counter,5,2,True,-1.32584,True
lit,whisper-base,method_17_counter,17,counter,5,3,True,-1.31725,True
lit,whisper-base,method_17_counter,17,counter,5,4,True,-1.36795,True
lit,whisper-base,method_17_counter,17,counter,5,5,True,-1.36194,True
lit,whisper-base,method_17_counter,17,counter,7,1,True,-1.43646,True
lit,whisper-base,method_17_counter,17,counter,7,2,True,-1.47987,True
lit,whisper-base,method_17_counter,17,counter,7,3,True,-1.41337,True
lit,whisper-base,method_17_counter,17,counter,7,4,True,-1.44887,True
lit,whisper-base,method_17_counter,17,counter,7,5,True,-1.4395,True
lit,whisper-base,method_18,18,regular,3,1,True,-1.28444,True
lit,whisper-base,method_18,18,regular,3,2,True,-1.24258,True
lit,whisper-base,method_18,18,regular,3,3,True,-1.36459,True
lit,whisper-base,method_18,18,regular,3,4,True,-1.34281,True
lit,whisper-base,method_18,18,regular,3,5,True,-1.28902,True
lit,whisper-base,method_18,18,regular,5,1,True,-1.16874,True
lit,whisper-base,method_18,18,regular,5,2,True,-1.13545,True
lit,whisper-base,method_18,18,regular,5,3,True,-1.1825,True
lit,whisper-base,method_18,18,regular,5,4,True,-1.30475,True
lit,whisper-base,method_18,18,regular,5,5,True,-1.21241,True
lit,whisper-base,method_18,18,regular,7,1,True,-1.2581,True
lit,whisper-base,method_18,18,regular,7,2,True,-1.23892,True
lit,whisper-base,method_18,18,regular,7,3,True,-1.28644,True
lit,whisper-base,method_18,18,regular,7,4,True,-1.2971,True
lit,whisper-base,method_18,18,regular,7,5,True,-1.27679,True
lit,whisper-base,method_18_counter,18,counter,3,1,True,-1.25896,True
lit,whisper-base,method_18_counter,18,counter,3,2,True,-1.25325,True
lit,whisper-base,method_18_counter,18,counter,3,3,True,-1.20578,True
lit,whisper-base,method_18_counter,18,counter,3,4,True,-1.23022,True
lit,whisper-base,method_18_counter,18,counter,3,5,True,-1.27796,True
lit,whisper-base,method_18_counter,18,counter,5,1,True,-1.34903,True
lit,whisper-base,method_18_counter,18,counter,5,2,True,-1.34062,True
lit,whisper-base,method_18_counter,18,counter,5,3,True,-1.33673,True
lit,whisper-base,method_18_counter,18,counter,5,4,True,-1.32796,True
lit,whisper-base,method_18_counter,18,counter,5,5,True,-1.34817,True
lit,whisper-base,method_18_counter,18,counter,7,1,True,-1.45186,True
lit,whisper-base,method_18_counter,18,counter,7,2,True,-1.45105,True
lit,whisper-base,method_18_counter,18,counter,7,3,True,-1.4214,True
lit,whisper-base,method_18_counter,18,counter,7,4,True,-1.41314,True
lit,whisper-base,method_18_counter,18,counter,7,5,True,-1.42108,True
lit,whisper-base,method_19,19,regular,3,1,True,-1.28036,True
lit,whisper-base,method_19,19,regular,3,2,True,-1.29458,True
lit,whisper-base,method_19,19,regular,3,3,True,-1.32761,True
lit,whisper-base,method_19,19,regular,3,4,True,-1.22255,True
lit,whisper-base,method_19,19,regular,3,5,True,-1.3142,True
lit,whisper-base,method_19,19,regular,5,1,True,-1.21029,True
lit,whisper-base,method_19,19,regular,5,2,True,-1.20107,True
lit,whisper-base,method_19,19,regular,5,3,True,-1.24802,True
lit,whisper-base,method_19,19,regular,5,4,True,-1.23325,True
lit,whisper-base,method_19,19,regular,5,5,True,-1.23156,True
lit,whisper-base,method_19,19,regular,7,1,True,-1.26058,True
lit,whisper-base,method_19,19,regular,7,2,True,-1.27868,True
lit,whisper-base,method_19,19,regular,7,3,True,-1.29478,True
lit,whisper-base,method_19,19,regular,7,4,True,-1.26584,True
lit,whisper-base,method_19,19,regular,7,5,True,-1.2179,True
lit,whisper-base,method_19_counter,19,counter,3,1,True,-1.28682,True
lit,whisper-base,method_19_counter,19,counter,3,2,True,-1.26697,True
lit,whisper-base,method_19_counter,19,counter,3,3,True,-1.24798,True
lit,whisper-base,method_19_counter,19,counter,3,4,True,-1.17301,True
lit,whisper-base,method_19_counter,19,counter,3,5,True,-1.23501,True
lit,whisper-base,method_19_counter,19,counter,5,1,True,-1.35086,True
lit,whisper-base,method_19_counter,19,counter,5,2,True,-1.36653,True
lit,whisper-base,method_19_counter,19,counter,5,3,True,-1.3238,True
lit,whisper-base,method_19_counter,19,counter,5,4,True,-1.33669,True
lit,whisper-base,method_19_counter,19,counter,5,5,True,-1.35068,True
lit,whisper-base,method_19_counter,19,counter,7,1,True,-1.43275,True
lit,whisper-base,method_19_counter,19,counter,7,2,True,-1.46054,True
lit,whisper-base,method_19_counter,19,counter,7,3,True,-1.42589,True
lit,whisper-base,method_19_counter,19,counter,7,4,True,-1.44606,True
lit,whisper-base,method_19_counter,19,counter,7,5,True,-1.45185,True
lit,whisper-base,method_20,20,regular,3,1,True,-0.97692,True
lit,whisper-base,method_20,20,regular,3,2,True,-0.92405,True
lit,whisper-base,method_20,20,regular,3,3,True,-0.98522,True
lit,whisper-base,method_20,20,regular,3,4,True,-0.95725,True
lit,whisper-base,method_20,20,regular,3,5,True,-0.94356,True
lit,whisper-base,method_20,20,regular,5,1,True,-0.88214,True
lit,whisper-base,method_20,20,regular,5,2,True,-0.87953,True
lit,whisper-base,method_20,20,regular,5,3,True,-0.93266,True
lit,whisper-base,method_20,20,regular,5,4,True,-0.89264,True
lit,whisper-base,method_20,20,regular,5,5,True,-0.89207,True
lit,whisper-base,method_20,20,regular,7,1,True,-0.84326,True
lit,whisper-base,method_20,20,regular,7,2,True,-0.87206,True
lit,whisper-base,method_20,20,regular,7,3,True,-0.81443,True
lit,whisper-base,method_20,20,regular,7,4,True,-0.89689,True
lit,whisper-base,method_20,20,regular,7,5,True,-0.846,True
lit,whisper-base,method_20_counter,20,counter,3,1,True,-0.45773,False
lit,whisper-base,method_20_counter,20,counter,3,2,True,-0.43962,False
lit,whisper-base,method_20_counter,20,counter,3,3,True,-0.46152,False
lit,whisper-base,method_20_counter,20,counter,3,4,True,-0.46695,False
lit,whisper-base,method_20_counter,20,counter,3,5,True,-0.44826,False
lit,whisper-base,method_20_counter,20,counter,5,1,True,-0.50536,False
lit,whisper-base,method_20_counter,20,counter,5,2,True,-0.51454,False
lit,whisper-base,method_20_counter,20,counter,5,3,True,-0.50215,False
lit,whisper-base,method_20_counter,20,counter,5,4,True,-0.50181,False
lit,whisper-base,method_20_counter,20,counter,5,5,True,-0.49687,False
lit,whisper-base,method_20_counter,20,counter,7,1,True,-0.49321,False
lit,whisper-base,method_20_counter,20,counter,7,2,True,-0.48755,False
lit,whisper-base,method_20_counter,20,counter,7,3,True,-0.4736,False
lit,whisper-base,method_20_counter,20,counter,7,4,True,-0.49178,False
lit,whisper-base,method_20_counter,20,counter,7,5,True,-0.48675,False
lit,whisper-base,method_21,21,regular,3,1,True,-0.98332,True
lit,whisper-base,method_21,21,regular,3,2,True,-0.97596,True
lit,whisper-base,method_21,21,regular,3,3,True,-0.96012,True
lit,whisper-base,method_21,21,regular,3,4,True,-0.96135,True
lit,whisper-base,method_21,21,regular,3,5,True,-0.95705,True
lit,whisper-base,method_21,21,regular,5,1,True,-0.88841,True
lit,whisper-base,method_21,21,regular,5,2,True,-0.847,True
lit,whisper-base,method_21,21,regular,5,3,True,-0.88499,True
lit,whisper-base,method_21,21,regular,5,4,True,-0.8956,True
lit,whisper-base,method_21,21,regular,5,5,True,-0.87872,True
lit,whisper-base,method_21,21,regular,7,1,True,-0.86173,True
lit,whisper-base,method_21,21,regular,7,2,True,-0.89364,True
lit,whisper-base,method_21,21,regular,7,3,True,-0.89813,True
lit,whisper-base,method_21,21,regular,7,4,True,-0.82376,True
lit,whisper-base,method_21,21,regular,7,5,True,-0.86889,True
lit,whisper-base,method_21_counter,21,counter,3,1,True,-0.45709,False
lit,whisper-base,method_21_counter,21,counter,3,2,True,-0.45694,False
lit,whisper-base,method_21_counter,21,counter,3,3,True,-0.43287,False
lit,whisper-base,method_21_counter,21,counter,3,4,True,-0.45156,False
lit,whisper-base,method_21_counter,21,counter,3,5,True,-0.46279,False
lit,whisper-base,method_21_counter,21,counter,5,1,True,-0.51399,False
lit,whisper-base,method_21_counter,21,counter,5,2,True,-0.48963,False
lit,whisper-base,method_21_counter,21,counter,5,3,True,-0.49939,False
lit,whisper-base,method_21_counter,21,counter,5,4,True,-0.5051,False
lit,whisper-base,method_21_counter,21,counter,5,5,True,-0.50505,False
lit,whisper-base,method_21_counter,21,counter,7,1,True,-0.48191,False
lit,whisper-base,method_21_counter,21,counter,7,2,True,-0.48336,False
lit,whisper-base,method_21_counter,21,counter,7,3,True,-0.49714,False
lit,whisper-base,method_21_counter,21,counter,7,4,True,-0.47586,False
lit,whisper-base,method_21_counter,21,counter,7,5,True,-0.50431,False
lit,whisper-base,method_27,27,regular,3,1,False,0.06718,False
lit,whisper-base,method_27,27,regular,3,2,False,0.05773,False
lit,whisper-base,method_27,27,regular,3,3,False,0.04376,False
lit,whisper-base,method_27,27,regular,3,4,False,0.06376,False
lit,whisper-base,method_27,27,regular,3,5,False,0.0746,False
lit,whisper-base,method_27,27,regular,5,1,False,0.04094,False
lit,whisper-base,method_27,27,regular,5,2,False,0.00667,False
lit,whisper-base,method_27,27,regular,5,3,False,0.01857,False
lit,whisper-base,method_27,27,regular,5,4,False,0.0194,False
lit,whisper-base,method_27,27,regular,5,5,False,0.04128,False
lit,whisper-base,method_27,27,regular,7,1,False,0.05331,False
lit,whisper-base,method_27,27,regular,7,2,False,0.02105,False
lit,whisper-base,method_27,27,regular,7,3,False,0.04513,False
lit,whisper-base,method_27,27,regular,7,4,False,0.04463,False
lit,whisper-base,method_27,27,regular,7,5,False,0.02209,False
lit,whisper-base,method_27_counter,27,counter,3,1,True,-0.19061,False
lit,whisper-base,method_27_counter,27,counter,3,2,True,-0.18891,False
lit,whisper-base,method_27_counter,27,counter,3,3,True,-0.19633,False
lit,whisper-base,method_27_counter,27,counter,3,4,True,-0.18913,False
lit,whisper-base,method_27_counter,27,counter,3,5,True,-0.18707,False
lit,whisper-base,method_27_counter,27,counter,5,1,True,-0.18228,False
lit,whisper-base,method_27_counter,27,counter,5,2,True,-0.18527,False
lit,whisper-base,method_27_counter,27,counter,5,3,True,-0.18126,False
lit,whisper-base,method_27_counter,27,counter,5,4,True,-0.18872,False
lit,whisper-base,method_27_counter,27,counter,5,5,True,-0.17759,False
lit,whisper-base,method_27_counter,27,counter,7,1,True,-0.18857,False
lit,whisper-base,method_27_counter,27,counter,7,2,True,-0.19338,False
lit,whisper-base,method_27_counter,27,counter,7,3,True,-0.18387,False
lit,whisper-base,method_27_counter,27,counter,7,4,True,-0.18296,False
lit,whisper-base,method_27_counter,27,counter,7,5,True,-0.18742,False
lit,whisper-base,method_28,28,regular,3,1,True,-0.16372,False
lit,whisper-base,method_28,28,regular,3,2,True,-0.1414,False
lit,whisper-base,method_28,28,regular,3,3,True,-0.19411,False
lit,whisper-base,method_28,28,regular,3,4,True,-0.16145,False
lit,whisper-base,method_28,28,regular,3,5,True,-0.17899,False
lit,whisper-base,method_28,28,regular,5,1,True,-0.21454,False
lit,whisper-base,method_28,28,regular,5,2,True,-0.20702,False
lit,whisper-base,method_28,28,regular,5,3,True,-0.19483,False
lit,whisper-base,method_28,28,regular,5,4,True,-0.23141,False
lit,whisper-base,method_28,28,regular,5,5,True,-0.22642,False
lit,whisper-base,method_28,28,regular,7,1,True,-0.26501,False
lit,whisper-base,method_28,28,regular,7,2,True,-0.25085,False
lit,whisper-base,method_28,28,regular,7,3,True,-0.2442,False
lit,whisper-base,method_28,28,regular,7,4,True,-0.24406,False
lit,whisper-base,method_28,28,regular,7,5,True,-0.23173,False
lit,whisper-base,method_28_counter,28,counter,3,1,True,-0.69441,False
lit,whisper-base,method_28_counter,28,counter,3,2,True,-0.7216,False
lit,whisper-base,method_28_counter,28,counter,3,3,True,-0.7354,False
lit,whisper-base,method_28_counter,28,counter,3,4,True,-0.69992,False
lit,whisper-base,method_28_counter,28,counter,3,5,True,-0.72241,False
lit,whisper-base,method_28_counter,28,counter,5,1,True,-0.70534,False
lit,whisper-base,method_28_counter,28,counter,5,2,True,-0.70423,False
lit,whisper-base,method_28_counter,28,counter,5,3,True,-0.68071,False
lit,whisper-base,method_28_counter,28,counter,5,4,True,-0.70242,False
lit,whisper-base,method_28_counter,28,counter,5,5,True,-0.70149,False
lit,whisper-base,method_28_counter,28,counter,7,1,True,-0.74297,False
lit,whisper-base,method_28_counter,28,counter,7,2,True,-0.73169,False
lit,whisper-base,method_28_counter,28,counter,7,3,True,-0.71776,False
lit,whisper-base,method_28_counter,28,counter,7,4,True,-0.72178,False
lit,whisper-base,method_28_counter,28,counter,7,5,True,-0.72187,False
lit,whisper-base,method_29,29,regular,3,1,True,-0.21614,False
lit,whisper-base,method_29,29,regular,3,2,True,-0.15028,False
lit,whisper-base,method_29,29,regular,3,3,True,-0.16675,False
lit,whisper-base,method_29,29,regular,3,4,True,-0.18424,False
lit,whisper-base,method_29,29,regular,3,5,True,-0.1529,False
lit,whisper-base,method_29,29,regular,5,1,True,-0.22233,False
lit,whisper-base,method_29,29,regular,5,2,True,-0.21435,False
lit,whisper-base,method_29,29,regular,5,3,True,-0.2076,False
lit,whisper-base,method_29,29,regular,5,4,True,-0.22382,False
lit,whisper-base,method_29,29,regular,5,5,True,-0.23174,False
lit,whisper-base,method_29,29,regular,7,1,True,-0.23754,False
lit,whisper-base,method_29,29,regular,7,2,True,-0.24668,False
lit,whisper-base,method_29,29,regular,7,3,True,-0.23301,False
lit,whisper-base,method_29,29,regular,7,4,True,-0.2504,False
lit,whisper-base,method_29,29,regular,7,5,True,-0.21686,False
lit,whisper-base,method_29_counter,29,counter,3,1,True,-0.67279,False
lit,whisper-base,method_29_counter,29,counter,3,2,True,-0.69869,False
lit,whisper-base,method_29_counter,29,counter,3,3,True,-0.71516,False
lit,whisper-base,method_29_counter,29,counter,3,4,True,-0.66356,False
lit,whisper-base,method_29_counter,29,counter,3,5,True,-0.70772,False
lit,whisper-base,method_29_counter,29,counter,5,1,True,-0.71381,False
lit,whisper-base,method_29_counter,29,counter,5,2,True,-0.6974,False
lit,whisper-base,method_29_counter,29,counter,5,3,True,-0.70543,False
lit,whisper-base,method_29_counter,29,counter,5,4,True,-0.70631,False
lit,whisper-base,method_29_counter,29,counter,5,5,True,-0.72636,False
lit,whisper-base,method_29_counter,29,counter,7,1,True,-0.7219,False
lit,whisper-base,method_29_counter,29,counter,7,2,True,-0.72151,False
lit,whisper-base,method_29_counter,29,counter,7,3,True,-0.71872,False
lit,whisper-base,method_29_counter,29,counter,7,4,True,-0.71925,False
lit,whisper-base,method_29_counter,29,counter,7,5,True,-0.69936,False
lit,whisper-base,method_30,30,regular,3,1,True,-0.16382,False
lit,whisper-base,method_30,30,regular,3,2,True,-0.17781,False
lit,whisper-base,method_30,30,regular,3,3,True,-0.16897,False
lit,whisper-base,method_30,30,regular,3,4,True,-0.18732,False
lit,whisper-base,method_30,30,regular,3,5,True,-0.16814,False
lit,whisper-base,method_30,30,regular,5,1,True,-0.22746,False
lit,whisper-base,method_30,30,regular,5,2,True,-0.2226,False
lit,whisper-base,method_30,30,regular,5,3,True,-0.24423,False
lit,whisper-base,method_30,30,regular,5,4,True,-0.21017,False
lit,whisper-base,method_30,30,regular,5,5,True,-0.21578,False
lit,whisper-base,method_30,30,regular,7,1,True,-0.20797,False
lit,whisper-base,method_30,30,regular,7,2,True,-0.20995,False
lit,whisper-base,method_30,30,regular,7,3,True,-0.26044,False
lit,whisper-base,method_30,30,regular,7,4,True,-0.23092,False
lit,whisper-base,method_30,30,regular,7,5,True,-0.24166,False
lit,whisper-base,method_30_counter,30,counter,3,1,True,-0.72369,False
lit,whisper-base,method_30_counter,30,counter,3,2,True,-0.72688,False
lit,whisper-base,method_30_counter,30,counter,3,3,True,-0.70859,False
lit,whisper-base,method_30_counter,30,counter,3,4,True,-0.72556,False
lit,whisper-base,method_30_counter,30,counter,3,5,True,-0.71828,False
lit,whisper-base,method_30_counter,30,counter,5,1,True,-0.70489,False
lit,whisper-base,method_30_counter,30,counter,5,2,True,-0.7047,False
lit,whisper-base,method_30_counter,30,counter,5,3,True,-0.72377,False
lit,whisper-base,method_30_counter,30,counter,5,4,True,-0.689,False
lit,whisper-base,method_30_counter,30,counter,5,5,True,-0.69799,False
lit,whisper-base,method_30_counter,30,counter,7,1,True,-0.68981,False
lit,whisper-base,method_30_counter,30,counter,7,2,True,-0.69395,False
lit,whisper-base,method_30_counter,30,counter,7,3,True,-0.7355,False
lit,whisper-base,method_30_counter,30,counter,7,4,True,-0.71298,False
lit,whisper-base,method_30_counter,30,counter,7,5,True,-0.72898,False
lit,whisper-base,method_31,31,regular,3,1,True,-0.1638,False
lit,whisper-base,method_31,31,regular,3,2,True,-0.18562,False
lit,whisper-base,method_31,31,regular,3,3,True,-0.13875,False
lit,whisper-base,method_31,31,regular,3,4,True,-0.14953,False
lit,whisper-base,method_31,31,regular,3,5,True,-0.18187,False
lit,whisper-base,method_31,31,regular,5,1,True,-0.22458,False
lit,whisper-base,method_31,31,regular,5,2,True,-0.23435,False
lit,whisper-base,method_31,31,regular,5,3,True,-0.24544,False
lit,whisper-base,method_31,31,regular,5,4,True,-0.21729,False
lit,whisper-base,method_31,31,regular,5,5,True,-0.24877,False
lit,whisper-base,method_31,31,regular,7,1,True,-0.2526,False
lit,whisper-base,method_31,31,regular,7,2,True,-0.26142,False
lit,whisper-base,method_31,31,regular,7,3,True,-0.24124,False
lit,whisper-base,method_31,31,regular,7,4,True,-0.2527,False
lit,whisper-base,method_31,31,regular,7,5,True,-0.21467,False
lit,whisper-base,method_31_counter,31,counter,3,1,True,-0.71268,False
lit,whisper-base,method_31_counter,31,counter,3,2,True,-0.70695,False
lit,whisper-base,method_31_counter,31,counter,3,3,True,-0.70782,False
lit,whisper-base,method_31_counter,31,counter,3,4,True,-0.69975,False
lit,whisper-base,method_31_counter,31,counter,3,5,True,-0.71508,False
lit,whisper-base,method_31_counter,31,counter,5,1,True,-0.68937,False
lit,whisper-base,method_31_counter,31,counter,5,2,True,-0.71894,False
lit,whisper-base,method_31_counter,31,counter,5,3,True,-0.72545,False
lit,whisper-base,method_31_counter,31,counter,5,4,True,-0.70519,False
lit,whisper-base,method_31_counter,31,counter,5,5,True,-0.71482,False
lit,whisper-base,method_31_counter,31,counter,7,1,True,-0.73421,False
lit,whisper-base,method_31_counter,31,counter,7,2,True,-0.7446,False
lit,whisper-base,method_31_counter,31,counter,7,3,True,-0.73262,False
lit,whisper-base,method_31_counter,31,counter,7,4,True,-0.73628,False
lit,whisper-base,method_31_counter,31,counter,7,5,True,-0.70722,False
lit,whisper-base,method_32,32,regular,3,1,True,-0.15184,False
lit,whisper-base,method_32,32,regular,3,2,True,-0.18859,False
lit,whisper-base,method_32,32,regular,3,3,True,-0.17044,False
lit,whisper-base,method_32,32,regular,3,4,True,-0.17743,False
lit,whisper-base,method_32,32,regular,3,5,True,-0.19027,False
lit,whisper-base,method_32,32,regular,5,1,True,-0.23459,False
lit,whisper-base,method_32,32,regular,5,2,True,-0.23991,False
lit,whisper-base,method_32,32,regular,5,3,True,-0.24081,False
lit,whisper-base,method_32,32,regular,5,4,True,-0.22067,False
lit,whisper-base,method_32,32,regular,5,5,True,-0.19005,False
lit,whisper-base,method_32,32,regular,7,1,True,-0.23444,False
lit,whisper-base,method_32,32,regular,7,2,True,-0.23685,False
lit,whisper-base,method_32,32,regular,7,3,True,-0.24536,False
lit,whisper-base,method_32,32,regular,7,4,True,-0.23759,False
lit,whisper-base,method_32,32,regular,7,5,True,-0.26394,False
lit,whisper-base,method_32_counter,32,counter,3,1,True,-0.72855,False
lit,whisper-base,method_32_counter,32,counter,3,2,True,-0.71131,False
lit,whisper-base,method_32_counter,32,counter,3,3,True,-0.70833,False
lit,whisper-base,method_32_counter,32,counter,3,4,True,-0.65731,False
lit,whisper-base,method_32_counter,32,counter,3,5,True,-0.71703,False
lit,whisper-base,method_32_counter,32,counter,5,1,True,-0.72518,False
lit,whisper-base,method_32_counter,32,counter,5,2,True,-0.71747,False
lit,whisper-base,method_32_counter,32,counter,5,3,True,-0.71995,False
lit,whisper-base,method_32_counter,32,counter,5,4,True,-0.70272,False
lit,whisper-base,method_32_counter,32,counter,5,5,True,-0.70186,False
lit,whisper-base,method_32_counter,32,counter,7,1,True,-0.6993,False
lit,whisper-base,method_32_counter,32,counter,7,2,True,-0.71797,False
lit,whisper-base,method_32_counter,32,counter,7,3,True,-0.73407,False
lit,whisper-base,method_32_counter,32,counter,7,4,True,-0.72174,False
lit,whisper-base,method_32_counter,32,counter,7,5,True,-0.74983,False
lit,whisper-base,method_33,33,regular,3,1,True,-0.8084,True
lit,whisper-base,method_33,33,regular,3,2,True,-0.79132,True
lit,whisper-base,method_33,33,regular,3,3,True,-0.76647,True
lit,whisper-base,method_33,33,regular,3,4,True,-0.80245,True
lit,whisper-base,method_33,33,regular,3,5,True,-0.79721,True
lit,whisper-base,method_33,33,regular,5,1,True,-0.80365,True
lit,whisper-base,method_33,33,regular,5,2,True,-0.76691,True
lit,whisper-base,method_33,33,regular,5,3,True,-0.78112,True
lit,whisper-base,method_33,33,regular,5,4,True,-0.82404,True
lit,whisper-base,method_33,33,regular,5,5,True,-0.80664,True
lit,whisper-base,method_33,33,regular,7,1,True,-0.77539,True
lit,whisper-base,method_33,33,regular,7,2,True,-0.7761,True
lit,whisper-base,method_33,33,regular,7,3,True,-0.77325,True
lit,whisper-base,method_33,33,regular,7,4,True,-0.76046,True
lit,whisper-base,method_33,33,regular,7,5,True,-0.79787,True
lit,whisper-base,method_33_counter,33,counter,3,1,True,0.321,False
lit,whisper-base,method_33_counter,33,counter,3,2,True,0.35657,False
lit,whisper-base,method_33_counter,33,counter,3,3,True,0.33407,False
lit,whisper-base,method_33_counter,33,counter,3,4,True,0.35827,False
lit,whisper-base,method_33_counter,33,counter,3,5,True,-0.12934,False
lit,whisper-base,method_33_counter,33,counter,5,1,True,0.37155,False
lit,whisper-base,method_33_counter,33,counter,5,2,True,0.36668,False
lit,whisper-base,method_33_counter,33,counter,5,3,True,0.36184,False
lit,whisper-base,method_33_counter,33,counter,5,4,True,0.34843,False
lit,whisper-base,method_33_counter,33,counter,5,5,True,0.32806,False
lit,whisper-base,method_33_counter,33,counter,7,1,True,0.36701,False
lit,whisper-base,method_33_counter,33,counter,7,2,True,-0.1892,False
lit,whisper-base,method_33_counter,33,counter,7,3,True,-0.19613,False
lit,whisper-base,method_33_counter,33,counter,7,4,True,0.38546,False
lit,whisper-base,method_33_counter,33,counter,7,5,True,0.38133,False
lit,whisper-base,method_37,37,regular,3,1,True,-0.31414,False
lit,whisper-base,method_37,37,regular,3,2,True,-0.36659,False
lit,whisper-base,method_37,37,regular,3,3,True,-0.31051,False
lit,whisper-base,method_37,37,regular,3,4,True,-0.28869,False
lit,whisper-base,method_37,37,regular,3,5,True,-0.30038,False
lit,whisper-base,method_37,37,regular,5,1,True,-0.30945,False
lit,whisper-base,method_37,37,regular,5,2,True,-0.30574,False
lit,whisper-base,method_37,37,regular,5,3,True,-0.31392,False
lit,whisper-base,method_37,37,regular,5,4,True,-0.30279,False
lit,whisper-base,method_37,37,regular,5,5,True,-0.31637,False
lit,whisper-base,method_37,37,regular,7,1,True,-0.28981,False
lit,whisper-base,method_37,37,regular,7,2,True,-0.28873,False
lit,whisper-base,method_37,37,regular,7,3,True,-0.28948,False
lit,whisper-base,method_37,37,regular,7,4,True,-0.29855,False
lit,whisper-base,method_37,37,regular,7,5,True,-0.28572,False
lit,whisper-base,method_37_counter,37,counter,3,1,True,-0.05707,False
lit,whisper-base,method_37_counter,37,counter,3,2,True,-0.01778,False
lit,whisper-base,method_37_counter,37,counter,3,3,True,-0.05422,False
lit,whisper-base,method_37_counter,37,counter,3,4,True,-0.08505,False
lit,whisper-base,method_37_counter,37,counter,3,5,True,-0.08285,False
lit,whisper-base,method_37_counter,37,counter,5,1,True,-0.0494,False
lit,whisper-base,method_37_counter,37,counter,5,2,True,-0.04656,False
lit,whisper-base,method_37_counter,37,counter,5,3,True,-0.03882,False
lit,whisper-base,method_37_counter,37,counter,5,4,True,-0.0485,False
lit,whisper-base,method_37_counter,37,counter,5,5,True,-0.0426,False
lit,whisper-base,method_37_counter,37,counter,7,1,True,-0.06611,False
lit,whisper-base,method_37_counter,37,counter,7,2,True,-0.06577,False
lit,whisper-base,method_37_counter,37,counter,7,3,True,-0.06661,False
lit,whisper-base,method_37_counter,37,counter,7,4,True,-0.12154,False
lit,whisper-base,method_37_counter,37,counter,7,5,True,-0.07024,False
lit,whisper-base,method_43,43,regular,3,1,False,0.09871,False
lit,whisper-base,method_43,43,regular,3,2,False,0.09793,False
lit,whisper-base,method_43,43,regular,3,3,False,0.07174,False
lit,whisper-base,method_43,43,regular,3,4,False,0.10508,False
lit,whisper-base,method_43,43,regular,3,5,False,0.08243,False
lit,whisper-base,method_43,43,regular,5,1,False,0.05706,False
lit,whisper-base,method_43,43,regular,5,2,False,0.03984,False
lit,whisper-base,method_43,43,regular,5,3,False,0.0619,False
lit,whisper-base,method_43,43,regular,5,4,False,0.04574,False
lit,whisper-base,method_43,43,regular,5,5,False,0.05462,False
lit,whisper-base,method_43,43,regular,7,1,False,0.06101,False
lit,whisper-base,method_43,43,regular,7,2,False,0.06403,False
lit,whisper-base,method_43,43,regular,7,3,False,0.05717,False
lit,whisper-base,method_43,43,regular,7,4,False,0.05189,False
lit,whisper-base,method_43,43,regular,7,5,False,0.05594,False
lit,whisper-base,method_43_counter,43,counter,3,1,True,-0.5916,False
lit,whisper-base,method_43_counter,43,counter,3,2,True,-0.59614,False
lit,whisper-base,method_43_counter,43,counter,3,3,True,-0.56742,False
lit,whisper-base,method_43_counter,43,counter,3,4,True,-0.60134,False
lit,whisper-base,method_43_counter,43,counter,3,5,True,-0.58499,False
lit,whisper-base,method_43_counter,43,counter,5,1,True,-0.56063,False
lit,whisper-base,method_43_counter,43,counter,5,2,True,-0.54264,False
lit,whisper-base,method_43_counter,43,counter,5,3,True,-0.55043,False
lit,whisper-base,method_43_counter,43,counter,5,4,True,-0.54878,False
lit,whisper-base,method_43_counter,43,counter,5,5,True,-0.56058,False
lit,whisper-base,method_43_counter,43,counter,7,1,True,-0.56303,False
lit,whisper-base,method_43_counter,43,counter,7,2,True,-0.56862,False
lit,whisper-base,method_43_counter,43,counter,7,3,True,-0.56294,False
lit,whisper-base,method_43_counter,43,counter,7,4,True,-0.56255,False
lit,whisper-base,method_43_counter,43,counter,7,5,True,-0.56776,False
lit,whisper-base,method_44,44,regular,3,1,False,0.42193,False
lit,whisper-base,method_44,44,regular,3,2,False,0.44856,False
lit,whisper-base,method_44,44,regular,3,3,False,0.41394,False
lit,whisper-base,method_44,44,regular,3,4,False,0.44708,False
lit,whisper-base,method_44,44,regular,3,5,False,0.42181,False
lit,whisper-base,method_44,44,regular,5,1,False,0.28049,False
lit,whisper-base,method_44,44,regular,5,2,False,0.19223,False
lit,whisper-base,method_44,44,regular,5,3,False,0.34083,False
lit,whisper-base,method_44,44,regular,5,4,False,0.21085,False
lit,whisper-base,method_44,44,regular,5,5,False,0.24002,False
lit,whisper-base,method_44,44,regular,7,1,False,0.27567,False
lit,whisper-base,method_44,44,regular,7,2,False,0.25757,False
lit,whisper-base,method_44,44,regular,7,3,False,0.31776,False
lit,whisper-base,method_44,44,regular,7,4,False,0.28031,False
lit,whisper-base,method_44,44,regular,7,5,False,0.22703,False
lit,whisper-base,method_44_counter,44,counter,3,1,True,-0.71382,False
lit,whisper-base,method_44_counter,44,counter,3,2,True,-0.75892,True
lit,whisper-base,method_44_counter,44,counter,3,3,True,-0.69002,False
lit,whisper-base,method_44_counter,44,counter,3,4,True,-0.74272,False
lit,whisper-base,method_44_counter,44,counter,3,5,True,-0.70756,False
lit,whisper-base,method_44_counter,44,counter,5,1,True,-0.63068,False
lit,whisper-base,method_44_counter,44,counter,5,2,True,-0.57429,False
lit,whisper-base,method_44_counter,44,counter,5,3,True,-0.6527,False
lit,whisper-base,method_44_counter,44,counter,5,4,True,-0.58924,False
lit,whisper-base,method_44_counter,44,counter,5,5,True,-0.64233,False
lit,whisper-base,method_44_counter,44,counter,7,1,True,-0.57643,False
lit,whisper-base,method_44_counter,44,counter,7,2,True,-0.58187,False
lit,whisper-base,method_44_counter,44,counter,7,3,True,-0.63231,False
lit,whisper-base,method_44_counter,44,counter,7,4,True,-0.61344,False
lit,whisper-base,method_44_counter,44,counter,7,5,True,-0.59186,False
lit,whisper-base,method_53,53,regular,3,1,True,-0.41172,False
lit,whisper-base,method_53,53,regular,3,2,True,-0.41314,False
lit,whisper-base,method_53,53,regular,3,3,True,-0.41525,False
lit,whisper-base,method_53,53,regular,3,4,True,-0.41909,False
lit,whisper-base,method_53,53,regular,3,5,True,-0.42879,False
lit,whisper-base,method_53,53,regular,5,1,True,-0.41353,False
lit,whisper-base,method_53,53,regular,5,2,True,-0.40991,False
lit,whisper-base,method_53,53,regular,5,3,True,-0.40419,False
lit,whisper-base,method_53,53,regular,5,4,True,-0.42255,False
lit,whisper-base,method_53,53,regular,5,5,True,-0.42322,False
lit,whisper-base,method_53,53,regular,7,1,True,-0.40907,False
lit,whisper-base,method_53,53,regular,7,2,True,-0.42245,False
lit,whisper-base,method_53,53,regular,7,3,True,-0.42517,False
lit,whisper-base,method_53,53,regular,7,4,True,-0.40281,False
lit,whisper-base,method_53,53,regular,7,5,True,-0.41108,False
lit,whisper-base,method_53_counter,53,counter,3,1,True,-0.65778,False
lit,whisper-base,method_53_counter,53,counter,3,2,True,-0.68729,False
lit,whisper-base,method_53_counter,53,counter,3,3,True,-0.68154,False
lit,whisper-base,method_53_counter,53,counter,3,4,True,-0.64095,False
lit,whisper-base,method_53_counter,53,counter,3,5,True,-0.67054,False
lit,whisper-base,method_53_counter,53,counter,5,1,True,-0.66359,False
lit,whisper-base,method_53_counter,53,counter,5,2,True,-0.64344,False
lit,whisper-base,method_53_counter,53,counter,5,3,True,-0.62538,False
lit,whisper-base,method_53_counter,53,counter,5,4,True,-0.67769,False
lit,whisper-base,method_53_counter,53,counter,5,5,True,-0.64576,False
lit,whisper-base,method_53_counter,53,counter,7,1,True,-0.65742,False
lit,whisper-base,method_53_counter,53,counter,7,2,True,-0.68449,False
lit,whisper-base,method_53_counter,53,counter,7,3,True,-0.66697,False
lit,whisper-base,method_53_counter,53,counter,7,4,True,-0.65014,False
lit,whisper-base,method_53_counter,53,counter,7,5,True,-0.65241,False
lit,whisper-base,method_55,55,regular,3,1,True,-1.25843,True
lit,whisper-base,method_55,55,regular,3,2,True,-1.28958,True
lit,whisper-base,method_55,55,regular,3,3,True,-1.31276,True
lit,whisper-base,method_55,55,regular,3,4,True,-1.23764,True
lit,whisper-base,method_55,55,regular,3,5,True,-1.23132,True
lit,whisper-base,method_55,55,regular,5,1,True,-1.23544,True
lit,whisper-base,method_55,55,regular,5,2,True,-1.25255,True
lit,whisper-base,method_55,55,regular,5,3,True,-1.25798,True
lit,whisper-base,method_55,55,regular,5,4,True,-1.24829,True
lit,whisper-base,method_55,55,regular,5,5,True,-1.17529,True
lit,whisper-base,method_55,55,regular,7,1,True,-1.21612,True
lit,whisper-base,method_55,55,regular,7,2,True,-1.21738,True
lit,whisper-base,method_55,55,regular,7,3,True,-1.1795,True
lit,whisper-base,method_55,55,regular,7,4,True,-1.16542,True
lit,whisper-base,method_55,55,regular,7,5,True,-1.24392,True
lit,whisper-base,method_55_counter,55,counter,3,1,True,-0.76419,True
lit,whisper-base,method_55_counter,55,counter,3,2,True,-0.74154,False
lit,whisper-base,method_55_counter,55,counter,3,3,True,-0.74944,False
lit,whisper-base,method_55_counter,55,counter,3,4,True,-0.73057,False
lit,whisper-base,method_55_counter,55,counter,3,5,True,-0.75267,True
lit,whisper-base,method_55_counter,55,counter,5,1,True,-0.80464,True
lit,whisper-base,method_55_counter,55,counter,5,2,True,-0.79573,True
lit,whisper-base,method_55_counter,55,counter,5,3,True,-0.78533,True
lit,whisper-base,method_55_counter,55,counter,5,4,True,-0.81216,True
lit,whisper-base,method_55_counter,55,counter,5,5,True,-0.79055,True
lit,whisper-base,method_55_counter,55,counter,7,1,True,-0.77568,True
lit,whisper-base,method_55_counter,55,counter,7,2,True,-0.79378,True
lit,whisper-base,method_55_counter,55,counter,7,3,True,-0.76403,True
lit,whisper-base,method_55_counter,55,counter,7,4,True,-0.76787,True
lit,whisper-base,method_55_counter,55,counter,7,5,True,-0.79021,True
lit,whisper-base,method_60,60,regular,3,1,False,0.3086,False
lit,whisper-base,method_60,60,regular,3,2,False,0.30206,False
lit,whisper-base,method_60,60,regular,3,3,False,0.1722,False
lit,whisper-base,method_60,60,regular,3,4,False,0.27662,False
lit,whisper-base,method_60,60,regular,3,5,False,0.27312,False
lit,whisper-base,method_60,60,regular,5,1,False,-0.0058,False
lit,whisper-base,method_60,60,regular,5,2,True,-0.1028,False
lit,whisper-base,method_60,60,regular,5,3,False,-0.03549,False
lit,whisper-base,method_60,60,regular,5,4,False,-0.0008,False
lit,whisper-base,method_60,60,regular,5,5,False,-0.02893,False
lit,whisper-base,method_60,60,regular,7,1,False,0.07759,False
lit,whisper-base,method_60,60,regular,7,2,False,0.07723,False
lit,whisper-base,method_60,60,regular,7,3,False,0.06468,False
lit,whisper-base,method_60,60,regular,7,4,False,0.07528,False
lit,whisper-base,method_60,60,regular,7,5,False,0.0621,False
lit,whisper-base,method_60_counter,60,counter,3,1,True,-1.18901,True
lit,whisper-base,method_60_counter,60,counter,3,2,True,-1.21849,True
lit,whisper-base,method_60_counter,60,counter,3,3,True,-1.06937,True
lit,whisper-base,method_60_counter,60,counter,3,4,True,-1.18857,True
lit,whisper-base,method_60_counter,60,counter,3,5,True,-1.20737,True
lit,whisper-base,method_60_counter,60,counter,5,1,True,-0.90867,True
lit,whisper-base,method_60_counter,60,counter,5,2,True,-0.83848,True
lit,whisper-base,method_60_counter,60,counter,5,3,True,-0.87486,True
lit,whisper-base,method_60_counter,60,counter,5,4,True,-0.88894,True
lit,whisper-base,method_60_counter,60,counter,5,5,True,-0.9136,True
lit,whisper-base,method_60_counter,60,counter,7,1,True,-1.00711,True
lit,whisper-base,method_60_counter,60,counter,7,2,True,-0.96833,True
lit,whisper-base,method_60_counter,60,counter,7,3,True,-1.0148,True
lit,whisper-base,method_60_counter,60,counter,7,4,True,-0.99302,True
lit,whisper-base,method_60_counter,60,counter,7,5,True,-0.97684,True
lit,whisper-base,method_72,72,regular,3,1,True,-0.64856,False
lit,whisper-base,method_72,72,regular,3,2,True,-0.66944,False
lit,whisper-base,method_72,72,regular,3,3,True,-0.65191,False
lit,whisper-base,method_72,72,regular,3,4,True,-0.67056,False
lit,whisper-base,method_72,72,regular,3,5,True,-0.68433,False
lit,whisper-base,method_72,72,regular,5,1,True,-0.71855,False
lit,whisper-base,method_72,72,regular,5,2,True,-0.69226,False
lit,whisper-base,method_72,72,regular,5,3,True,-0.68773,False
lit,whisper-base,method_72,72,regular,5,4,True,-0.70622,False
lit,whisper-base,method_72,72,regular,5,5,True,-0.68487,False
lit,whisper-base,method_72,72,regular,7,1,True,-0.71329,False
lit,whisper-base,method_72,72,regular,7,2,True,-0.67688,False
lit,whisper-base,method_72,72,regular,7,3,True,-0.70845,False
lit,whisper-base,method_72,72,regular,7,4,True,-0.69221,False
lit,whisper-base,method_72,72,regular,7,5,True,-0.68306,False
lit,whisper-base,method_72_counter,72,counter,3,1,True,0.00013,False
lit,whisper-base,method_72_counter,72,counter,3,2,True,-0.01099,False
lit,whisper-base,method_72_counter,72,counter,3,3,True,-0.01377,False
lit,whisper-base,method_72_counter,72,counter,3,4,True,0.00651,False
lit,whisper-base,method_72_counter,72,counter,3,5,True,-0.02255,False
lit,whisper-base,method_72_counter,72,counter,5,1,True,-0.04894,False
lit,whisper-base,method_72_counter,72,counter,5,2,True,-0.02996,False
lit,whisper-base,method_72_counter,72,counter,5,3,True,-0.03028,False
lit,whisper-base,method_72_counter,72,counter,5,4,True,-0.04153,False
lit,whisper-base,method_72_counter,72,counter,5,5,True,-0.0136,False
lit,whisper-base,method_72_counter,72,counter,7,1,True,-0.06133,False
lit,whisper-base,method_72_counter,72,counter,7,2,True,-0.03516,False
lit,whisper-base,method_72_counter,72,counter,7,3,True,-0.04329,False
lit,whisper-base,method_72_counter,72,counter,7,4,True,-0.04889,False
lit,whisper-base,method_72_counter,72,counter,7,5,True,-0.05019,False
lit,whisper-base,method_74,74,regular,3,1,True,0.01999,False
lit,whisper-base,method_74,74,regular,3,2,True,0.04348,False
lit,whisper-base,method_74,74,regular,3,3,True,0.05265,False
lit,whisper-base,method_74,74,regular,3,4,True,0.06085,False
lit,whisper-base,method_74,74,regular,3,5,True,-0.00613,False
lit,whisper-base,method_74,74,regular,5,1,True,0.06104,False
lit,whisper-base,method_74,74,regular,5,2,True,0.0066,False
lit,whisper-base,method_74,74,regular,5,3,True,0.01582,False
lit,whisper-base,method_74,74,regular,5,4,True,0.04327,False
lit,whisper-base,method_74,74,regular,5,5,True,0.06237,False
lit,whisper-base,method_74,74,regular,7,1,False,0.07821,False
lit,whisper-base,method_74,74,regular,7,2,True,0.06829,False
lit,whisper-base,method_74,74,regular,7,3,True,0.06255,False
lit,whisper-base,method_74,74,regular,7,4,False,0.08085,False
lit,whisper-base,method_74,74,regular,7,5,False,0.08085,False
lit,whisper-base,method_74_counter,74,counter,3,1,True,-0.39054,False
lit,whisper-base,method_74_counter,74,counter,3,2,True,-0.39266,False
lit,whisper-base,method_74_counter,74,counter,3,3,True,-0.41041,False
lit,whisper-base,method_74_counter,74,counter,3,4,True,-0.39036,False
lit,whisper-base,method_74_counter,74,counter,3,5,True,-0.37282,False
lit,whisper-base,method_74_counter,74,counter,5,1,True,-0.36555,False
lit,whisper-base,method_74_counter,74,counter,5,2,True,-0.37739,False
lit,whisper-base,method_74_counter,74,counter,5,3,True,-0.38168,False
lit,whisper-base,method_74_counter,74,counter,5,4,True,-0.34236,False
lit,whisper-base,method_74_counter,74,counter,5,5,True,-0.33665,False
lit,whisper-base,method_74_counter,74,counter,7,1,True,-0.34209,False
lit,whisper-base,method_74_counter,74,counter,7,2,True,-0.36601,False
lit,whisper-base,method_74_counter,74,counter,7,3,True,-0.36846,False
lit,whisper-base,method_74_counter,74,counter,7,4,True,-0.33294,False
lit,whisper-base,method_74_counter,74,counter,7,5,True,-0.33294,False
lit,whisper-base,method_75,75,regular,3,1,True,-0.67528,False
lit,whisper-base,method_75,75,regular,3,2,True,-0.65632,False
lit,whisper-base,method_75,75,regular,3,3,True,-0.67953,False
lit,whisper-base,method_75,75,regular,3,4,True,-0.66761,False
lit,whisper-base,method_75,75,regular,3,5,True,-0.66419,False
lit,whisper-base,method_75,75,regular,5,1,True,-0.687,False
lit,whisper-base,method_75,75,regular,5,2,True,-0.69315,False
lit,whisper-base,method_75,75,regular,5,3,True,-0.69334,False
lit,whisper-base,method_75,75,regular,5,4,True,-0.67821,False
lit,whisper-base,method_75,75,regular,5,5,True,-0.67856,False
lit,whisper-base,method_75,75,regular,7,1,True,-0.66119,False
lit,whisper-base,method_75,75,regular,7,2,True,-0.67067,False
lit,whisper-base,method_75,75,regular,7,3,True,-0.70261,False
lit,whisper-base,method_75,75,regular,7,4,True,-0.71165,False
lit,whisper-base,method_75,75,regular,7,5,True,-0.70913,False
lit,whisper-base,method_75_counter,75,counter,3,1,True,-0.01211,False
lit,whisper-base,method_75_counter,75,counter,3,2,True,0.00048,False
lit,whisper-base,method_75_counter,75,counter,3,3,True,-0.0188,False
lit,whisper-base,method_75_counter,75,counter,3,4,True,-0.01201,False
lit,whisper-base,method_75_counter,75,counter,3,5,True,-0.01315,False
lit,whisper-base,method_75_counter,75,counter,5,1,True,-0.02597,False
lit,whisper-base,method_75_counter,75,counter,5,2,True,-0.03891,False
lit,whisper-base,method_75_counter,75,counter,5,3,True,-0.02986,False
lit,whisper-base,method_75_counter,75,counter,5,4,True,-0.028,False
lit,whisper-base,method_75_counter,75,counter,5,5,True,-0.01695,False
lit,whisper-base,method_75_counter,75,counter,7,1,True,-0.03357,False
lit,whisper-base,method_75_counter,75,counter,7,2,True,-0.03619,False
lit,whisper-base,method_75_counter,75,counter,7,3,True,-0.0484,False
lit,whisper-base,method_75_counter,75,counter,7,4,True,-0.0507,False
lit,whisper-base,method_75_counter,75,counter,7,5,True,-0.04281,False
lit,whisper-medium,method_09,9,regular,3,1,True,-1.57682,True
lit,whisper-medium,method_09,9,regular,3,2,True,-0.97077,True
lit,whisper-medium,method_09,9,regular,3,3,True,-1.0533,True
lit,whisper-medium,method_09,9,regular,3,4,True,-0.76096,True
lit,whisper-medium,method_09,9,regular,3,5,True,-1.21026,True
lit,whisper-medium,method_09,9,regular,5,1,True,-1.45695,True
lit,whisper-medium,method_09,9,regular,5,2,True,-1.30719,True
lit,whisper-medium,method_09,9,regular,5,3,True,-1.32044,True
lit,whisper-medium,method_09,9,regular,5,4,True,-1.64471,True
lit,whisper-medium,method_09,9,regular,5,5,True,-1.06617,True
lit,whisper-medium,method_09,9,regular,7,1,True,-1.64075,True
lit,whisper-medium,method_09,9,regular,7,2,True,-1.97265,True
lit,whisper-medium,method_09,9,regular,7,3,True,-1.45805,True
lit,whisper-medium,method_09,9,regular,7,4,True,-1.45369,True
lit,whisper-medium,method_09,9,regular,7,5,True,-1.98435,True
lit,whisper-medium,method_09_counter,9,counter,3,1,True,-0.44906,False
lit,whisper-medium,method_09_counter,9,counter,3,2,True,-0.03664,False
lit,whisper-medium,method_09_counter,9,counter,3,3,True,-0.21746,False
lit,whisper-medium,method_09_counter,9,counter,3,4,True,-0.04523,False
lit,whisper-medium,method_09_counter,9,counter,3,5,True,-0.44458,False
lit,whisper-medium,method_09_counter,9,counter,5,1,True,-0.58865,False
lit,whisper-medium,method_09_counter,9,counter,5,2,True,-0.46577,False
lit,whisper-medium,method_09_counter,9,counter,5,3,True,-0.45963,False
lit,whisper-medium,method_09_counter,9,counter,5,4,True,-0.29146,False
lit,whisper-medium,method_09_counter,9,counter,5,5,True,-0.62971,False
lit,whisper-medium,method_09_counter,9,counter,7,1,True,-0.35216,False
lit,whisper-medium,method_09_counter,9,counter,7,2,True,-0.49193,False
lit,whisper-medium,method_09_counter,9,counter,7,3,True,-0.43861,False
lit,whisper-medium,method_09_counter,9,counter,7,4,True,-0.6137,False
lit,whisper-medium,method_09_counter,9,counter,7,5,True,-0.33766,False
lit,whisper-medium,method_10,10,regular,3,1,True,-0.90948,True
lit,whisper-medium,method_10,10,regular,3,2,True,-1.05649,True
lit,whisper-medium,method_10,10,regular,3,3,True,-1.0753,True
lit,whisper-medium,method_10,10,regular,3,4,True,-0.72347,False
lit,whisper-medium,method_10,10,regular,3,5,True,-0.95315,True
lit,whisper-medium,method_10,10,regular,5,1,True,-1.05979,True
lit,whisper-medium,method_10,10,regular,5,2,True,-1.11773,True
lit,whisper-medium,method_10,10,regular,5,3,True,-1.04388,True
lit,whisper-medium,method_10,10,regular,5,4,True,-1.13284,True
lit,whisper-medium,method_10,10,regular,5,5,True,-1.14957,True
lit,whisper-medium,method_10,10,regular,7,1,True,-1.15314,True
lit,whisper-medium,method_10,10,regular,7,2,True,-1.26068,True
lit,whisper-medium,method_10,10,regular,7,3,True,-1.41822,True
lit,whisper-medium,method_10,10,regular,7,4,True,-1.26007,True
lit,whisper-medium,method_10,10,regular,7,5,True,-1.14352,True
lit,whisper-medium,method_10_counter,10,counter,3,1,True,-0.6021,False
lit,whisper-medium,method_10_counter,10,counter,3,2,True,-0.69902,False
lit,whisper-medium,method_10_counter,10,counter,3,3,True,-0.65787,False
lit,whisper-medium,method_10_counter,10,counter,3,4,True,-0.55213,False
lit,whisper-medium,method_10_counter,10,counter,3,5,True,-0.6767,False
lit,whisper-medium,method_10_counter,10,counter,5,1,True,-0.70627,False
lit,whisper-medium,method_10_counter,10,counter,5,2,True,-0.66404,False
lit,whisper-medium,method_10_counter,10,counter,5,3,True,-0.68814,False
lit,whisper-medium,method_10_counter,10,counter,5,4,True,-0.70387,False
lit,whisper-medium,method_10_counter,10,counter,5,5,True,-0.68084,False
lit,whisper-medium,method_10_counter,10,counter,7,1,True,-0.70459,False
lit,whisper-medium,method_10_counter,10,counter,7,2,True,-0.72611,False
lit,whisper-medium,method_10_counter,10,counter,7,3,True,-0.77944,True
lit,whisper-medium,method_10_counter,10,counter,7,4,True,-0.70843,False
lit,whisper-medium,method_10_counter,10,counter,7,5,True,-0.71359,False
lit,whisper-medium,method_12,12,regular,3,1,True,-0.41928,False
lit,whisper-medium,method_12,12,regular,3,2,True,-0.44033,False
lit,whisper-medium,method_12,12,regular,3,3,True,-0.51272,False
lit,whisper-medium,method_12,12,regular,3,4,True,-0.68476,False
lit,whisper-medium,method_12,12,regular,3,5,True,-0.12079,False
lit,whisper-medium,method_12,12,regular,5,1,True,-1.2037,True
lit,whisper-medium,method_12,12,regular,5,2,True,-1.44693,True
lit,whisper-medium,method_12,12,regular,5,3,True,-1.55704,True
lit,whisper-medium,method_12,12,regular,5,4,True,-1.47032,True
lit,whisper-medium,method_12,12,regular,5,5,True,-1.54869,True
lit,whisper-medium,method_12,12,regular,7,1,True,-1.78001,True
lit,whisper-medium,method_12,12,regular,7,2,True,-1.56785,True
lit,whisper-medium,method_12,12,regular,7,3,True,-1.63662,True
lit,whisper-medium,method_12,12,regular,7,4,True,-1.86315,True
lit,whisper-medium,method_12,12,regular,7,5,True,-1.86331,True
lit,whisper-medium,method_12_counter,12,counter,3,1,False,0.14708,False
lit,whisper-medium,method_12_counter,12,counter,3,2,True,-0.01077,False
lit,whisper-medium,method_12_counter,12,counter,3,3,False,0.25105,False
lit,whisper-medium,method_12_counter,12,counter,3,4,False,0.03991,False
lit,whisper-medium,method_12_counter,12,counter,3,5,True,-0.09134,False
lit,whisper-medium,method_12_counter,12,counter,5,1,False,0.36605,False
lit,whisper-medium,method_12_counter,12,counter,5,2,True,0.1792,False
lit,whisper-medium,method_12_counter,12,counter,5,3,False,0.15883,False
lit,whisper-medium,method_12_counter,12,counter,5,4,False,0.257,False
lit,whisper-medium,method_12_counter,12,counter,5,5,True,0.20536,False
lit,whisper-medium,method_12_counter,12,counter,7,1,True,0.21122,False
lit,whisper-medium,method_12_counter,12,counter,7,2,False,0.16128,False
lit,whisper-medium,method_12_counter,12,counter,7,3,False,0.11368,False
lit,whisper-medium,method_12_counter,12,counter,7,4,False,0.19308,False
lit,whisper-medium,method_12_counter,12,counter,7,5,False,0.15821,False
lit,whisper-medium,method_17,17,regular,3,1,True,-2.14903,True
lit,whisper-medium,method_17,17,regular,3,2,True,-1.31731,True
lit,whisper-medium,method_17,17,regular,3,3,True,-1.44529,True
lit,whisper-medium,method_17,17,regular,3,4,True,-0.99631,True
lit,whisper-medium,method_17,17,regular,3,5,True,-1.33795,True
lit,whisper-medium,method_17,17,regular,5,1,True,-3.28061,True
lit,whisper-medium,method_17,17,regular,5,2,True,-2.31477,True
lit,whisper-medium,method_17,17,regular,5,3,True,-2.37586,True
lit,whisper-medium,method_17,17,regular,5,4,True,-3.50242,True
lit,whisper-medium,method_17,17,regular,5,5,True,-1.5929,True
lit,whisper-medium,method_17,17,regular,7,1,True,-2.51024,True
lit,whisper-medium,method_17,17,regular,7,2,True,-3.66625,True
lit,whisper-medium,method_17,17,regular,7,3,True,-1.5482,True
lit,whisper-medium,method_17,17,regular,7,4,True,-2.9822,True
lit,whisper-medium,method_17,17,regular,7,5,True,-2.48322,True
lit,whisper-medium,method_17_counter,17,counter,3,1,True,0.73944,False
lit,whisper-medium,method_17_counter,17,counter,3,2,False,1.12645,False
lit,whisper-medium,method_17_counter,17,counter,3,3,True,0.86321,False
lit,whisper-medium,method_17_counter,17,counter,3,4,False,0.65356,False
lit,whisper-medium,method_17_counter,17,counter,3,5,True,0.46698,False
lit,whisper-medium,method_17_counter,17,counter,5,1,True,0.54158,False
lit,whisper-medium,method_17_counter,17,counter,5,2,True,0.7822,False
lit,whisper-medium,method_17_counter,17,counter,5,3,True,0.44056,False
lit,whisper-medium,method_17_counter,17,counter,5,4,True,0.35789,False
lit,whisper-medium,method_17_counter,17,counter,5,5,True,0.57742,False
lit,whisper-medium,method_17_counter,17,counter,7,1,True,0.79276,False
lit,whisper-medium,method_17_counter,17,counter,7,2,True,0.63509,False
lit,whisper-medium,method_17_counter,17,counter,7,3,True,0.40423,False
lit,whisper-medium,method_17_counter,17,counter,7,4,True,0.22108,False
lit,whisper-medium,method_17_counter,17,counter,7,5,True,0.70664,False
lit,whisper-medium,method_18,18,regular,3,1,True,-2.31447,True
lit,whisper-medium,method_18,18,regular,3,2,True,-1.43417,True
lit,whisper-medium,method_18,18,regular,3,3,True,-0.50733,False
lit,whisper-medium,method_18,18,regular,3,4,True,-1.15668,True
lit,whisper-medium,method_18,18,regular,3,5,True,-1.3895,True
lit,whisper-medium,method_18,18,regular,5,1,True,-2.9204,True
lit,whisper-medium,method_18,18,regular,5,2,True,-2.93305,True
lit,whisper-medium,method_18,18,regular,5,3,True,-2.83755,True
lit,whisper-medium,method_18,18,regular,5,4,True,-1.65208,True
lit,whisper-medium,method_18,18,regular,5,5,True,-1.12126,True
lit,whisper-medium,method_18,18,regular,7,1,True,-2.74408,True
lit,whisper-medium,method_18,18,regular,7,2,True,-2.71353,True
lit,whisper-medium,method_18,18,regular,7,3,True,-1.67148,True
lit,whisper-medium,method_18,18,regular,7,4,True,-1.7491,True
lit,whisper-medium,method_18,18,regular,7,5,True,-1.94726,True
lit,whisper-medium,method_18_counter,18,counter,3,1,True,0.71119,False
lit,whisper-medium,method_18_counter,18,counter,3,2,True,1.23534,False
lit,whisper-medium,method_18_counter,18,counter,3,3,True,0.79378,False
lit,whisper-medium,method_18_counter,18,counter,3,4,True,0.67193,False
lit,whisper-medium,method_18_counter,18,counter,3,5,True,0.89794,False
lit,whisper-medium,method_18_counter,18,counter,5,1,True,-0.38386,False
lit,whisper-medium,method_18_counter,18,counter,5,2,True,0.40392,False
lit,whisper-medium,method_18_counter,18,counter,5,3,True,0.63604,False
lit,whisper-medium,method_18_counter,18,counter,5,4,True,0.48146,False
lit,whisper-medium,method_18_counter,18,counter,5,5,True,0.65724,False
lit,whisper-medium,method_18_counter,18,counter,7,1,True,0.76207,False
lit,whisper-medium,method_18_counter,18,counter,7,2,True,0.73778,False
lit,whisper-medium,method_18_counter,18,counter,7,3,True,0.81478,False
lit,whisper-medium,method_18_counter,18,counter,7,4,True,0.81979,False
lit,whisper-medium,method_18_counter,18,counter,7,5,True,0.13951,False
lit,whisper-medium,method_19,19,regular,3,1,True,-1.23494,True
lit,whisper-medium,method_19,19,regular,3,2,True,-1.47523,True
lit,whisper-medium,method_19,19,regular,3,3,True,-1.33661,True
lit,whisper-medium,method_19,19,regular,3,4,True,-2.38248,True
lit,whisper-medium,method_19,19,regular,3,5,True,-0.5776,False
lit,whisper-medium,method_19,19,regular,5,1,True,-1.70617,True
lit,whisper-medium,method_19,19,regular,5,2,True,-2.0501,True
lit,whisper-medium,method_19,19,regular,5,3,True,-1.61685,True
lit,whisper-medium,method_19,19,regular,5,4,True,-2.01635,True
lit,whisper-medium,method_19,19,regular,5,5,True,-2.78785,True
lit,whisper-medium,method_19,19,regular,7,1,True,-2.54424,True
lit,whisper-medium,method_19,19,regular,7,2,True,-2.71283,True
lit,whisper-medium,method_19,19,regular,7,3,True,-1.83183,True
lit,whisper-medium,method_19,19,regular,7,4,True,-2.51468,True
lit,whisper-medium,method_19,19,regular,7,5,True,-3.38116,True
lit,whisper-medium,method_19_counter,19,counter,3,1,True,0.81883,False
lit,whisper-medium,method_19_counter,19,counter,3,2,True,1.10565,False
lit,whisper-medium,method_19_counter,19,counter,3,3,True,1.04024,False
lit,whisper-medium,method_19_counter,19,counter,3,4,True,0.87306,False
lit,whisper-medium,method_19_counter,19,counter,3,5,True,0.87343,False
lit,whisper-medium,method_19_counter,19,counter,5,1,True,0.65585,False
lit,whisper-medium,method_19_counter,19,counter,5,2,True,0.49595,False
lit,whisper-medium,method_19_counter,19,counter,5,3,True,0.70649,False
lit,whisper-medium,method_19_counter,19,counter,5,4,True,0.76114,False
lit,whisper-medium,method_19_counter,19,counter,5,5,True,0.41997,False
lit,whisper-medium,method_19_counter,19,counter,7,1,True,0.88415,False
lit,whisper-medium,method_19_counter,19,counter,7,2,True,0.68741,False
lit,whisper-medium,method_19_counter,19,counter,7,3,True,0.69046,False
lit,whisper-medium,method_19_counter,19,counter,7,4,True,0.79174,False
lit,whisper-medium,method_19_counter,19,counter,7,5,True,0.84419,False
lit,whisper-medium,method_20,20,regular,3,1,True,-0.95865,True
lit,whisper-medium,method_20,20,regular,3,2,True,-2.56932,True
lit,whisper-medium,method_20,20,regular,3,3,False,-1.07554,False
lit,whisper-medium,method_20,20,regular,3,4,True,-2.08139,True
lit,whisper-medium,method_20,20,regular,3,5,True,-2.40559,True
lit,whisper-medium,method_20,20,regular,5,1,True,-2.66119,True
lit,whisper-medium,method_20,20,regular,5,2,True,-2.63463,True
lit,whisper-medium,method_20,20,regular,5,3,True,-2.71048,True
lit,whisper-medium,method_20,20,regular,5,4,True,-1.33671,True
lit,whisper-medium,method_20,20,regular,5,5,True,-1.36175,True
lit,whisper-medium,method_20,20,regular,7,1,True,-1.29289,True
lit,whisper-medium,method_20,20,regular,7,2,True,-2.57382,True
lit,whisper-medium,method_20,20,regular,7,3,True,-1.91021,True
lit,whisper-medium,method_20,20,regular,7,4,True,-3.04053,True
lit,whisper-medium,method_20,20,regular,7,5,True,-0.58258,False
lit,whisper-medium,method_20_counter,20,counter,3,1,True,-0.19525,False
lit,whisper-medium,method_20_counter,20,counter,3,2,True,-0.51557,False
lit,whisper-medium,method_20_counter,20,counter,3,3,True,-0.028,False
lit,whisper-medium,method_20_counter,20,counter,3,4,True,-0.55118,False
lit,whisper-medium,method_20_counter,20,counter,3,5,True,-0.54927,False
lit,whisper-medium,method_20_counter,20,counter,5,1,True,-0.55141,False
lit,whisper-medium,method_20_counter,20,counter,5,2,True,-0.60698,False
lit,whisper-medium,method_20_counter,20,counter,5,3,True,-0.33217,False
lit,whisper-medium,method_20_counter,20,counter,5,4,True,-0.67422,False
lit,whisper-medium,method_20_counter,20,counter,5,5,True,-0.99001,True
lit,whisper-medium,method_20_counter,20,counter,7,1,True,-0.94894,True
lit,whisper-medium,method_20_counter,20,counter,7,2,True,-0.61453,False
lit,whisper-medium,method_20_counter,20,counter,7,3,True,-1.1215,True
lit,whisper-medium,method_20_counter,20,counter,7,4,True,-0.35672,False
lit,whisper-medium,method_20_counter,20,counter,7,5,True,-0.81569,True
lit,whisper-medium,method_21,21,regular,3,1,True,-1.38937,True
lit,whisper-medium,method_21,21,regular,3,2,False,-0.94843,False
lit,whisper-medium,method_21,21,regular,3,3,True,-2.22126,True
lit,whisper-medium,method_21,21,regular,3,4,True,-1.45351,True
lit,whisper-medium,method_21,21,regular,3,5,False,0.20313,False
lit,whisper-medium,method_21,21,regular,5,1,True,-2.60404,True
lit,whisper-medium,method_21,21,regular,5,2,True,-2.35592,True
lit,whisper-medium,method_21,21,regular,5,3,True,-1.22442,True
lit,whisper-medium,method_21,21,regular,5,4,True,-2.7636,True
lit,whisper-medium,method_21,21,regular,5,5,True,-2.46085,True
lit,whisper-medium,method_21,21,regular,7,1,True,-2.68177,True
lit,whisper-medium,method_21,21,regular,7,2,True,-2.65038,True
lit,whisper-medium,method_21,21,regular,7,3,True,-1.35549,True
lit,whisper-medium,method_21,21,regular,7,4,True,-2.00207,True
lit,whisper-medium,method_21,21,regular,7,5,True,-2.66834,True
lit,whisper-medium,method_21_counter,21,counter,3,1,True,-0.2058,False
lit,whisper-medium,method_21_counter,21,counter,3,2,True,-0.25557,False
lit,whisper-medium,method_21_counter,21,counter,3,3,True,0.60721,False
lit,whisper-medium,method_21_counter,21,counter,3,4,True,-0.70728,False
lit,whisper-medium,method_21_counter,21,counter,3,5,True,-0.34667,False
lit,whisper-medium,method_21_counter,21,counter,5,1,True,-0.49121,False
lit,whisper-medium,method_21_counter,21,counter,5,2,True,-0.59722,False
lit,whisper-medium,method_21_counter,21,counter,5,3,True,-0.6298,False
lit,whisper-medium,method_21_counter,21,counter,5,4,True,-0.31239,False
lit,whisper-medium,method_21_counter,21,counter,5,5,True,-0.4498,False
lit,whisper-medium,method_21_counter,21,counter,7,1,True,-0.87462,True
lit,whisper-medium,method_21_counter,21,counter,7,2,True,-0.59421,False
lit,whisper-medium,method_21_counter,21,counter,7,3,True,-0.59211,False
lit,whisper-medium,method_21_counter,21,counter,7,4,True,-0.94021,True
lit,whisper-medium,method_21_counter,21,counter,7,5,True,-0.77696,True
lit,whisper-medium,method_27,27,regular,3,1,False,-0.86102,False
lit,whisper-medium,method_27,27,regular,3,2,False,-0.87431,False
lit,whisper-medium,method_27,27,regular,3,3,False,-0.87069,False
lit,whisper-medium,method_27,27,regular,3,4,False,-0.83015,False
lit,whisper-medium,method_27,27,regular,3,5,False,-0.82329,False
lit,whisper-medium,method_27,27,regular,5,1,False,-0.91374,False
lit,whisper-medium,method_27,27,regular,5,2,False,-1.037,False
lit,whisper-medium,method_27,27,regular,5,3,False,-0.91449,False
lit,whisper-medium,method_27,27,regular,5,4,False,-0.86923,False
lit,whisper-medium,method_27,27,regular,5,5,False,-0.83605,False
lit,whisper-medium,method_27,27,regular,7,1,False,-0.86247,False
lit,whisper-medium,method_27,27,regular,7,2,False,-0.88615,False
lit,whisper-medium,method_27,27,regular,7,3,False,-0.87038,False
lit,whisper-medium,method_27,27,regular,7,4,False,-0.89504,False
lit,whisper-medium,method_27,27,regular,7,5,False,-0.88756,False
lit,whisper-medium,method_27_counter,27,counter,3,1,True,-0.79086,True
lit,whisper-medium,method_27_counter,27,counter,3,2,True,-0.70519,False
lit,whisper-medium,method_27_counter,27,counter,3,3,True,-1.17313,True
lit,whisper-medium,method_27_counter,27,counter,3,4,True,-0.74348,False
lit,whisper-medium,method_27_counter,27,counter,3,5,True,-0.80203,True
lit,whisper-medium,method_27_counter,27,counter,5,1,True,-1.06879,True
lit,whisper-medium,method_27_counter,27,counter,5,2,True,-1.11574,True
lit,whisper-medium,method_27_counter,27,counter,5,3,True,-1.07137,True
lit,whisper-medium,method_27_counter,27,counter,5,4,True,-1.06311,True
lit,whisper-medium,method_27_counter,27,counter,5,5,True,-1.06361,True
lit,whisper-medium,method_27_counter,27,counter,7,1,True,-0.83928,True
lit,whisper-medium,method_27_counter,27,counter,7,2,True,-1.21781,True
lit,whisper-medium,method_27_counter,27,counter,7,3,True,-0.89781,True
lit,whisper-medium,method_27_counter,27,counter,7,4,True,-0.83296,True
lit,whisper-medium,method_27_counter,27,counter,7,5,True,-1.10902,True
lit,whisper-medium,method_28,28,regular,3,1,True,-1.28919,True
lit,whisper-medium,method_28,28,regular,3,2,True,-0.7345,False
lit,whisper-medium,method_28,28,regular,3,3,True,-1.777,True
lit,whisper-medium,method_28,28,regular,3,4,True,-1.34517,True
lit,whisper-medium,method_28,28,regular,3,5,True,-1.15417,True
lit,whisper-medium,method_28,28,regular,5,1,True,-1.4894,True
lit,whisper-medium,method_28,28,regular,5,2,True,-1.71766,True
lit,whisper-medium,method_28,28,regular,5,3,True,-1.36615,True
lit,whisper-medium,method_28,28,regular,5,4,True,-2.05522,True
lit,whisper-medium,method_28,28,regular,5,5,True,-1.98068,True
lit,whisper-medium,method_28,28,regular,7,1,True,-2.26719,True
lit,whisper-medium,method_28,28,regular,7,2,True,-2.37529,True
lit,whisper-medium,method_28,28,regular,7,3,True,-2.04471,True
lit,whisper-medium,method_28,28,regular,7,4,True,-2.34333,True
lit,whisper-medium,method_28,28,regular,7,5,True,-2.04688,True
lit,whisper-medium,method_28_counter,28,counter,3,1,True,-0.41015,False
lit,whisper-medium,method_28_counter,28,counter,3,2,True,-0.32796,False
lit,whisper-medium,method_28_counter,28,counter,3,3,True,-0.55866,False
lit,whisper-medium,method_28_counter,28,counter,3,4,True,-0.43933,False
lit,whisper-medium,method_28_counter,28,counter,3,5,True,-0.46095,False
lit,whisper-medium,method_28_counter,28,counter,5,1,True,-0.45267,False
lit,whisper-medium,method_28_counter,28,counter,5,2,True,-0.45685,False
lit,whisper-medium,method_28_counter,28,counter,5,3,True,-0.51103,False
lit,whisper-medium,method_28_counter,28,counter,5,4,True,-0.56202,False
lit,whisper-medium,method_28_counter,28,counter,5,5,True,-0.44422,False
lit,whisper-medium,method_28_counter,28,counter,7,1,True,-0.70808,False
lit,whisper-medium,method_28_counter,28,counter,7,2,True,-0.65882,False
lit,whisper-medium,method_28_counter,28,counter,7,3,True,-0.62052,False
lit,whisper-medium,method_28_counter,28,counter,7,4,True,-0.71755,False
lit,whisper-medium,method_28_counter,28,counter,7,5,True,-0.67175,False
lit,whisper-medium,method_29,29,regular,3,1,True,-1.37129,True
lit,whisper-medium,method_29,29,regular,3,2,True,-1.35617,True
lit,whisper-medium,method_29,29,regular,3,3,True,-1.27452,True
lit,whisper-medium,method_29,29,regular,3,4,True,-1.06979,True
lit,whisper-medium,method_29,29,regular,3,5,True,-1.10407,True
lit,whisper-medium,method_29,29,regular,5,1,True,-1.78959,True
lit,whisper-medium,method_29,29,regular,5,2,True,-1.5505,True
lit,whisper-medium,method_29,29,regular,5,3,True,-1.8637,True
lit,whisper-medium,method_29,29,regular,5,4,True,-1.76452,True
lit,whisper-medium,method_29,29,regular,5,5,True,-2.11355,True
lit,whisper-medium,method_29,29,regular,7,1,True,-2.19232,True
lit,whisper-medium,method_29,29,regular,7,2,True,-2.11609,True
lit,whisper-medium,method_29,29,regular,7,3,True,-1.95508,True
lit,whisper-medium,method_29,29,regular,7,4,True,-2.12937,True
lit,whisper-medium,method_29,29,regular,7,5,True,-1.8533,True
lit,whisper-medium,method_29_counter,29,counter,3,1,True,-0.51784,False
lit,whisper-medium,method_29_counter,29,counter,3,2,True,-0.43612,False
lit,whisper-medium,method_29_counter,29,counter,3,3,True,-0.49447,False
lit,whisper-medium,method_29_counter,29,counter,3,4,True,-0.49241,False
lit,whisper-medium,method_29_counter,29,counter,3,5,True,-0.45077,False
lit,whisper-medium,method_29_counter,29,counter,5,1,True,-0.56872,False
lit,whisper-medium,method_29_counter,29,counter,5,2,True,-0.4405,False
lit,whisper-medium,method_29_counter,29,counter,5,3,True,-0.46296,False
lit,whisper-medium,method_29_counter,29,counter,5,4,True,-0.56498,False
lit,whisper-medium,method_29_counter,29,counter,5,5,True,-0.59723,False
lit,whisper-medium,method_29_counter,29,counter,7,1,True,-0.64435,False
lit,whisper-medium,method_29_counter,29,counter,7,2,True,-0.73472,False
lit,whisper-medium,method_29_counter,29,counter,7,3,True,-0.7312,False
lit,whisper-medium,method_29_counter,29,counter,7,4,True,-0.86081,True
lit,whisper-medium,method_29_counter,29,counter,7,5,True,-0.62588,False
lit,whisper-medium,method_30,30,regular,3,1,True,-1.10131,True
lit,whisper-medium,method_30,30,regular,3,2,True,-1.12904,True
lit,whisper-medium,method_30,30,regular,3,3,True,-1.16542,True
lit,whisper-medium,method_30,30,regular,3,4,True,-1.46475,True
lit,whisper-medium,method_30,30,regular,3,5,True,-1.37705,True
lit,whisper-medium,method_30,30,regular,5,1,True,-1.89608,True
lit,whisper-medium,method_30,30,regular,5,2,True,-1.90899,True
lit,whisper-medium,method_30,30,regular,5,3,True,-2.023,True
lit,whisper-medium,method_30,30,regular,5,4,True,-1.68556,True
lit,whisper-medium,method_30,30,regular,5,5,True,-1.84271,True
lit,whisper-medium,method_30,30,regular,7,1,True,-1.66735,True
lit,whisper-medium,method_30,30,regular,7,2,True,-1.65063,True
lit,whisper-medium,method_30,30,regular,7,3,True,-2.32401,True
lit,whisper-medium,method_30,30,regular,7,4,True,-2.02168,True
lit,whisper-medium,method_30,30,regular,7,5,True,-2.1934,True
lit,whisper-medium,method_30_counter,30,counter,3,1,True,-0.4279,False
lit,whisper-medium,method_30_counter,30,counter,3,2,True,-0.49059,False
lit,whisper-medium,method_30_counter,30,counter,3,3,True,-0.47476,False
lit,whisper-medium,method_30_counter,30,counter,3,4,True,-0.58008,False
lit,whisper-medium,method_30_counter,30,counter,3,5,True,-0.46242,False
lit,whisper-medium,method_30_counter,30,counter,5,1,True,-0.51956,False
lit,whisper-medium,method_30_counter,30,counter,5,2,True,-0.47506,False
lit,whisper-medium,method_30_counter,30,counter,5,3,True,-0.60065,False
lit,whisper-medium,method_30_counter,30,counter,5,4,True,-0.45909,False
lit,whisper-medium,method_30_counter,30,counter,5,5,True,-0.54188,False
lit,whisper-medium,method_30_counter,30,counter,7,1,True,-0.5156,False
lit,whisper-medium,method_30_counter,30,counter,7,2,True,-0.56068,False
lit,whisper-medium,method_30_counter,30,counter,7,3,True,-0.7333,False
lit,whisper-medium,method_30_counter,30,counter,7,4,True,-0.63006,False
lit,whisper-medium,method_30_counter,30,counter,7,5,True,-0.64551,False
lit,whisper-medium,method_31,31,regular,3,1,True,-1.21234,True
lit,whisper-medium,method_31,31,regular,3,2,True,-1.61292,True
lit,whisper-medium,method_31,31,regular,3,3,True,-0.85545,True
lit,whisper-medium,method_31,31,regular,3,4,True,-1.32117,True
lit,whisper-medium,method_31,31,regular,3,5,True,-1.57121,True
lit,whisper-medium,method_31,31,regular,5,1,True,-1.65134,True
lit,whisper-medium,method_31,31,regular,5,2,True,-1.78896,True
lit,whisper-medium,method_31,31,regular,5,3,True,-1.94421,True
lit,whisper-medium,method_31,31,regular,5,4,True,-1.60164,True
lit,whisper-medium,method_31,31,regular,5,5,True,-1.92302,True
lit,whisper-medium,method_31,31,regular,7,1,True,-2.2689,True
lit,whisper-medium,method_31,31,regular,7,2,True,-2.37035,True
lit,whisper-medium,method_31,31,regular,7,3,True,-2.26366,True
lit,whisper-medium,method_31,31,regular,7,4,True,-2.24216,True
lit,whisper-medium,method_31,31,regular,7,5,True,-1.75834,True
lit,whisper-medium,method_31_counter,31,counter,3,1,True,-0.42072,False
lit,whisper-medium,method_31_counter,31,counter,3,2,True,-0.57048,False
lit,whisper-medium,method_31_counter,31,counter,3,3,True,-0.36617,False
lit,whisper-medium,method_31_counter,31,counter,3,4,True,-0.43225,False
lit,whisper-medium,method_31_counter,31,counter,3,5,True,-0.53034,False
lit,whisper-medium,method_31_counter,31,counter,5,1,True,-0.55748,False
lit,whisper-medium,method_31_counter,31,counter,5,2,True,-0.53678,False
lit,whisper-medium,method_31_counter,31,counter,5,3,True,-0.52932,False
lit,whisper-medium,method_31_counter,31,counter,5,4,True,-0.49501,False
lit,whisper-medium,method_31_counter,31,counter,5,5,True,-0.52573,False
lit,whisper-medium,method_31_counter,31,counter,7,1,True,-0.6276,False
lit,whisper-medium,method_31_counter,31,counter,7,2,True,-0.71385,False
lit,whisper-medium,method_31_counter,31,counter,7,3,True,-0.72987,False
lit,whisper-medium,method_31_counter,31,counter,7,4,True,-0.64871,False
lit,whisper-medium,method_31_counter,31,counter,7,5,True,-0.61371,False
lit,whisper-medium,method_32,32,regular,3,1,True,-1.19171,True
lit,whisper-medium,method_32,32,regular,3,2,True,-1.26403,True
lit,whisper-medium,method_32,32,regular,3,3,True,-0.89026,True
lit,whisper-medium,method_32,32,regular,3,4,True,-0.37423,False
lit,whisper-medium,method_32,32,regular,3,5,True,-1.73451,True
lit,whisper-medium,method_32,32,regular,5,1,True,-1.94682,True
lit,whisper-medium,method_32,32,regular,5,2,True,-1.94636,True
lit,whisper-medium,method_32,32,regular,5,3,True,-1.93752,True
lit,whisper-medium,method_32,32,regular,5,4,True,-1.88243,True
lit,whisper-medium,method_32,32,regular,5,5,True,-1.30177,True
lit,whisper-medium,method_32,32,regular,7,1,True,-1.74558,True
lit,whisper-medium,method_32,32,regular,7,2,True,-2.12331,True
lit,whisper-medium,method_32,32,regular,7,3,True,-2.26823,True
lit,whisper-medium,method_32,32,regular,7,4,True,-2.22236,True
lit,whisper-medium,method_32,32,regular,7,5,True,-2.34139,True
lit,whisper-medium,method_32_counter,32,counter,3,1,True,-0.43678,False
lit,whisper-medium,method_32_counter,32,counter,3,2,True,-0.31907,False
lit,whisper-medium,method_32_counter,32,counter,3,3,True,-0.52825,False
lit,whisper-medium,method_32_counter,32,counter,3,4,True,-0.32796,False
lit,whisper-medium,method_32_counter,32,counter,3,5,True,-0.57907,False
lit,whisper-medium,method_32_counter,32,counter,5,1,True,-0.50171,False
lit,whisper-medium,method_32_counter,32,counter,5,2,True,-0.5408,False
lit,whisper-medium,method_32_counter,32,counter,5,3,True,-0.66422,False
lit,whisper-medium,method_32_counter,32,counter,5,4,True,-0.56723,False
lit,whisper-medium,method_32_counter,32,counter,5,5,True,-0.45762,False
lit,whisper-medium,method_32_counter,32,counter,7,1,True,-0.60832,False
lit,whisper-medium,method_32_counter,32,counter,7,2,True,-0.74976,False
lit,whisper-medium,method_32_counter,32,counter,7,3,True,-0.74004,False
lit,whisper-medium,method_32_counter,32,counter,7,4,True,-0.62904,False
lit,whisper-medium,method_32_counter,32,counter,7,5,True,-0.75247,True
lit,whisper-medium,method_33,33,regular,3,1,True,-1.09913,True
lit,whisper-medium,method_33,33,regular,3,2,True,-0.76354,True
lit,whisper-medium,method_33,33,regular,3,3,True,-1.37271,True
lit,whisper-medium,method_33,33,regular,3,4,False,-1.17177,False
lit,whisper-medium,method_33,33,regular,3,5,True,-0.60003,False
lit,whisper-medium,method_33,33,regular,5,1,True,-0.53306,False
lit,whisper-medium,method_33,33,regular,5,2,True,-0.51601,False
lit,whisper-medium,method_33,33,regular,5,3,True,-0.49324,False
lit,whisper-medium,method_33,33,regular,5,4,True,-0.77486,True
lit,whisper-medium,method_33,33,regular,5,5,True,-0.71129,False
lit,whisper-medium,method_33,33,regular,7,1,True,-0.54203,False
lit,whisper-medium,method_33,33,regular,7,2,True,-0.46052,False
lit,whisper-medium,method_33,33,regular,7,3,True,-0.50382,False
lit,whisper-medium,method_33,33,regular,7,4,True,-0.55932,False
lit,whisper-medium,method_33,33,regular,7,5,True,-0.2992,False
lit,whisper-medium,method_33_counter,33,counter,3,1,True,-0.85954,True
lit,whisper-medium,method_33_counter,33,counter,3,2,True,-0.95839,True
lit,whisper-medium,method_33_counter,33,counter,3,3,True,-0.91477,True
lit,whisper-medium,method_33_counter,33,counter,3,4,True,-0.88888,True
lit,whisper-medium,method_33_counter,33,counter,3,5,True,-0.93899,True
lit,whisper-medium,method_33_counter,33,counter,5,1,True,-0.92793,True
lit,whisper-medium,method_33_counter,33,counter,5,2,True,-0.98221,True
lit,whisper-medium,method_33_counter,33,counter,5,3,True,-0.93295,True
lit,whisper-medium,method_33_counter,33,counter,5,4,True,-0.85701,True
lit,whisper-medium,method_33_counter,33,counter,5,5,True,-0.83255,True
lit,whisper-medium,method_33_counter,33,counter,7,1,True,-0.95416,True
lit,whisper-medium,method_33_counter,33,counter,7,2,True,-1.02976,True
lit,whisper-medium,method_33_counter,33,counter,7,3,True,-0.94937,True
lit,whisper-medium,method_33_counter,33,counter,7,4,True,-1.03697,True
lit,whisper-medium,method_33_counter,33,counter,7,5,True,-1.00307,True
lit,whisper-medium,method_37,37,regular,3,1,True,-0.79254,True
lit,whisper-medium,method_37,37,regular,3,2,True,-0.59799,False
lit,whisper-medium,method_37,37,regular,3,3,True,-0.6914,False
lit,whisper-medium,method_37,37,regular,3,4,True,-0.84016,True
lit,whisper-medium,method_37,37,regular,3,5,True,-0.87218,True
lit,whisper-medium,method_37,37,regular,5,1,True,-0.79001,True
lit,whisper-medium,method_37,37,regular,5,2,True,-0.76881,True
lit,whisper-medium,method_37,37,regular,5,3,True,-0.72146,False
lit,whisper-medium,method_37,37,regular,5,4,True,-0.70672,False
lit,whisper-medium,method_37,37,regular,5,5,True,-0.74962,False
lit,whisper-medium,method_37,37,regular,7,1,True,-0.78831,True
lit,whisper-medium,method_37,37,regular,7,2,True,-0.85311,True
lit,whisper-medium,method_37,37,regular,7,3,True,-0.79203,True
lit,whisper-medium,method_37,37,regular,7,4,True,-0.84941,True
lit,whisper-medium,method_37,37,regular,7,5,True,-0.82712,True
lit,whisper-medium,method_37_counter,37,counter,3,1,True,-1.06315,True
lit,whisper-medium,method_37_counter,37,counter,3,2,True,-1.28514,True
lit,whisper-medium,method_37_counter,37,counter,3,3,True,-0.98602,True
lit,whisper-medium,method_37_counter,37,counter,3,4,True,-0.9023,True
lit,whisper-medium,method_37_counter,37,counter,3,5,True,-0.84292,True
lit,whisper-medium,method_37_counter,37,counter,5,1,True,-0.92667,True
lit,whisper-medium,method_37_counter,37,counter,5,2,True,-0.99119,True
lit,whisper-medium,method_37_counter,37,counter,5,3,True,-1.04702,True
lit,whisper-medium,method_37_counter,37,counter,5,4,True,-0.97416,True
lit,whisper-medium,method_37_counter,37,counter,5,5,True,-0.98628,True
lit,whisper-medium,method_37_counter,37,counter,7,1,True,-0.96673,True
lit,whisper-medium,method_37_counter,37,counter,7,2,True,-0.94051,True
lit,whisper-medium,method_37_counter,37,counter,7,3,True,-0.85949,True
lit,whisper-medium,method_37_counter,37,counter,7,4,True,-0.92864,True
lit,whisper-medium,method_37_counter,37,counter,7,5,True,-1.01273,True
lit,whisper-medium,method_43,43,regular,3,1,True,-9.4625,True
lit,whisper-medium,method_43,43,regular,3,2,True,-9.59887,True
lit,whisper-medium,method_43,43,regular,3,3,True,-9.64305,True
lit,whisper-medium,method_43,43,regular,3,4,True,-9.51579,True
lit,whisper-medium,method_43,43,regular,3,5,True,-9.70116,True
lit,whisper-medium,method_43,43,regular,5,1,True,-9.69889,True
lit,whisper-medium,method_43,43,regular,5,2,True,-9.78646,True
lit,whisper-medium,method_43,43,regular,5,3,True,-8.5977,True
lit,whisper-medium,method_43,43,regular,5,4,True,-9.61837,True
lit,whisper-medium,method_43,43,regular,5,5,True,-9.56823,True
lit,whisper-medium,method_43,43,regular,7,1,True,-9.69908,True
lit,whisper-medium,method_43,43,regular,7,2,True,-9.56821,True
lit,whisper-medium,method_43,43,regular,7,3,True,-9.83168,True
lit,whisper-medium,method_43,43,regular,7,4,True,-10.0229,True
lit,whisper-medium,method_43,43,regular,7,5,True,-9.81959,True
lit,whisper-medium,method_43_counter,43,counter,3,1,False,1.16734,False
lit,whisper-medium,method_43_counter,43,counter,3,2,False,1.36292,False
lit,whisper-medium,method_43_counter,43,counter,3,3,False,0.14227,False
lit,whisper-medium,method_43_counter,43,counter,3,4,False,0.13385,False
lit,whisper-medium,method_43_counter,43,counter,3,5,False,-0.62281,False
lit,whisper-medium,method_43_counter,43,counter,5,1,False,-0.42393,False
lit,whisper-medium,method_43_counter,43,counter,5,2,False,1.74743,False
lit,whisper-medium,method_43_counter,43,counter,5,3,False,1.68562,False
lit,whisper-medium,method_43_counter,43,counter,5,4,False,1.73981,False
lit,whisper-medium,method_43_counter,43,counter,5,5,False,1.11786,False
lit,whisper-medium,method_43_counter,43,counter,7,1,False,1.20695,False
lit,whisper-medium,method_43_counter,43,counter,7,2,False,1.37843,False
lit,whisper-medium,method_43_counter,43,counter,7,3,False,1.23444,False
lit,whisper-medium,method_43_counter,43,counter,7,4,False,1.71803,False
lit,whisper-medium,method_43_counter,43,counter,7,5,False,2.04367,False
lit,whisper-medium,method_44,44,regular,3,1,True,-2.30171,True
lit,whisper-medium,method_44,44,regular,3,2,True,-1.99372,True
lit,whisper-medium,method_44,44,regular,3,3,True,-2.49082,True
lit,whisper-medium,method_44,44,regular,3,4,True,-2.56479,True
lit,whisper-medium,method_44,44,regular,3,5,True,-2.36578,True
lit,whisper-medium,method_44,44,regular,5,1,True,-2.36907,True
lit,whisper-medium,method_44,44,regular,5,2,True,-2.03911,True
lit,whisper-medium,method_44,44,regular,5,3,True,-2.36895,True
lit,whisper-medium,method_44,44,regular,5,4,True,-1.81137,True
lit,whisper-medium,method_44,44,regular,5,5,True,-2.50305,True
lit,whisper-medium,method_44,44,regular,7,1,True,-2.26202,True
lit,whisper-medium,method_44,44,regular,7,2,True,-1.90208,True
lit,whisper-medium,method_44,44,regular,7,3,True,-2.80393,True
lit,whisper-medium,method_44,44,regular,7,4,True,-2.11865,True
lit,whisper-medium,method_44,44,regular,7,5,True,-2.28458,True
lit,whisper-medium,method_44_counter,44,counter,3,1,True,-6.29052,True
lit,whisper-medium,method_44_counter,44,counter,3,2,True,-6.29048,True
lit,whisper-medium,method_44_counter,44,counter,3,3,True,-6.30054,True
lit,whisper-medium,method_44_counter,44,counter,3,4,True,-6.21832,True
lit,whisper-medium,method_44_counter,44,counter,3,5,True,-5.90334,True
lit,whisper-medium,method_44_counter,44,counter,5,1,True,-6.16104,True
lit,whisper-medium,method_44_counter,44,counter,5,2,True,-6.3097,True
lit,whisper-medium,method_44_counter,44,counter,5,3,True,-6.47887,True
lit,whisper-medium,method_44_counter,44,counter,5,4,True,-2.40287,True
lit,whisper-medium,method_44_counter,44,counter,5,5,True,-6.12452,True
lit,whisper-medium,method_44_counter,44,counter,7,1,True,-6.46788,True
lit,whisper-medium,method_44_counter,44,counter,7,2,True,-6.23488,True
lit,whisper-medium,method_44_counter,44,counter,7,3,True,-6.37816,True
lit,whisper-medium,method_44_counter,44,counter,7,4,True,-6.25878,True
lit,whisper-medium,method_44_counter,44,counter,7,5,True,-1.46381,True
lit,whisper-medium,method_53,53,regular,3,1,True,-1.94429,True
lit,whisper-medium,method_53,53,regular,3,2,True,-2.32563,True
lit,whisper-medium,method_53,53,regular,3,3,True,-2.34651,True
lit,whisper-medium,method_53,53,regular,3,4,True,-1.57803,True
lit,whisper-medium,method_53,53,regular,3,5,True,-1.89535,True
lit,whisper-medium,method_53,53,regular,5,1,True,-2.48405,True
lit,whisper-medium,method_53,53,regular,5,2,True,-1.85471,True
lit,whisper-medium,method_53,53,regular,5,3,True,-1.86988,True
lit,whisper-medium,method_53,53,regular,5,4,True,-2.76019,True
lit,whisper-medium,method_53,53,regular,5,5,True,-2.15206,True
lit,whisper-medium,method_53,53,regular,7,1,True,-2.47274,True
lit,whisper-medium,method_53,53,regular,7,2,True,-2.65741,True
lit,whisper-medium,method_53,53,regular,7,3,True,-2.41304,True
lit,whisper-medium,method_53,53,regular,7,4,True,-2.22153,True
lit,whisper-medium,method_53,53,regular,7,5,True,-1.91833,True
lit,whisper-medium,method_53_counter,53,counter,3,1,True,-0.48555,False
lit,whisper-medium,method_53_counter,53,counter,3,2,True,-0.59216,False
lit,whisper-medium,method_53_counter,53,counter,3,3,True,-0.65096,False
lit,whisper-medium,method_53_counter,53,counter,3,4,True,-0.4635,False
lit,whisper-medium,method_53_counter,53,counter,3,5,True,-0.54875,False
lit,whisper-medium,method_53_counter,53,counter,5,1,True,-0.62089,False
lit,whisper-medium,method_53_counter,53,counter,5,2,True,-0.56801,False
lit,whisper-medium,method_53_counter,53,counter,5,3,True,-0.50896,False
lit,whisper-medium,method_53_counter,53,counter,5,4,True,-0.63292,False
lit,whisper-medium,method_53_counter,53,counter,5,5,True,-0.65899,False
lit,whisper-medium,method_53_counter,53,counter,7,1,True,-0.59156,False
lit,whisper-medium,method_53_counter,53,counter,7,2,True,-0.63988,False
lit,whisper-medium,method_53_counter,53,counter,7,3,True,-0.63464,False
lit,whisper-medium,method_53_counter,53,counter,7,4,True,-0.55701,False
lit,whisper-medium,method_53_counter,53,counter,7,5,True,-0.61112,False
lit,whisper-medium,method_55,55,regular,3,1,True,-0.47269,False
lit,whisper-medium,method_55,55,regular,3,2,True,-0.39526,False
lit,whisper-medium,method_55,55,regular,3,3,True,-0.73936,False
lit,whisper-medium,method_55,55,regular,3,4,True,-1.51363,True
lit,whisper-medium,method_55,55,regular,3,5,True,-2.00989,True
lit,whisper-medium,method_55,55,regular,5,1,True,-0.32164,False
lit,whisper-medium,method_55,55,regular,5,2,True,-0.60544,False
lit,whisper-medium,method_55,55,regular,5,3,True,-0.80504,True
lit,whisper-medium,method_55,55,regular,5,4,True,-0.37068,False
lit,whisper-medium,method_55,55,regular,5,5,False,2.79441,False
lit,whisper-medium,method_55,55,regular,7,1,True,-0.53458,False
lit,whisper-medium,method_55,55,regular,7,2,True,-1.60222,True
lit,whisper-medium,method_55,55,regular,7,3,True,-1.23829,True
lit,whisper-medium,method_55,55,regular,7,4,True,2.69787,False
lit,whisper-medium,method_55,55,regular,7,5,True,-2.34528,True
lit,whisper-medium,method_55_counter,55,counter,3,1,True,0.24278,False
lit,whisper-medium,method_55_counter,55,counter,3,2,True,0.23374,False
lit,whisper-medium,method_55_counter,55,counter,3,3,True,0.21768,False
lit,whisper-medium,method_55_counter,55,counter,3,4,True,0.27225,False
lit,whisper-medium,method_55_counter,55,counter,3,5,True,0.11614,False
lit,whisper-medium,method_55_counter,55,counter,5,1,True,0.17721,False
lit,whisper-medium,method_55_counter,55,counter,5,2,True,0.39367,False
lit,whisper-medium,method_55_counter,55,counter,5,3,True,0.02689,False
lit,whisper-medium,method_55_counter,55,counter,5,4,True,0.38031,False
lit,whisper-medium,method_55_counter,55,counter,5,5,True,-0.33878,False
lit,whisper-medium,method_55_counter,55,counter,7,1,True,-0.28355,False
lit,whisper-medium,method_55_counter,55,counter,7,2,True,0.29541,False
lit,whisper-medium,method_55_counter,55,counter,7,3,True,-0.09743,False
lit,whisper-medium,method_55_counter,55,counter,7,4,True,-1.59595,True
lit,whisper-medium,method_55_counter,55,counter,7,5,True,0.61309,False
lit,whisper-medium,method_60,60,regular,3,1,True,-1.62277,True
lit,whisper-medium,method_60,60,regular,3,2,True,-0.99196,True
lit,whisper-medium,method_60,60,regular,3,3,True,-1.58286,True
lit,whisper-medium,method_60,60,regular,3,4,True,-1.02105,True
lit,whisper-medium,method_60,60,regular,3,5,True,-1.10062,True
lit,whisper-medium,method_60,60,regular,5,1,True,-2.83966,True
lit,whisper-medium,method_60,60,regular,5,2,True,-1.16706,True
lit,whisper-medium,method_60,60,regular,5,3,True,-2.06084,True
lit,whisper-medium,method_60,60,regular,5,4,True,-1.89334,True
lit,whisper-medium,method_60,60,regular,5,5,True,-2.40946,True
lit,whisper-medium,method_60,60,regular,7,1,True,-3.37707,True
lit,whisper-medium,method_60,60,regular,7,2,True,-2.4202,True
lit,whisper-medium,method_60,60,regular,7,3,True,-2.96114,True
lit,whisper-medium,method_60,60,regular,7,4,True,-3.11558,True
lit,whisper-medium,method_60,60,regular,7,5,True,-2.82667,True
lit,whisper-medium,method_60_counter,60,counter,3,1,True,-0.25135,False
lit,whisper-medium,method_60_counter,60,counter,3,2,True,-0.19269,False
lit,whisper-medium,method_60_counter,60,counter,3,3,True,-0.12598,False
lit,whisper-medium,method_60_counter,60,counter,3,4,True,0.00135,False
lit,whisper-medium,method_60_counter,60,counter,3,5,True,-0.15034,False
lit,whisper-medium,method_60_counter,60,counter,5,1,True,-0.22634,False
lit,whisper-medium,method_60_counter,60,counter,5,2,True,0.04583,False
lit,whisper-medium,method_60_counter,60,counter,5,3,True,-0.13052,False
lit,whisper-medium,method_60_counter,60,counter,5,4,True,-0.08478,False
lit,whisper-medium,method_60_counter,60,counter,5,5,True,-0.19391,False
lit,whisper-medium,method_60_counter,60,counter,7,1,True,-0.30903,False
lit,whisper-medium,method_60_counter,60,counter,7,2,True,-0.17066,False
lit,whisper-medium,method_60_counter,60,counter,7,3,True,-0.22373,False
lit,whisper-medium,method_60_counter,60,counter,7,4,True,-0.2783,False
lit,whisper-medium,method_60_counter,60,counter,7,5,True,-0.17929,False
lit,whisper-medium,method_72,72,regular,3,1,True,-1.33938,True
lit,whisper-medium,method_72,72,regular,3,2,True,-1.44972,True
lit,whisper-medium,method_72,72,regular,3,3,True,-1.40353,True
lit,whisper-medium,method_72,72,regular,3,4,True,-1.46813,True
lit,whisper-medium,method_72,72,regular,3,5,True,-1.74784,True
lit,whisper-medium,method_72,72,regular,5,1,True,-1.93154,True
lit,whisper-medium,method_72,72,regular,5,2,True,-1.98212,True
lit,whisper-medium,method_72,72,regular,5,3,True,-2.23969,True
lit,whisper-medium,method_72,72,regular,5,4,True,-2.38657,True
lit,whisper-medium,method_72,72,regular,5,5,True,-1.62257,True
lit,whisper-medium,method_72,72,regular,7,1,True,-1.77213,True
lit,whisper-medium,method_72,72,regular,7,2,True,-1.69235,True
lit,whisper-medium,method_72,72,regular,7,3,True,-1.81528,True
lit,whisper-medium,method_72,72,regular,7,4,True,-1.94664,True
lit,whisper-medium,method_72,72,regular,7,5,True,-1.77672,True
lit,whisper-medium,method_72_counter,72,counter,3,1,True,-0.60295,False
lit,whisper-medium,method_72_counter,72,counter,3,2,True,-0.57762,False
lit,whisper-medium,method_72_counter,72,counter,3,3,True,-0.21786,False
lit,whisper-medium,method_72_counter,72,counter,3,4,True,-0.41677,False
lit,whisper-medium,method_72_counter,72,counter,3,5,True,-0.41311,False
lit,whisper-medium,method_72_counter,72,counter,5,1,True,-0.23627,False
lit,whisper-medium,method_72_counter,72,counter,5,2,True,-0.20114,False
lit,whisper-medium,method_72_counter,72,counter,5,3,True,-0.32936,False
lit,whisper-medium,method_72_counter,72,counter,5,4,True,-0.27597,False
lit,whisper-medium,method_72_counter,72,counter,5,5,True,-0.29423,False
lit,whisper-medium,method_72_counter,72,counter,7,1,True,-0.34327,False
lit,whisper-medium,method_72_counter,72,counter,7,2,True,-0.00909,False
lit,whisper-medium,method_72_counter,72,counter,7,3,True,-0.38196,False
lit,whisper-medium,method_72_counter,72,counter,7,4,True,-0.3342,False
lit,whisper-medium,method_72_counter,72,counter,7,5,True,-0.45547,False
lit,whisper-medium,method_74,74,regular,3,1,True,-1.01543,True
lit,whisper-medium,method_74,74,regular,3,2,True,-0.94514,True
lit,whisper-medium,method_74,74,regular,3,3,True,-1.06561,True
lit,whisper-medium,method_74,74,regular,3,4,True,-0.97959,True
lit,whisper-medium,method_74,74,regular,3,5,True,-0.80311,True
lit,whisper-medium,method_74,74,regular,5,1,True,-1.14156,True
lit,whisper-medium,method_74,74,regular,5,2,True,-0.83056,True
lit,whisper-medium,method_74,74,regular,5,3,True,-1.02935,True
lit,whisper-medium,method_74,74,regular,5,4,True,-1.08435,True
lit,whisper-medium,method_74,74,regular,5,5,True,-1.12248,True
lit,whisper-medium,method_74,74,regular,7,1,True,-1.15006,True
lit,whisper-medium,method_74,74,regular,7,2,True,-1.09046,True
lit,whisper-medium,method_74,74,regular,7,3,True,-1.18053,True
lit,whisper-medium,method_74,74,regular,7,4,True,-1.17577,True
lit,whisper-medium,method_74,74,regular,7,5,True,-1.17577,True
lit,whisper-medium,method_74_counter,74,counter,3,1,True,-0.25481,False
lit,whisper-medium,method_74_counter,74,counter,3,2,True,-1.78215,True
lit,whisper-medium,method_74_counter,74,counter,3,3,True,-0.53997,False
lit,whisper-medium,method_74_counter,74,counter,3,4,True,-0.44222,False
lit,whisper-medium,method_74_counter,74,counter,3,5,True,-0.54221,False
lit,whisper-medium,method_74_counter,74,counter,5,1,True,-1.28561,True
lit,whisper-medium,method_74_counter,74,counter,5,2,True,-0.39645,False
lit,whisper-medium,method_74_counter,74,counter,5,3,True,-0.34201,False
lit,whisper-medium,method_74_counter,74,counter,5,4,True,-1.55834,True
lit,whisper-medium,method_74_counter,74,counter,5,5,True,-0.62918,False
lit,whisper-medium,method_74_counter,74,counter,7,1,True,-1.78763,True
lit,whisper-medium,method_74_counter,74,counter,7,2,True,-1.09988,True
lit,whisper-medium,method_74_counter,74,counter,7,3,True,-1.26806,True
lit,whisper-medium,method_74_counter,74,counter,7,4,True,-1.8275,True
lit,whisper-medium,method_74_counter,74,counter,7,5,True,-1.8275,True
lit,whisper-medium,method_75,75,regular,3,1,True,-1.63467,True
lit,whisper-medium,method_75,75,regular,3,2,True,-1.54413,True
lit,whisper-medium,method_75,75,regular,3,3,True,-1.64248,True
lit,whisper-medium,method_75,75,regular,3,4,True,-1.78976,True
lit,whisper-medium,method_75,75,regular,3,5,True,-1.70667,True
lit,whisper-medium,method_75,75,regular,5,1,True,-1.65579,True
lit,whisper-medium,method_75,75,regular,5,2,True,-1.7598,True
lit,whisper-medium,method_75,75,regular,5,3,True,-1.61518,True
lit,whisper-medium,method_75,75,regular,5,4,True,-1.69841,True
lit,whisper-medium,method_75,75,regular,5,5,True,-1.46575,True
lit,whisper-medium,method_75,75,regular,7,1,True,-1.70319,True
lit,whisper-medium,method_75,75,regular,7,2,True,-1.66408,True
lit,whisper-medium,method_75,75,regular,7,3,True,-1.81354,True
lit,whisper-medium,method_75,75,regular,7,4,True,-2.01128,True
lit,whisper-medium,method_75,75,regular,7,5,True,-2.1194,True
lit,whisper-medium,method_75_counter,75,counter,3,1,True,-0.46379,False
lit,whisper-medium,method_75_counter,75,counter,3,2,True,-0.29753,False
lit,whisper-medium,method_75_counter,75,counter,3,3,True,-0.25211,False
lit,whisper-medium,method_75_counter,75,counter,3,4,True,-0.23304,False
lit,whisper-medium,method_75_counter,75,counter,3,5,True,-0.47892,False
lit,whisper-medium,method_75_counter,75,counter,5,1,True,-0.36331,False
lit,whisper-medium,method_75_counter,75,counter,5,2,True,-0.48258,False
lit,whisper-medium,method_75_counter,75,counter,5,3,True,-0.5568,False
lit,whisper-medium,method_75_counter,75,counter,5,4,True,-0.39273,False
lit,whisper-medium,method_75_counter,75,counter,5,5,True,-0.46295,False
lit,whisper-medium,method_75_counter,75,counter,7,1,True,-0.12994,False
lit,whisper-medium,method_75_counter,75,counter,7,2,True,-0.40409,False
lit,whisper-medium,method_75_counter,75,counter,7,3,True,-0.47972,False
lit,whisper-medium,method_75_counter,75,counter,7,4,True,-0.26019,False
lit,whisper-medium,method_75_counter,75,counter,7,5,True,-0.29168,False
lit,whisper-small,method_09,9,regular,3,1,True,-0.99827,True
lit,whisper-small,method_09,9,regular,3,2,True,-1.11003,True
lit,whisper-small,method_09,9,regular,3,3,True,-1.09317,True
lit,whisper-small,method_09,9,regular,3,4,True,-1.05066,True
lit,whisper-small,method_09,9,regular,3,5,True,-1.04634,True
lit,whisper-small,method_09,9,regular,5,1,True,-1.10346,True
lit,whisper-small,method_09,9,regular,5,2,True,-1.0506,True
lit,whisper-small,method_09,9,regular,5,3,True,-1.03922,True
lit,whisper-small,method_09,9,regular,5,4,True,-1.02711,True
lit,whisper-small,method_09,9,regular,5,5,True,-1.04591,True
lit,whisper-small,method_09,9,regular,7,1,True,-1.12402,True
lit,whisper-small,method_09,9,regular,7,2,True,-1.14268,True
lit,whisper-small,method_09,9,regular,7,3,True,-1.0927,True
lit,whisper-small,method_09,9,regular,7,4,True,-1.08462,True
lit,whisper-small,method_09,9,regular,7,5,True,-1.14156,True
lit,whisper-small,method_09_counter,9,counter,3,1,False,0.07685,False
lit,whisper-small,method_09_counter,9,counter,3,2,False,0.02632,False
lit,whisper-small,method_09_counter,9,counter,3,3,False,0.01604,False
lit,whisper-small,method_09_counter,9,counter,3,4,False,0.00154,False
lit,whisper-small,method_09_counter,9,counter,3,5,False,0.01433,False
lit,whisper-small,method_09_counter,9,counter,5,1,False,0.02738,False
lit,whisper-small,method_09_counter,9,counter,5,2,False,0.00538,False
lit,whisper-small,method_09_counter,9,counter,5,3,False,0.19182,False
lit,whisper-small,method_09_counter,9,counter,5,4,False,-0.00047,False
lit,whisper-small,method_09_counter,9,counter,5,5,False,0.01357,False
lit,whisper-small,method_09_counter,9,counter,7,1,True,0.00221,False
lit,whisper-small,method_09_counter,9,counter,7,2,True,-0.03753,False
lit,whisper-small,method_09_counter,9,counter,7,3,False,0.0408,False
lit,whisper-small,method_09_counter,9,counter,7,4,False,0.03583,False
lit,whisper-small,method_09_counter,9,counter,7,5,False,-0.01914,False
lit,whisper-small,method_10,10,regular,3,1,True,0.2289,False
lit,whisper-small,method_10,10,regular,3,2,True,0.22466,False
lit,whisper-small,method_10,10,regular,3,3,True,0.20916,False
lit,whisper-small,method_10,10,regular,3,4,True,0.19145,False
lit,whisper-small,method_10,10,regular,3,5,True,0.20971,False
lit,whisper-small,method_10,10,regular,5,1,True,-0.15127,False
lit,whisper-small,method_10,10,regular,5,2,True,-0.17388,False
lit,whisper-small,method_10,10,regular,5,3,True,-0.16837,False
lit,whisper-small,method_10,10,regular,5,4,True,-0.17826,False
lit,whisper-small,method_10,10,regular,5,5,True,-0.1426,False
lit,whisper-small,method_10,10,regular,7,1,True,-0.18295,False
lit,whisper-small,method_10,10,regular,7,2,True,-0.17101,False
lit,whisper-small,method_10,10,regular,7,3,True,-0.17728,False
lit,whisper-small,method_10,10,regular,7,4,True,-0.16683,False
lit,whisper-small,method_10,10,regular,7,5,True,-0.16311,False
lit,whisper-small,method_10_counter,10,counter,3,1,True,-0.84791,True
lit,whisper-small,method_10_counter,10,counter,3,2,True,-0.84627,True
lit,whisper-small,method_10_counter,10,counter,3,3,True,-0.83934,True
lit,whisper-small,method_10_counter,10,counter,3,4,True,-0.80117,True
lit,whisper-small,method_10_counter,10,counter,3,5,True,-0.83025,True
lit,whisper-small,method_10_counter,10,counter,5,1,True,-0.6746,False
lit,whisper-small,method_10_counter,10,counter,5,2,True,-0.66406,False
lit,whisper-small,method_10_counter,10,counter,5,3,True,-0.63484,False
lit,whisper-small,method_10_counter,10,counter,5,4,True,-0.6718,False
lit,whisper-small,method_10_counter,10,counter,5,5,True,-0.69994,False
lit,whisper-small,method_10_counter,10,counter,7,1,True,-0.68806,False
lit,whisper-small,method_10_counter,10,counter,7,2,True,-0.65416,False
lit,whisper-small,method_10_counter,10,counter,7,3,True,-0.68281,False
lit,whisper-small,method_10_counter,10,counter,7,4,True,-0.68435,False
lit,whisper-small,method_10_counter,10,counter,7,5,True,-0.69186,False
lit,whisper-small,method_12,12,regular,3,1,True,-0.30434,False
lit,whisper-small,method_12,12,regular,3,2,True,-0.3302,False
lit,whisper-small,method_12,12,regular,3,3,True,-0.31445,False
lit,whisper-small,method_12,12,regular,3,4,True,-0.32722,False
lit,whisper-small,method_12,12,regular,3,5,True,-0.33439,False
lit,whisper-small,method_12,12,regular,5,1,True,-0.39223,False
lit,whisper-small,method_12,12,regular,5,2,True,-0.36914,False
lit,whisper-small,method_12,12,regular,5,3,True,-0.35644,False
lit,whisper-small,method_12,12,regular,5,4,True,-0.37449,False
lit,whisper-small,method_12,12,regular,5,5,True,-0.35931,False
lit,whisper-small,method_12,12,regular,7,1,True,-0.33117,False
lit,whisper-small,method_12,12,regular,7,2,True,-0.33007,False
lit,whisper-small,method_12,12,regular,7,3,True,-0.33378,False
lit,whisper-small,method_12,12,regular,7,4,True,-0.33098,False
lit,whisper-small,method_12,12,regular,7,5,True,-0.32422,False
lit,whisper-small,method_12_counter,12,counter,3,1,False,0.05603,False
lit,whisper-small,method_12_counter,12,counter,3,2,False,0.0437,False
lit,whisper-small,method_12_counter,12,counter,3,3,False,0.05916,False
lit,whisper-small,method_12_counter,12,counter,3,4,False,0.06094,False
lit,whisper-small,method_12_counter,12,counter,3,5,False,0.04453,False
lit,whisper-small,method_12_counter,12,counter,5,1,False,0.11926,False
lit,whisper-small,method_12_counter,12,counter,5,2,False,0.12351,False
lit,whisper-small,method_12_counter,12,counter,5,3,False,0.12059,False
lit,whisper-small,method_12_counter,12,counter,5,4,False,0.10292,False
lit,whisper-small,method_12_counter,12,counter,5,5,False,0.1088,False
lit,whisper-small,method_12_counter,12,counter,7,1,False,0.10159,False
lit,whisper-small,method_12_counter,12,counter,7,2,False,0.09728,False
lit,whisper-small,method_12_counter,12,counter,7,3,False,0.08803,False
lit,whisper-small,method_12_counter,12,counter,7,4,False,0.10623,False
lit,whisper-small,method_12_counter,12,counter,7,5,False,0.11095,False
lit,whisper-small,method_17,17,regular,3,1,True,-0.19035,False
lit,whisper-small,method_17,17,regular,3,2,True,-0.06431,False
lit,whisper-small,method_17,17,regular,3,3,True,-0.1838,False
lit,whisper-small,method_17,17,regular,3,4,True,-0.20217,False
lit,whisper-small,method_17,17,regular,3,5,True,-0.2172,False
lit,whisper-small,method_17,17,regular,5,1,True,-0.17736,False
lit,whisper-small,method_17,17,regular,5,2,True,-0.27811,False
lit,whisper-small,method_17,17,regular,5,3,True,-0.20245,False
lit,whisper-small,method_17,17,regular,5,4,True,-0.19786,False
lit,whisper-small,method_17,17,regular,5,5,True,-0.27792,False
lit,whisper-small,method_17,17,regular,7,1,True,-0.27147,False
lit,whisper-small,method_17,17,regular,7,2,True,-0.34907,False
lit,whisper-small,method_17,17,regular,7,3,True,-0.32177,False
lit,whisper-small,method_17,17,regular,7,4,True,-0.31252,False
lit,whisper-small,method_17,17,regular,7,5,True,-0.28313,False
lit,whisper-small,method_17_counter,17,counter,3,1,True,-1.33993,True
lit,whisper-small,method_17_counter,17,counter,3,2,True,-1.46168,True
lit,whisper-small,method_17_counter,17,counter,3,3,True,-1.39124,True
lit,whisper-small,method_17_counter,17,counter,3,4,True,-1.40036,True
lit,whisper-small,method_17_counter,17,counter,3,5,True,-1.33585,True
lit,whisper-small,method_17_counter,17,counter,5,1,True,-1.06499,True
lit,whisper-small,method_17_counter,17,counter,5,2,True,-1.02488,True
lit,whisper-small,method_17_counter,17,counter,5,3,True,-1.07491,True
lit,whisper-small,method_17_counter,17,counter,5,4,True,-1.05095,True
lit,whisper-small,method_17_counter,17,counter,5,5,True,-1.14342,True
lit,whisper-small,method_17_counter,17,counter,7,1,True,-1.05736,True
lit,whisper-small,method_17_counter,17,counter,7,2,True,-0.9668,True
lit,whisper-small,method_17_counter,17,counter,7,3,True,-1.07459,True
lit,whisper-small,method_17_counter,17,counter,7,4,True,-0.98896,True
lit,whisper-small,method_17_counter,17,counter,7,5,True,-1.0204,True
lit,whisper-small,method_18,18,regular,3,1,True,-0.20264,False
lit,whisper-small,method_18,18,regular,3,2,True,-0.03205,False
lit,whisper-small,method_18,18,regular,3,3,True,-0.25781,False
lit,whisper-small,method_18,18,regular,3,4,True,-0.23748,False
lit,whisper-small,method_18,18,regular,3,5,True,-0.20632,False
lit,whisper-small,method_18,18,regular,5,1,True,-0.18741,False
lit,whisper-small,method_18,18,regular,5,2,True,-0.16764,False
lit,whisper-small,method_18,18,regular,5,3,True,-0.18269,False
lit,whisper-small,method_18,18,regular,5,4,True,-0.30494,False
lit,whisper-small,method_18,18,regular,5,5,True,-0.23076,False
lit,whisper-small,method_18,18,regular,7,1,True,-0.33161,False
lit,whisper-small,method_18,18,regular,7,2,True,-0.25327,False
lit,whisper-small,method_18,18,regular,7,3,True,-0.27655,False
lit,whisper-small,method_18,18,regular,7,4,True,-0.29925,False
lit,whisper-small,method_18,18,regular,7,5,True,-0.28705,False
lit,whisper-small,method_18_counter,18,counter,3,1,True,-1.31941,True
lit,whisper-small,method_18_counter,18,counter,3,2,True,-1.4632,True
lit,whisper-small,method_18_counter,18,counter,3,3,True,-1.34706,True
lit,whisper-small,method_18_counter,18,counter,3,4,True,-1.30104,True
lit,whisper-small,method_18_counter,18,counter,3,5,True,-1.3407,True
lit,whisper-small,method_18_counter,18,counter,5,1,True,-1.08686,True
lit,whisper-small,method_18_counter,18,counter,5,2,True,-1.04981,True
lit,whisper-small,method_18_counter,18,counter,5,3,True,-1.08776,True
lit,whisper-small,method_18_counter,18,counter,5,4,True,-1.09799,True
lit,whisper-small,method_18_counter,18,counter,5,5,True,-1.14124,True
lit,whisper-small,method_18_counter,18,counter,7,1,True,-1.00493,True
lit,whisper-small,method_18_counter,18,counter,7,2,True,-0.97848,True
lit,whisper-small,method_18_counter,18,counter,7,3,True,-1.10201,True
lit,whisper-small,method_18_counter,18,counter,7,4,True,-1.15327,True
lit,whisper-small,method_18_counter,18,counter,7,5,True,-1.09728,True
lit,whisper-small,method_19,19,regular,3,1,True,-0.2063,False
lit,whisper-small,method_19,19,regular,3,2,True,-0.22106,False
lit,whisper-small,method_19,19,regular,3,3,True,-0.191,False
lit,whisper-small,method_19,19,regular,3,4,True,-0.19751,False
lit,whisper-small,method_19,19,regular,3,5,True,-0.24974,False
lit,whisper-small,method_19,19,regular,5,1,True,-0.28435,False
lit,whisper-small,method_19,19,regular,5,2,True,-0.26677,False
lit,whisper-small,method_19,19,regular,5,3,True,-0.22282,False
lit,whisper-small,method_19,19,regular,5,4,True,-0.24958,False
lit,whisper-small,method_19,19,regular,5,5,True,-0.23964,False
lit,whisper-small,method_19,19,regular,7,1,True,-0.27415,False
lit,whisper-small,method_19,19,regular,7,2,True,-0.28616,False
lit,whisper-small,method_19,19,regular,7,3,True,-0.26851,False
lit,whisper-small,method_19,19,regular,7,4,True,-0.28952,False
lit,whisper-small,method_19,19,regular,7,5,True,-0.32811,False
lit,whisper-small,method_19_counter,19,counter,3,1,True,-1.38293,True
lit,whisper-small,method_19_counter,19,counter,3,2,True,-1.33081,True
lit,whisper-small,method_19_counter,19,counter,3,3,True,-1.41473,True
lit,whisper-small,method_19_counter,19,counter,3,4,True,-1.30091,True
lit,whisper-small,method_19_counter,19,counter,3,5,True,-1.3909,True
lit,whisper-small,method_19_counter,19,counter,5,1,True,-1.15678,True
lit,whisper-small,method_19_counter,19,counter,5,2,True,-1.10906,True
lit,whisper-small,method_19_counter,19,counter,5,3,True,-1.21477,True
lit,whisper-small,method_19_counter,19,counter,5,4,True,-1.18476,True
lit,whisper-small,method_19_counter,19,counter,5,5,True,-1.0983,True
lit,whisper-small,method_19_counter,19,counter,7,1,True,-1.04254,True
lit,whisper-small,method_19_counter,19,counter,7,2,True,-1.03596,True
lit,whisper-small,method_19_counter,19,counter,7,3,True,-1.10581,True
lit,whisper-small,method_19_counter,19,counter,7,4,True,-1.06556,True
lit,whisper-small,method_19_counter,19,counter,7,5,True,-0.97936,True
lit,whisper-small,method_20,20,regular,3,1,True,-1.37989,True
lit,whisper-small,method_20,20,regular,3,2,True,-1.43179,True
lit,whisper-small,method_20,20,regular,3,3,True,-1.38166,True
lit,whisper-small,method_20,20,regular,3,4,True,-1.39252,True
lit,whisper-small,method_20,20,regular,3,5,True,-1.43315,True
lit,whisper-small,method_20,20,regular,5,1,True,-1.51824,True
lit,whisper-small,method_20,20,regular,5,2,True,-1.50961,True
lit,whisper-small,method_20,20,regular,5,3,True,-1.42238,True
lit,whisper-small,method_20,20,regular,5,4,True,-1.48174,True
lit,whisper-small,method_20,20,regular,5,5,True,-1.49977,True
lit,whisper-small,method_20,20,regular,7,1,True,-1.58158,True
lit,whisper-small,method_20,20,regular,7,2,True,-1.5304,True
lit,whisper-small,method_20,20,regular,7,3,True,-1.62047,True
lit,whisper-small,method_20,20,regular,7,4,True,-1.49177,True
lit,whisper-small,method_20,20,regular,7,5,True,-1.58342,True
lit,whisper-small,method_20_counter,20,counter,3,1,True,-0.22276,False
lit,whisper-small,method_20_counter,20,counter,3,2,True,-0.19994,False
lit,whisper-small,method_20_counter,20,counter,3,3,True,-0.24306,False
lit,whisper-small,method_20_counter,20,counter,3,4,True,-0.18094,False
lit,whisper-small,method_20_counter,20,counter,3,5,True,-0.18906,False
lit,whisper-small,method_20_counter,20,counter,5,1,True,-0.18287,False
lit,whisper-small,method_20_counter,20,counter,5,2,True,-0.18621,False
lit,whisper-small,method_20_counter,20,counter,5,3,True,-0.21809,False
lit,whisper-small,method_20_counter,20,counter,5,4,True,-0.21592,False
lit,whisper-small,method_20_counter,20,counter,5,5,True,-0.19267,False
lit,whisper-small,method_20_counter,20,counter,7,1,True,-0.19867,False
lit,whisper-small,method_20_counter,20,counter,7,2,True,-0.20574,False
lit,whisper-small,method_20_counter,20,counter,7,3,True,-0.23336,False
lit,whisper-small,method_20_counter,20,counter,7,4,True,-0.20918,False
lit,whisper-small,method_20_counter,20,counter,7,5,True,-0.18557,False
lit,whisper-small,method_21,21,regular,3,1,True,-1.37257,True
lit,whisper-small,method_21,21,regular,3,2,True,-1.38676,True
lit,whisper-small,method_21,21,regular,3,3,True,-1.36856,True
lit,whisper-small,method_21,21,regular,3,4,True,-1.42141,True
lit,whisper-small,method_21,21,regular,3,5,True,-1.40509,True
lit,whisper-small,method_21,21,regular,5,1,True,-1.54583,True
lit,whisper-small,method_21,21,regular,5,2,True,-1.54742,True
lit,whisper-small,method_21,21,regular,5,3,True,-1.50153,True
lit,whisper-small,method_21,21,regular,5,4,True,-1.49331,True
lit,whisper-small,method_21,21,regular,5,5,True,-1.54993,True
lit,whisper-small,method_21,21,regular,7,1,True,-1.56712,True
lit,whisper-small,method_21,21,regular,7,2,True,-1.51456,True
lit,whisper-small,method_21,21,regular,7,3,True,-1.48692,True
lit,whisper-small,method_21,21,regular,7,4,True,-1.62254,True
lit,whisper-small,method_21,21,regular,7,5,True,-1.53504,True
lit,whisper-small,method_21_counter,21,counter,3,1,True,-0.23798,False
lit,whisper-small,method_21_counter,21,counter,3,2,True,-0.21114,False
lit,whisper-small,method_21_counter,21,counter,3,3,True,-0.2075,False
lit,whisper-small,method_21_counter,21,counter,3,4,True,-0.1688,False
lit,whisper-small,method_21_counter,21,counter,3,5,True,-0.2006,False
lit,whisper-small,method_21_counter,21,counter,5,1,True,-0.21089,False
lit,whisper-small,method_21_counter,21,counter,5,2,True,-0.16422,False
lit,whisper-small,method_21_counter,21,counter,5,3,True,-0.22306,False
lit,whisper-small,method_21_counter,21,counter,5,4,True,-0.20672,False
lit,whisper-small,method_21_counter,21,counter,5,5,True,-0.2306,False
lit,whisper-small,method_21_counter,21,counter,7,1,True,-0.21518,False
lit,whisper-small,method_21_counter,21,counter,7,2,True,-0.22382,False
lit,whisper-small,method_21_counter,21,counter,7,3,True,-0.21463,False
lit,whisper-small,method_21_counter,21,counter,7,4,True,-0.2237,False
lit,whisper-small,method_21_counter,21,counter,7,5,True,-0.19211,False
lit,whisper-small,method_27,27,regular,3,1,True,-0.39686,False
lit,whisper-small,method_27,27,regular,3,2,True,-0.43471,False
lit,whisper-small,method_27,27,regular,3,3,True,-0.47416,False
lit,whisper-small,method_27,27,regular,3,4,True,-0.40454,False
lit,whisper-small,method_27,27,regular,3,5,True,-0.38863,False
lit,whisper-small,method_27,27,regular,5,1,True,-0.4267,False
lit,whisper-small,method_27,27,regular,5,2,True,-0.50238,False
lit,whisper-small,method_27,27,regular,5,3,True,-0.46582,False
lit,whisper-small,method_27,27,regular,5,4,True,-0.44515,False
lit,whisper-small,method_27,27,regular,5,5,True,-0.40458,False
lit,whisper-small,method_27,27,regular,7,1,True,-0.39561,False
lit,whisper-small,method_27,27,regular,7,2,True,-0.46638,False
lit,whisper-small,method_27,27,regular,7,3,True,-0.41541,False
lit,whisper-small,method_27,27,regular,7,4,True,-0.39376,False
lit,whisper-small,method_27,27,regular,7,5,True,-0.45627,False
lit,whisper-small,method_27_counter,27,counter,3,1,True,0.27133,False
lit,whisper-small,method_27_counter,27,counter,3,2,True,0.26756,False
lit,whisper-small,method_27_counter,27,counter,3,3,True,0.28564,False
lit,whisper-small,method_27_counter,27,counter,3,4,True,0.25429,False
lit,whisper-small,method_27_counter,27,counter,3,5,True,0.25578,False
lit,whisper-small,method_27_counter,27,counter,5,1,True,0.23641,False
lit,whisper-small,method_27_counter,27,counter,5,2,True,0.26071,False
lit,whisper-small,method_27_counter,27,counter,5,3,True,0.25155,False
lit,whisper-small,method_27_counter,27,counter,5,4,True,0.24149,False
lit,whisper-small,method_27_counter,27,counter,5,5,True,0.24042,False
lit,whisper-small,method_27_counter,27,counter,7,1,True,0.24601,False
lit,whisper-small,method_27_counter,27,counter,7,2,True,0.2584,False
lit,whisper-small,method_27_counter,27,counter,7,3,True,0.24514,False
lit,whisper-small,method_27_counter,27,counter,7,4,True,0.23909,False
lit,whisper-small,method_27_counter,27,counter,7,5,True,0.25563,False
lit,whisper-small,method_28,28,regular,3,1,True,-0.53819,False
lit,whisper-small,method_28,28,regular,3,2,True,-0.58379,False
lit,whisper-small,method_28,28,regular,3,3,True,-0.50142,False
lit,whisper-small,method_28,28,regular,3,4,True,-0.50998,False
lit,whisper-small,method_28,28,regular,3,5,True,-0.53005,False
lit,whisper-small,method_28,28,regular,5,1,True,-0.63137,False
lit,whisper-small,method_28,28,regular,5,2,True,-0.63008,False
lit,whisper-small,method_28,28,regular,5,3,True,-0.61103,False
lit,whisper-small,method_28,28,regular,5,4,True,-0.58012,False
lit,whisper-small,method_28,28,regular,5,5,True,-0.61903,False
lit,whisper-small,method_28,28,regular,7,1,True,-0.53868,False
lit,whisper-small,method_28,28,regular,7,2,True,-0.57177,False
lit,whisper-small,method_28,28,regular,7,3,True,-0.56123,False
lit,whisper-small,method_28,28,regular,7,4,True,-0.56479,False
lit,whisper-small,method_28,28,regular,7,5,True,-0.56533,False
lit,whisper-small,method_28_counter,28,counter,3,1,True,-1.042,True
lit,whisper-small,method_28_counter,28,counter,3,2,True,-0.99736,True
lit,whisper-small,method_28_counter,28,counter,3,3,True,-1.02853,True
lit,whisper-small,method_28_counter,28,counter,3,4,True,-1.04173,True
lit,whisper-small,method_28_counter,28,counter,3,5,True,-1.02222,True
lit,whisper-small,method_28_counter,28,counter,5,1,True,-0.92036,True
lit,whisper-small,method_28_counter,28,counter,5,2,True,-0.93173,True
lit,whisper-small,method_28_counter,28,counter,5,3,True,-0.9399,True
lit,whisper-small,method_28_counter,28,counter,5,4,True,-0.91345,True
lit,whisper-small,method_28_counter,28,counter,5,5,True,-0.92556,True
lit,whisper-small,method_28_counter,28,counter,7,1,True,-0.9362,True
lit,whisper-small,method_28_counter,28,counter,7,2,True,-0.95738,True
lit,whisper-small,method_28_counter,28,counter,7,3,True,-0.95299,True
lit,whisper-small,method_28_counter,28,counter,7,4,True,-0.93583,True
lit,whisper-small,method_28_counter,28,counter,7,5,True,-0.9622,True
lit,whisper-small,method_29,29,regular,3,1,True,-0.46611,False
lit,whisper-small,method_29,29,regular,3,2,True,-0.53104,False
lit,whisper-small,method_29,29,regular,3,3,True,-0.54205,False
lit,whisper-small,method_29,29,regular,3,4,True,-0.4908,False
lit,whisper-small,method_29,29,regular,3,5,True,-0.54005,False
lit,whisper-small,method_29,29,regular,5,1,True,-0.60245,False
lit,whisper-small,method_29,29,regular,5,2,True,-0.62997,False
lit,whisper-small,method_29,29,regular,5,3,True,-0.60278,False
lit,whisper-small,method_29,29,regular,5,4,True,-0.59038,False
lit,whisper-small,method_29,29,regular,5,5,True,-0.57639,False
lit,whisper-small,method_29,29,regular,7,1,True,-0.56375,False
lit,whisper-small,method_29,29,regular,7,2,True,-0.55509,False
lit,whisper-small,method_29,29,regular,7,3,True,-0.56661,False
lit,whisper-small,method_29,29,regular,7,4,True,-0.55024,False
lit,whisper-small,method_29,29,regular,7,5,True,-0.58539,False
lit,whisper-small,method_29_counter,29,counter,3,1,True,-1.03227,True
lit,whisper-small,method_29_counter,29,counter,3,2,True,-1.03811,True
lit,whisper-small,method_29_counter,29,counter,3,3,True,-1.04648,True
lit,whisper-small,method_29_counter,29,counter,3,4,True,-1.03231,True
lit,whisper-small,method_29_counter,29,counter,3,5,True,-1.04141,True
lit,whisper-small,method_29_counter,29,counter,5,1,True,-0.91732,True
lit,whisper-small,method_29_counter,29,counter,5,2,True,-0.9474,True
lit,whisper-small,method_29_counter,29,counter,5,3,True,-0.921,True
lit,whisper-small,method_29_counter,29,counter,5,4,True,-0.93646,True
lit,whisper-small,method_29_counter,29,counter,5,5,True,-0.90561,True
lit,whisper-small,method_29_counter,29,counter,7,1,True,-0.95421,True
lit,whisper-small,method_29_counter,29,counter,7,2,True,-0.93328,True
lit,whisper-small,method_29_counter,29,counter,7,3,True,-0.95029,True
lit,whisper-small,method_29_counter,29,counter,7,4,True,-0.94978,True
lit,whisper-small,method_29_counter,29,counter,7,5,True,-0.95849,True
lit,whisper-small,method_30,30,regular,3,1,True,-0.51935,False
lit,whisper-small,method_30,30,regular,3,2,True,-0.52007,False
lit,whisper-small,method_30,30,regular,3,3,True,-0.52108,False
lit,whisper-small,method_30,30,regular,3,4,True,-0.50748,False
lit,whisper-small,method_30,30,regular,3,5,True,-0.53211,False
lit,whisper-small,method_30,30,regular,5,1,True,-0.61205,False
lit,whisper-small,method_30,30,regular,5,2,True,-0.58997,False
lit,whisper-small,method_30,30,regular,5,3,True,-0.58311,False
lit,whisper-small,method_30,30,regular,5,4,True,-0.61176,False
lit,whisper-small,method_30,30,regular,5,5,True,-0.62212,False
lit,whisper-small,method_30,30,regular,7,1,True,-0.59221,False
lit,whisper-small,method_30,30,regular,7,2,True,-0.58604,False
lit,whisper-small,method_30,30,regular,7,3,True,-0.54902,False
lit,whisper-small,method_30,30,regular,7,4,True,-0.57868,False
lit,whisper-small,method_30,30,regular,7,5,True,-0.55061,False
lit,whisper-small,method_30_counter,30,counter,3,1,True,-1.05116,True
lit,whisper-small,method_30_counter,30,counter,3,2,True,-1.03718,True
lit,whisper-small,method_30_counter,30,counter,3,3,True,-1.04234,True
lit,whisper-small,method_30_counter,30,counter,3,4,True,-1.03405,True
lit,whisper-small,method_30_counter,30,counter,3,5,True,-1.03175,True
lit,whisper-small,method_30_counter,30,counter,5,1,True,-0.92021,True
lit,whisper-small,method_30_counter,30,counter,5,2,True,-0.92961,True
lit,whisper-small,method_30_counter,30,counter,5,3,True,-0.91421,True
lit,whisper-small,method_30_counter,30,counter,5,4,True,-0.9248,True
lit,whisper-small,method_30_counter,30,counter,5,5,True,-0.92603,True
lit,whisper-small,method_30_counter,30,counter,7,1,True,-0.9649,True
lit,whisper-small,method_30_counter,30,counter,7,2,True,-0.96292,True
lit,whisper-small,method_30_counter,30,counter,7,3,True,-0.94593,True
lit,whisper-small,method_30_counter,30,counter,7,4,True,-0.96564,True
lit,whisper-small,method_30_counter,30,counter,7,5,True,-0.96044,True
lit,whisper-small,method_31,31,regular,3,1,True,-0.56089,False
lit,whisper-small,method_31,31,regular,3,2,True,-0.52123,False
lit,whisper-small,method_31,31,regular,3,3,True,-0.56978,False
lit,whisper-small,method_31,31,regular,3,4,True,-0.54217,False
lit,whisper-small,method_31,31,regular,3,5,True,-0.5215,False
lit,whisper-small,method_31,31,regular,5,1,True,-0.61418,False
lit,whisper-small,method_31,31,regular,5,2,True,-0.65465,False
lit,whisper-small,method_31,31,regular,5,3,True,-0.59211,False
lit,whisper-small,method_31,31,regular,5,4,True,-0.62279,False
lit,whisper-small,method_31,31,regular,5,5,True,-0.59013,False
lit,whisper-small,method_31,31,regular,7,1,True,-0.56817,False
lit,whisper-small,method_31,31,regular,7,2,True,-0.56449,False
lit,whisper-small,method_31,31,regular,7,3,True,-0.54727,False
lit,whisper-small,method_31,31,regular,7,4,True,-0.53639,False
lit,whisper-small,method_31,31,regular,7,5,True,-0.56968,False
lit,whisper-small,method_31_counter,31,counter,3,1,True,-1.04371,True
lit,whisper-small,method_31_counter,31,counter,3,2,True,-1.04706,True
lit,whisper-small,method_31_counter,31,counter,3,3,True,-1.02408,True
lit,whisper-small,method_31_counter,31,counter,3,4,True,-1.03818,True
lit,whisper-small,method_31_counter,31,counter,3,5,True,-1.05349,True
lit,whisper-small,method_31_counter,31,counter,5,1,True,-0.9003,True
lit,whisper-small,method_31_counter,31,counter,5,2,True,-0.92622,True
lit,whisper-small,method_31_counter,31,counter,5,3,True,-0.90965,True
lit,whisper-small,method_31_counter,31,counter,5,4,True,-0.91463,True
lit,whisper-small,method_31_counter,31,counter,5,5,True,-0.90996,True
lit,whisper-small,method_31_counter,31,counter,7,1,True,-0.93704,True
lit,whisper-small,method_31_counter,31,counter,7,2,True,-0.95395,True
lit,whisper-small,method_31_counter,31,counter,7,3,True,-0.948,True
lit,whisper-small,method_31_counter,31,counter,7,4,True,-0.95465,True
lit,whisper-small,method_31_counter,31,counter,7,5,True,-0.97327,True
lit,whisper-small,method_32,32,regular,3,1,True,-0.53781,False
lit,whisper-small,method_32,32,regular,3,2,True,-0.56978,False
lit,whisper-small,method_32,32,regular,3,3,True,-0.5631,False
lit,whisper-small,method_32,32,regular,3,4,True,-0.57044,False
lit,whisper-small,method_32,32,regular,3,5,True,-0.50958,False
lit,whisper-small,method_32,32,regular,5,1,True,-0.59281,False
lit,whisper-small,method_32,32,regular,5,2,True,-0.57783,False
lit,whisper-small,method_32,32,regular,5,3,True,-0.56543,False
lit,whisper-small,method_32,32,regular,5,4,True,-0.6031,False
lit,whisper-small,method_32,32,regular,5,5,True,-0.63477,False
lit,whisper-small,method_32,32,regular,7,1,True,-0.59325,False
lit,whisper-small,method_32,32,regular,7,2,True,-0.56291,False
lit,whisper-small,method_32,32,regular,7,3,True,-0.56801,False
lit,whisper-small,method_32,32,regular,7,4,True,-0.58359,False
lit,whisper-small,method_32,32,regular,7,5,True,-0.54048,False
lit,whisper-small,method_32_counter,32,counter,3,1,True,-1.02896,True
lit,whisper-small,method_32_counter,32,counter,3,2,True,-1.00503,True
lit,whisper-small,method_32_counter,32,counter,3,3,True,-1.04061,True
lit,whisper-small,method_32_counter,32,counter,3,4,True,-1.00017,True
lit,whisper-small,method_32_counter,32,counter,3,5,True,-1.02604,True
lit,whisper-small,method_32_counter,32,counter,5,1,True,-0.8999,True
lit,whisper-small,method_32_counter,32,counter,5,2,True,-0.91209,True
lit,whisper-small,method_32_counter,32,counter,5,3,True,-0.89661,True
lit,whisper-small,method_32_counter,32,counter,5,4,True,-0.93132,True
lit,whisper-small,method_32_counter,32,counter,5,5,True,-0.9297,True
lit,whisper-small,method_32_counter,32,counter,7,1,True,-0.98095,True
lit,whisper-small,method_32_counter,32,counter,7,2,True,-0.95238,True
lit,whisper-small,method_32_counter,32,counter,7,3,True,-0.94961,True
lit,whisper-small,method_32_counter,32,counter,7,4,True,-0.95594,True
lit,whisper-small,method_32_counter,32,counter,7,5,True,-0.92959,True
lit,whisper-small,method_33,33,regular,3,1,True,-0.47461,False
lit,whisper-small,method_33,33,regular,3,2,True,-0.46605,False
lit,whisper-small,method_33,33,regular,3,3,True,-0.47005,False
lit,whisper-small,method_33,33,regular,3,4,True,-0.45546,False
lit,whisper-small,method_33,33,regular,3,5,True,-0.45229,False
lit,whisper-small,method_33,33,regular,5,1,True,-0.4286,False
lit,whisper-small,method_33,33,regular,5,2,True,-0.42902,False
lit,whisper-small,method_33,33,regular,5,3,True,-0.43363,False
lit,whisper-small,method_33,33,regular,5,4,True,-0.43149,False
lit,whisper-small,method_33,33,regular,5,5,True,-0.41322,False
lit,whisper-small,method_33,33,regular,7,1,True,-0.43598,False
lit,whisper-small,method_33,33,regular,7,2,True,-0.43581,False
lit,whisper-small,method_33,33,regular,7,3,True,-0.44661,False
lit,whisper-small,method_33,33,regular,7,4,True,-0.43367,False
lit,whisper-small,method_33,33,regular,7,5,True,-0.44765,False
lit,whisper-small,method_33_counter,33,counter,3,1,True,-0.01593,False
lit,whisper-small,method_33_counter,33,counter,3,2,True,0.00997,False
lit,whisper-small,method_33_counter,33,counter,3,3,True,-0.00802,False
lit,whisper-small,method_33_counter,33,counter,3,4,True,0.02292,False
lit,whisper-small,method_33_counter,33,counter,3,5,False,0.09449,False
lit,whisper-small,method_33_counter,33,counter,5,1,True,0.03859,False
lit,whisper-small,method_33_counter,33,counter,5,2,True,0.03858,False
lit,whisper-small,method_33_counter,33,counter,5,3,True,0.03058,False
lit,whisper-small,method_33_counter,33,counter,5,4,True,0.00551,False
lit,whisper-small,method_33_counter,33,counter,5,5,True,-0.04144,False
lit,whisper-small,method_33_counter,33,counter,7,1,True,0.04694,False
lit,whisper-small,method_33_counter,33,counter,7,2,True,-0.09672,False
lit,whisper-small,method_33_counter,33,counter,7,3,True,-0.1164,False
lit,whisper-small,method_33_counter,33,counter,7,4,True,-0.0871,False
lit,whisper-small,method_33_counter,33,counter,7,5,True,-0.0791,False
lit,whisper-small,method_37,37,regular,3,1,True,-0.1365,False
lit,whisper-small,method_37,37,regular,3,2,True,-0.15725,False
lit,whisper-small,method_37,37,regular,3,3,True,-0.14248,False
lit,whisper-small,method_37,37,regular,3,4,True,-0.15084,False
lit,whisper-small,method_37,37,regular,3,5,True,-0.14524,False
lit,whisper-small,method_37,37,regular,5,1,True,-0.20983,False
lit,whisper-small,method_37,37,regular,5,2,True,-0.21925,False
lit,whisper-small,method_37,37,regular,5,3,True,-0.22839,False
lit,whisper-small,method_37,37,regular,5,4,True,-0.21671,False
lit,whisper-small,method_37,37,regular,5,5,True,-0.2113,False
lit,whisper-small,method_37,37,regular,7,1,True,-0.20348,False
lit,whisper-small,method_37,37,regular,7,2,True,-0.19103,False
lit,whisper-small,method_37,37,regular,7,3,True,-0.20232,False
lit,whisper-small,method_37,37,regular,7,4,True,-0.18492,False
lit,whisper-small,method_37,37,regular,7,5,True,-0.19998,False
lit,whisper-small,method_37_counter,37,counter,3,1,True,-0.39065,False
lit,whisper-small,method_37_counter,37,counter,3,2,True,-0.37654,False
lit,whisper-small,method_37_counter,37,counter,3,3,True,-0.38581,False
lit,whisper-small,method_37_counter,37,counter,3,4,True,-0.39754,False
lit,whisper-small,method_37_counter,37,counter,3,5,True,-0.38958,False
lit,whisper-small,method_37_counter,37,counter,5,1,True,-0.34099,False
lit,whisper-small,method_37_counter,37,counter,5,2,True,-0.32004,False
lit,whisper-small,method_37_counter,37,counter,5,3,True,-0.32187,False
lit,whisper-small,method_37_counter,37,counter,5,4,True,-0.31183,False
lit,whisper-small,method_37_counter,37,counter,5,5,True,-0.33406,False
lit,whisper-small,method_37_counter,37,counter,7,1,True,-0.36631,False
lit,whisper-small,method_37_counter,37,counter,7,2,True,-0.34445,False
lit,whisper-small,method_37_counter,37,counter,7,3,True,-0.3515,False
lit,whisper-small,method_37_counter,37,counter,7,4,True,-0.3541,False
lit,whisper-small,method_37_counter,37,counter,7,5,True,-0.35102,False
lit,whisper-small,method_43,43,regular,3,1,True,-0.27869,False
lit,whisper-small,method_43,43,regular,3,2,True,-0.28112,False
lit,whisper-small,method_43,43,regular,3,3,True,-0.28995,False
lit,whisper-small,method_43,43,regular,3,4,True,-0.26244,False
lit,whisper-small,method_43,43,regular,3,5,True,-0.28205,False
lit,whisper-small,method_43,43,regular,5,1,True,-0.29635,False
lit,whisper-small,method_43,43,regular,5,2,True,-0.31118,False
lit,whisper-small,method_43,43,regular,5,3,True,-0.28883,False
lit,whisper-small,method_43,43,regular,5,4,True,-0.29005,False
lit,whisper-small,method_43,43,regular,5,5,True,-0.28396,False
lit,whisper-small,method_43,43,regular,7,1,True,-0.29866,False
lit,whisper-small,method_43,43,regular,7,2,True,-0.29076,False
lit,whisper-small,method_43,43,regular,7,3,True,-0.31316,False
lit,whisper-small,method_43,43,regular,7,4,True,-0.32639,False
lit,whisper-small,method_43,43,regular,7,5,True,-0.31634,False
lit,whisper-small,method_43_counter,43,counter,3,1,True,-0.30404,False
lit,whisper-small,method_43_counter,43,counter,3,2,True,-0.30257,False
lit,whisper-small,method_43_counter,43,counter,3,3,True,-0.30786,False
lit,whisper-small,method_43_counter,43,counter,3,4,True,-0.30661,False
lit,whisper-small,method_43_counter,43,counter,3,5,True,-0.28779,False
lit,whisper-small,method_43_counter,43,counter,5,1,True,-0.29488,False
lit,whisper-small,method_43_counter,43,counter,5,2,True,-0.29325,False
lit,whisper-small,method_43_counter,43,counter,5,3,True,-0.30605,False
lit,whisper-small,method_43_counter,43,counter,5,4,True,-0.30084,False
lit,whisper-small,method_43_counter,43,counter,5,5,True,-0.30227,False
lit,whisper-small,method_43_counter,43,counter,7,1,True,-0.29875,False
lit,whisper-small,method_43_counter,43,counter,7,2,True,-0.2971,False
lit,whisper-small,method_43_counter,43,counter,7,3,True,-0.29148,False
lit,whisper-small,method_43_counter,43,counter,7,4,True,-0.28553,False
lit,whisper-small,method_43_counter,43,counter,7,5,True,-0.29324,False
lit,whisper-small,method_44,44,regular,3,1,True,-0.95211,True
lit,whisper-small,method_44,44,regular,3,2,True,-0.94813,True
lit,whisper-small,method_44,44,regular,3,3,True,-1.01059,True
lit,whisper-small,method_44,44,regular,3,4,True,-0.95656,True
lit,whisper-small,method_44,44,regular,3,5,True,-0.99127,True
lit,whisper-small,method_44,44,regular,5,1,True,-1.03693,True
lit,whisper-small,method_44,44,regular,5,2,True,-0.9893,True
lit,whisper-small,method_44,44,regular,5,3,True,-0.95796,True
lit,whisper-small,method_44,44,regular,5,4,True,-1.00896,True
lit,whisper-small,method_44,44,regular,5,5,True,-0.98596,True
lit,whisper-small,method_44,44,regular,7,1,True,-0.99791,True
lit,whisper-small,method_44,44,regular,7,2,True,-1.00938,True
lit,whisper-small,method_44,44,regular,7,3,True,-1.02608,True
lit,whisper-small,method_44,44,regular,7,4,True,-0.99384,True
lit,whisper-small,method_44,44,regular,7,5,True,-1.02081,True
lit,whisper-small,method_44_counter,44,counter,3,1,True,-0.42145,False
lit,whisper-small,method_44_counter,44,counter,3,2,True,-0.40872,False
lit,whisper-small,method_44_counter,44,counter,3,3,True,-0.44446,False
lit,whisper-small,method_44_counter,44,counter,3,4,True,-0.40367,False
lit,whisper-small,method_44_counter,44,counter,3,5,True,-0.42978,False
lit,whisper-small,method_44_counter,44,counter,5,1,True,-0.47079,False
lit,whisper-small,method_44_counter,44,counter,5,2,True,-0.48258,False
lit,whisper-small,method_44_counter,44,counter,5,3,True,-0.45231,False
lit,whisper-small,method_44_counter,44,counter,5,4,True,-0.50228,False
lit,whisper-small,method_44_counter,44,counter,5,5,True,-0.47692,False
lit,whisper-small,method_44_counter,44,counter,7,1,True,-0.49306,False
lit,whisper-small,method_44_counter,44,counter,7,2,True,-0.51389,False
lit,whisper-small,method_44_counter,44,counter,7,3,True,-0.51031,False
lit,whisper-small,method_44_counter,44,counter,7,4,True,-0.49131,False
lit,whisper-small,method_44_counter,44,counter,7,5,True,-0.49465,False
lit,whisper-small,method_53,53,regular,3,1,True,-0.02669,False
lit,whisper-small,method_53,53,regular,3,2,False,0.02814,False
lit,whisper-small,method_53,53,regular,3,3,False,0.0346,False
lit,whisper-small,method_53,53,regular,3,4,True,-0.12389,False
lit,whisper-small,method_53,53,regular,3,5,True,-0.07342,False
lit,whisper-small,method_53,53,regular,5,1,True,-0.05205,False
lit,whisper-small,method_53,53,regular,5,2,True,-0.15466,False
lit,whisper-small,method_53,53,regular,5,3,True,-0.13516,False
lit,whisper-small,method_53,53,regular,5,4,True,-0.06613,False
lit,whisper-small,method_53,53,regular,5,5,True,-0.10446,False
lit,whisper-small,method_53,53,regular,7,1,True,-0.02959,False
lit,whisper-small,method_53,53,regular,7,2,True,-0.02135,False
lit,whisper-small,method_53,53,regular,7,3,True,-0.04624,False
lit,whisper-small,method_53,53,regular,7,4,True,-0.05293,False
lit,whisper-small,method_53,53,regular,7,5,True,-0.04895,False
lit,whisper-small,method_53_counter,53,counter,3,1,True,-1.00772,True
lit,whisper-small,method_53_counter,53,counter,3,2,True,-0.9756,True
lit,whisper-small,method_53_counter,53,counter,3,3,True,-0.96434,True
lit,whisper-small,method_53_counter,53,counter,3,4,True,-0.96016,True
lit,whisper-small,method_53_counter,53,counter,3,5,True,-1.00147,True
lit,whisper-small,method_53_counter,53,counter,5,1,True,-0.80838,True
lit,whisper-small,method_53_counter,53,counter,5,2,True,-0.84483,True
lit,whisper-small,method_53_counter,53,counter,5,3,True,-0.85415,True
lit,whisper-small,method_53_counter,53,counter,5,4,True,-0.87385,True
lit,whisper-small,method_53_counter,53,counter,5,5,True,-0.85602,True
lit,whisper-small,method_53_counter,53,counter,7,1,True,-0.92205,True
lit,whisper-small,method_53_counter,53,counter,7,2,True,-0.93544,True
lit,whisper-small,method_53_counter,53,counter,7,3,True,-0.92406,True
lit,whisper-small,method_53_counter,53,counter,7,4,True,-0.90308,True
lit,whisper-small,method_53_counter,53,counter,7,5,True,-0.91138,True
lit,whisper-small,method_55,55,regular,3,1,True,-1.27239,True
lit,whisper-small,method_55,55,regular,3,2,True,-1.28149,True
lit,whisper-small,method_55,55,regular,3,3,True,-1.27372,True
lit,whisper-small,method_55,55,regular,3,4,True,-1.27169,True
lit,whisper-small,method_55,55,regular,3,5,True,-1.29348,True
lit,whisper-small,method_55,55,regular,5,1,True,-1.34897,True
lit,whisper-small,method_55,55,regular,5,2,True,-1.33181,True
lit,whisper-small,method_55,55,regular,5,3,True,-1.29976,True
lit,whisper-small,method_55,55,regular,5,4,True,-1.34855,True
lit,whisper-small,method_55,55,regular,5,5,True,-1.37998,True
lit,whisper-small,method_55,55,regular,7,1,True,-1.29336,True
lit,whisper-small,method_55,55,regular,7,2,True,-1.3472,True
lit,whisper-small,method_55,55,regular,7,3,True,-1.35313,True
lit,whisper-small,method_55,55,regular,7,4,True,-1.37366,True
lit,whisper-small,method_55,55,regular,7,5,True,-1.33238,True
lit,whisper-small,method_55_counter,55,counter,3,1,True,-0.66762,False
lit,whisper-small,method_55_counter,55,counter,3,2,True,-0.67607,False
lit,whisper-small,method_55_counter,55,counter,3,3,True,-0.70203,False
lit,whisper-small,method_55_counter,55,counter,3,4,True,-0.67197,False
lit,whisper-small,method_55_counter,55,counter,3,5,True,-0.67323,False
lit,whisper-small,method_55_counter,55,counter,5,1,True,-0.67395,False
lit,whisper-small,method_55_counter,55,counter,5,2,True,-0.67474,False
lit,whisper-small,method_55_counter,55,counter,5,3,True,-0.65076,False
lit,whisper-small,method_55_counter,55,counter,5,4,True,-0.67137,False
lit,whisper-small,method_55_counter,55,counter,5,5,True,-0.67037,False
lit,whisper-small,method_55_counter,55,counter,7,1,True,-0.6584,False
lit,whisper-small,method_55_counter,55,counter,7,2,True,-0.66223,False
lit,whisper-small,method_55_counter,55,counter,7,3,True,-0.66112,False
lit,whisper-small,method_55_counter,55,counter,7,4,True,-0.64813,False
lit,whisper-small,method_55_counter,55,counter,7,5,True,-0.6716,False
lit,whisper-small,method_60,60,regular,3,1,True,-1.25222,True
lit,whisper-small,method_60,60,regular,3,2,True,-1.22389,True
lit,whisper-small,method_60,60,regular,3,3,True,-1.26463,True
lit,whisper-small,method_60,60,regular,3,4,True,-1.21594,True
lit,whisper-small,method_60,60,regular,3,5,True,-1.24957,True
lit,whisper-small,method_60,60,regular,5,1,True,-1.38592,True
lit,whisper-small,method_60,60,regular,5,2,True,-1.36479,True
lit,whisper-small,method_60,60,regular,5,3,True,-1.35776,True
lit,whisper-small,method_60,60,regular,5,4,True,-1.3147,True
lit,whisper-small,method_60,60,regular,5,5,True,-1.35113,True
lit,whisper-small,method_60,60,regular,7,1,True,-1.37626,True
lit,whisper-small,method_60,60,regular,7,2,True,-1.37161,True
lit,whisper-small,method_60,60,regular,7,3,True,-1.37263,True
lit,whisper-small,method_60,60,regular,7,4,True,-1.40837,True
lit,whisper-small,method_60,60,regular,7,5,True,-1.34333,True
lit,whisper-small,method_60_counter,60,counter,3,1,True,-0.49373,False
lit,whisper-small,method_60_counter,60,counter,3,2,True,-0.49263,False
lit,whisper-small,method_60_counter,60,counter,3,3,True,-0.46579,False
lit,whisper-small,method_60_counter,60,counter,3,4,True,-0.49022,False
lit,whisper-small,method_60_counter,60,counter,3,5,True,-0.47222,False
lit,whisper-small,method_60_counter,60,counter,5,1,True,-0.30155,False
lit,whisper-small,method_60_counter,60,counter,5,2,True,-0.35047,False
lit,whisper-small,method_60_counter,60,counter,5,3,True,-0.33878,False
lit,whisper-small,method_60_counter,60,counter,5,4,True,-0.33542,False
lit,whisper-small,method_60_counter,60,counter,5,5,True,-0.37073,False
lit,whisper-small,method_60_counter,60,counter,7,1,True,-0.38599,False
lit,whisper-small,method_60_counter,60,counter,7,2,True,-0.3934,False
lit,whisper-small,method_60_counter,60,counter,7,3,True,-0.38823,False
lit,whisper-small,method_60_counter,60,counter,7,4,True,-0.39537,False
lit,whisper-small,method_60_counter,60,counter,7,5,True,-0.33349,False
lit,whisper-small,method_72,72,regular,3,1,True,-0.01821,False
lit,whisper-small,method_72,72,regular,3,2,True,0.02556,False
lit,whisper-small,method_72,72,regular,3,3,True,0.01805,False
lit,whisper-small,method_72,72,regular,3,4,True,0.02035,False
lit,whisper-small,method_72,72,regular,3,5,True,0.02754,False
lit,whisper-small,method_72,72,regular,5,1,True,0.0256,False
lit,whisper-small,method_72,72,regular,5,2,True,0.01542,False
lit,whisper-small,method_72,72,regular,5,3,True,0.02123,False
lit,whisper-small,method_72,72,regular,5,4,True,0.02871,False
lit,whisper-small,method_72,72,regular,5,5,True,0.03338,False
lit,whisper-small,method_72,72,regular,7,1,True,0.02486,False
lit,whisper-small,method_72,72,regular,7,2,True,0.04197,False
lit,whisper-small,method_72,72,regular,7,3,True,0.02885,False
lit,whisper-small,method_72,72,regular,7,4,True,0.03193,False
lit,whisper-small,method_72,72,regular,7,5,True,0.00674,False
lit,whisper-small,method_72_counter,72,counter,3,1,True,0.09325,False
lit,whisper-small,method_72_counter,72,counter,3,2,True,0.12206,False
lit,whisper-small,method_72_counter,72,counter,3,3,True,0.10489,False
lit,whisper-small,method_72_counter,72,counter,3,4,True,0.10702,False
lit,whisper-small,method_72_counter,72,counter,3,5,True,0.13432,False
lit,whisper-small,method_72_counter,72,counter,5,1,True,0.11629,False
lit,whisper-small,method_72_counter,72,counter,5,2,True,0.09953,False
lit,whisper-small,method_72_counter,72,counter,5,3,True,0.10043,False
lit,whisper-small,method_72_counter,72,counter,5,4,True,0.11166,False
lit,whisper-small,method_72_counter,72,counter,5,5,True,0.07185,False
lit,whisper-small,method_72_counter,72,counter,7,1,True,0.13292,False
lit,whisper-small,method_72_counter,72,counter,7,2,True,0.07724,False
lit,whisper-small,method_72_counter,72,counter,7,3,True,0.12354,False
lit,whisper-small,method_72_counter,72,counter,7,4,True,0.10855,False
lit,whisper-small,method_72_counter,72,counter,7,5,True,0.09442,False
lit,whisper-small,method_74,74,regular,3,1,True,0.14444,False
lit,whisper-small,method_74,74,regular,3,2,True,0.11027,False
lit,whisper-small,method_74,74,regular,3,3,True,0.11423,False
lit,whisper-small,method_74,74,regular,3,4,True,0.13305,False
lit,whisper-small,method_74,74,regular,3,5,True,0.11425,False
lit,whisper-small,method_74,74,regular,5,1,True,0.06915,False
lit,whisper-small,method_74,74,regular,5,2,True,0.14379,False
lit,whisper-small,method_74,74,regular,5,3,True,0.14695,False
lit,whisper-small,method_74,74,regular,5,4,True,0.06213,False
lit,whisper-small,method_74,74,regular,5,5,True,0.10492,False
lit,whisper-small,method_74,74,regular,7,1,True,-0.11655,False
lit,whisper-small,method_74,74,regular,7,2,True,-0.05983,False
lit,whisper-small,method_74,74,regular,7,3,True,-0.05752,False
lit,whisper-small,method_74,74,regular,7,4,True,-0.18244,False
lit,whisper-small,method_74,74,regular,7,5,True,-0.18244,False
lit,whisper-small,method_74_counter,74,counter,3,1,False,0.01722,False
lit,whisper-small,method_74_counter,74,counter,3,2,False,0.01344,False
lit,whisper-small,method_74_counter,74,counter,3,3,False,-0.00476,False
lit,whisper-small,method_74_counter,74,counter,3,4,False,-0.00901,False
lit,whisper-small,method_74_counter,74,counter,3,5,False,0.02128,False
lit,whisper-small,method_74_counter,74,counter,5,1,False,-0.06781,False
lit,whisper-small,method_74_counter,74,counter,5,2,False,0.00615,False
lit,whisper-small,method_74_counter,74,counter,5,3,False,-0.02642,False
lit,whisper-small,method_74_counter,74,counter,5,4,False,-0.07339,False
lit,whisper-small,method_74_counter,74,counter,5,5,False,-0.04718,False
lit,whisper-small,method_74_counter,74,counter,7,1,False,-0.08627,False
lit,whisper-small,method_74_counter,74,counter,7,2,False,-0.0368,False
lit,whisper-small,method_74_counter,74,counter,7,3,False,-0.06072,False
lit,whisper-small,method_74_counter,74,counter,7,4,False,-0.10877,False
lit,whisper-small,method_74_counter,74,counter,7,5,False,-0.10877,False
lit,whisper-small,method_75,75,regular,3,1,True,0.01397,False
lit,whisper-small,method_75,75,regular,3,2,True,0.01724,False
lit,whisper-small,method_75,75,regular,3,3,True,0.03339,False
lit,whisper-small,method_75,75,regular,3,4,True,0.00063,False
lit,whisper-small,method_75,75,regular,3,5,True,0.00937,False
lit,whisper-small,method_75,75,regular,5,1,True,0.04469,False
lit,whisper-small,method_75,75,regular,5,2,True,0.02953,False
lit,whisper-small,method_75,75,regular,5,3,True,0.01743,False
lit,whisper-small,method_75,75,regular,5,4,True,0.01416,False
lit,whisper-small,method_75,75,regular,5,5,True,0.02225,False
lit,whisper-small,method_75,75,regular,7,1,True,0.03315,False
lit,whisper-small,method_75,75,regular,7,2,True,0.02964,False
lit,whisper-small,method_75,75,regular,7,3,True,0.01532,False
lit,whisper-small,method_75,75,regular,7,4,True,0.03566,False
lit,whisper-small,method_75,75,regular,7,5,True,0.03847,False
lit,whisper-small,method_75_counter,75,counter,3,1,True,0.09578,False
lit,whisper-small,method_75_counter,75,counter,3,2,True,0.0715,False
lit,whisper-small,method_75_counter,75,counter,3,3,True,0.10837,False
lit,whisper-small,method_75_counter,75,counter,3,4,True,0.11114,False
lit,whisper-small,method_75_counter,75,counter,3,5,True,0.11661,False
lit,whisper-small,method_75_counter,75,counter,5,1,True,0.10766,False
lit,whisper-small,method_75_counter,75,counter,5,2,True,0.11044,False
lit,whisper-small,method_75_counter,75,counter,5,3,True,0.10295,False
lit,whisper-small,method_75_counter,75,counter,5,4,True,0.08763,False
lit,whisper-small,method_75_counter,75,counter,5,5,True,0.07365,False
lit,whisper-small,method_75_counter,75,counter,7,1,True,0.08281,False
lit,whisper-small,method_75_counter,75,counter,7,2,True,0.09096,False
lit,whisper-small,method_75_counter,75,counter,7,3,True,0.1243,False
lit,whisper-small,method_75_counter,75,counter,7,4,True,0.1181,False
lit,whisper-small,method_75_counter,75,counter,7,5,True,0.1304,False
lit,whisper-tiny,method_09,9,regular,3,1,True,0.00337,False
lit,whisper-tiny,method_09,9,regular,3,2,True,-0.03969,False
lit,whisper-tiny,method_09,9,regular,3,3,True,-0.02702,False
lit,whisper-tiny,method_09,9,regular,3,4,True,-0.03747,False
lit,whisper-tiny,method_09,9,regular,3,5,True,-0.00248,False
lit,whisper-tiny,method_09,9,regular,5,1,True,-0.00857,False
lit,whisper-tiny,method_09,9,regular,5,2,True,-0.02467,False
lit,whisper-tiny,method_09,9,regular,5,3,True,-0.02745,False
lit,whisper-tiny,method_09,9,regular,5,4,True,-0.00108,False
lit,whisper-tiny,method_09,9,regular,5,5,True,-0.02035,False
lit,whisper-tiny,method_09,9,regular,7,1,True,-0.04024,False
lit,whisper-tiny,method_09,9,regular,7,2,True,-0.05337,False
lit,whisper-tiny,method_09,9,regular,7,3,True,-0.02589,False
lit,whisper-tiny,method_09,9,regular,7,4,True,-0.01501,False
lit,whisper-tiny,method_09,9,regular,7,5,True,-0.04085,False
lit,whisper-tiny,method_09_counter,9,counter,3,1,True,-0.95431,True
lit,whisper-tiny,method_09_counter,9,counter,3,2,True,-0.88963,True
lit,whisper-tiny,method_09_counter,9,counter,3,3,True,-0.90666,True
lit,whisper-tiny,method_09_counter,9,counter,3,4,True,-0.90243,True
lit,whisper-tiny,method_09_counter,9,counter,3,5,True,-0.91275,True
lit,whisper-tiny,method_09_counter,9,counter,5,1,True,-0.96697,True
lit,whisper-tiny,method_09_counter,9,counter,5,2,True,-0.94474,True
lit,whisper-tiny,method_09_counter,9,counter,5,3,True,-0.92462,True
lit,whisper-tiny,method_09_counter,9,counter,5,4,True,-0.94845,True
lit,whisper-tiny,method_09_counter,9,counter,5,5,True,-0.94545,True
lit,whisper-tiny,method_09_counter,9,counter,7,1,True,-1.0167,True
lit,whisper-tiny,method_09_counter,9,counter,7,2,True,-1.01453,True
lit,whisper-tiny,method_09_counter,9,counter,7,3,True,-0.97088,True
lit,whisper-tiny,method_09_counter,9,counter,7,4,True,-0.97508,True
lit,whisper-tiny,method_09_counter,9,counter,7,5,True,-0.99456,True
lit,whisper-tiny,method_10,10,regular,3,1,True,-0.70179,False
lit,whisper-tiny,method_10,10,regular,3,2,True,-0.69434,False
lit,whisper-tiny,method_10,10,regular,3,3,True,-0.71269,False
lit,whisper-tiny,method_10,10,regular,3,4,True,-0.76368,True
lit,whisper-tiny,method_10,10,regular,3,5,True,-0.70985,False
lit,whisper-tiny,method_10,10,regular,5,1,True,-0.85315,True
lit,whisper-tiny,method_10,10,regular,5,2,True,-0.85044,True
lit,whisper-tiny,method_10,10,regular,5,3,True,-0.85148,True
lit,whisper-tiny,method_10,10,regular,5,4,True,-0.85319,True
lit,whisper-tiny,method_10,10,regular,5,5,True,-0.84648,True
lit,whisper-tiny,method_10,10,regular,7,1,True,-0.7877,True
lit,whisper-tiny,method_10,10,regular,7,2,True,-0.78937,True
lit,whisper-tiny,method_10,10,regular,7,3,True,-0.78468,True
lit,whisper-tiny,method_10,10,regular,7,4,True,-0.77976,True
lit,whisper-tiny,method_10,10,regular,7,5,True,-0.78068,True
lit,whisper-tiny,method_10_counter,10,counter,3,1,True,-0.59877,False
lit,whisper-tiny,method_10_counter,10,counter,3,2,True,-0.59655,False
lit,whisper-tiny,method_10_counter,10,counter,3,3,True,-0.57848,False
lit,whisper-tiny,method_10_counter,10,counter,3,4,True,-0.55899,False
lit,whisper-tiny,method_10_counter,10,counter,3,5,True,-0.5854,False
lit,whisper-tiny,method_10_counter,10,counter,5,1,True,-0.43025,False
lit,whisper-tiny,method_10_counter,10,counter,5,2,True,-0.41787,False
lit,whisper-tiny,method_10_counter,10,counter,5,3,True,-0.42515,False
lit,whisper-tiny,method_10_counter,10,counter,5,4,True,-0.4169,False
lit,whisper-tiny,method_10_counter,10,counter,5,5,True,-0.45834,False
lit,whisper-tiny,method_10_counter,10,counter,7,1,True,-0.48673,False
lit,whisper-tiny,method_10_counter,10,counter,7,2,True,-0.48697,False
lit,whisper-tiny,method_10_counter,10,counter,7,3,True,-0.49222,False
lit,whisper-tiny,method_10_counter,10,counter,7,4,True,-0.49355,False
lit,whisper-tiny,method_10_counter,10,counter,7,5,True,-0.49721,False
lit,whisper-tiny,method_12,12,regular,3,1,True,-0.26802,False
lit,whisper-tiny,method_12,12,regular,3,2,True,-0.2806,False
lit,whisper-tiny,method_12,12,regular,3,3,True,-0.22487,False
lit,whisper-tiny,method_12,12,regular,3,4,True,-0.27605,False
lit,whisper-tiny,method_12,12,regular,3,5,True,-0.27893,False
lit,whisper-tiny,method_12,12,regular,5,1,True,-0.20646,False
lit,whisper-tiny,method_12,12,regular,5,2,True,-0.24291,False
lit,whisper-tiny,method_12,12,regular,5,3,True,-0.26764,False
lit,whisper-tiny,method_12,12,regular,5,4,True,-0.23529,False
lit,whisper-tiny,method_12,12,regular,5,5,True,-0.25794,False
lit,whisper-tiny,method_12,12,regular,7,1,True,-0.28084,False
lit,whisper-tiny,method_12,12,regular,7,2,True,-0.23551,False
lit,whisper-tiny,method_12,12,regular,7,3,True,-0.28332,False
lit,whisper-tiny,method_12,12,regular,7,4,True,-0.30417,False
lit,whisper-tiny,method_12,12,regular,7,5,True,-0.29385,False
lit,whisper-tiny,method_12_counter,12,counter,3,1,True,-0.06939,False
lit,whisper-tiny,method_12_counter,12,counter,3,2,True,-0.08586,False
lit,whisper-tiny,method_12_counter,12,counter,3,3,True,-0.10895,False
lit,whisper-tiny,method_12_counter,12,counter,3,4,True,-0.08066,False
lit,whisper-tiny,method_12_counter,12,counter,3,5,True,-0.08929,False
lit,whisper-tiny,method_12_counter,12,counter,5,1,True,-0.113,False
lit,whisper-tiny,method_12_counter,12,counter,5,2,True,-0.07077,False
lit,whisper-tiny,method_12_counter,12,counter,5,3,True,-0.05292,False
lit,whisper-tiny,method_12_counter,12,counter,5,4,True,-0.09657,False
lit,whisper-tiny,method_12_counter,12,counter,5,5,True,-0.0529,False
lit,whisper-tiny,method_12_counter,12,counter,7,1,True,-0.03711,False
lit,whisper-tiny,method_12_counter,12,counter,7,2,True,-0.0932,False
lit,whisper-tiny,method_12_counter,12,counter,7,3,True,-0.02879,False
lit,whisper-tiny,method_12_counter,12,counter,7,4,True,-0.1728,False
lit,whisper-tiny,method_12_counter,12,counter,7,5,True,-0.17306,False
lit,whisper-tiny,method_17,17,regular,3,1,True,-0.31407,False
lit,whisper-tiny,method_17,17,regular,3,2,True,-0.2079,False
lit,whisper-tiny,method_17,17,regular,3,3,True,-0.31529,False
lit,whisper-tiny,method_17,17,regular,3,4,True,-0.34706,False
lit,whisper-tiny,method_17,17,regular,3,5,True,-0.35999,False
lit,whisper-tiny,method_17,17,regular,5,1,True,-0.34424,False
lit,whisper-tiny,method_17,17,regular,5,2,True,-0.46675,False
lit,whisper-tiny,method_17,17,regular,5,3,True,-0.3427,False
lit,whisper-tiny,method_17,17,regular,5,4,True,-0.37829,False
lit,whisper-tiny,method_17,17,regular,5,5,True,-0.40239,False
lit,whisper-tiny,method_17,17,regular,7,1,True,-0.49924,False
lit,whisper-tiny,method_17,17,regular,7,2,True,-0.51085,False
lit,whisper-tiny,method_17,17,regular,7,3,True,-0.57293,False
lit,whisper-tiny,method_17,17,regular,7,4,True,-0.50717,False
lit,whisper-tiny,method_17,17,regular,7,5,True,-0.5164,False
lit,whisper-tiny,method_17_counter,17,counter,3,1,True,-2.79069,True
lit,whisper-tiny,method_17_counter,17,counter,3,2,True,-2.96859,True
lit,whisper-tiny,method_17_counter,17,counter,3,3,True,-2.80902,True
lit,whisper-tiny,method_17_counter,17,counter,3,4,True,-2.7896,True
lit,whisper-tiny,method_17_counter,17,counter,3,5,True,-2.78066,True
lit,whisper-tiny,method_17_counter,17,counter,5,1,True,-2.67434,True
lit,whisper-tiny,method_17_counter,17,counter,5,2,True,-2.59324,True
lit,whisper-tiny,method_17_counter,17,counter,5,3,True,-2.71213,True
lit,whisper-tiny,method_17_counter,17,counter,5,4,True,-2.64927,True
lit,whisper-tiny,method_17_counter,17,counter,5,5,True,-2.68661,True
lit,whisper-tiny,method_17_counter,17,counter,7,1,True,-2.44877,True
lit,whisper-tiny,method_17_counter,17,counter,7,2,True,-2.36526,True
lit,whisper-tiny,method_17_counter,17,counter,7,3,True,-2.40265,True
lit,whisper-tiny,method_17_counter,17,counter,7,4,True,-2.42324,True
lit,whisper-tiny,method_17_counter,17,counter,7,5,True,-2.42253,True
lit,whisper-tiny,method_18,18,regular,3,1,True,-0.33158,False
lit,whisper-tiny,method_18,18,regular,3,2,True,-0.15731,False
lit,whisper-tiny,method_18,18,regular,3,3,True,-0.48301,False
lit,whisper-tiny,method_18,18,regular,3,4,True,-0.42004,False
lit,whisper-tiny,method_18,18,regular,3,5,True,-0.37858,False
lit,whisper-tiny,method_18,18,regular,5,1,True,-0.34544,False
lit,whisper-tiny,method_18,18,regular,5,2,True,-0.35268,False
lit,whisper-tiny,method_18,18,regular,5,3,True,-0.33649,False
lit,whisper-tiny,method_18,18,regular,5,4,True,-0.4731,False
lit,whisper-tiny,method_18,18,regular,5,5,True,-0.33067,False
lit,whisper-tiny,method_18,18,regular,7,1,True,-0.51141,False
lit,whisper-tiny,method_18,18,regular,7,2,True,-0.50198,False
lit,whisper-tiny,method_18,18,regular,7,3,True,-0.5175,False
lit,whisper-tiny,method_18,18,regular,7,4,True,-0.53433,False
lit,whisper-tiny,method_18,18,regular,7,5,True,-0.50833,False
lit,whisper-tiny,method_18_counter,18,counter,3,1,True,-2.77398,True
lit,whisper-tiny,method_18_counter,18,counter,3,2,True,-3.05206,True
lit,whisper-tiny,method_18_counter,18,counter,3,3,True,-2.68819,True
lit,whisper-tiny,method_18_counter,18,counter,3,4,True,-2.74997,True
lit,whisper-tiny,method_18_counter,18,counter,3,5,True,-2.76584,True
lit,whisper-tiny,method_18_counter,18,counter,5,1,True,-2.70111,True
lit,whisper-tiny,method_18_counter,18,counter,5,2,True,-2.64823,True
lit,whisper-tiny,method_18_counter,18,counter,5,3,True,-2.66059,True
lit,whisper-tiny,method_18_counter,18,counter,5,4,True,-2.57908,True
lit,whisper-tiny,method_18_counter,18,counter,5,5,True,-2.72152,True
lit,whisper-tiny,method_18_counter,18,counter,7,1,True,-2.4246,True
lit,whisper-tiny,method_18_counter,18,counter,7,2,True,-2.40746,True
lit,whisper-tiny,method_18_counter,18,counter,7,3,True,-2.45476,True
lit,whisper-tiny,method_18_counter,18,counter,7,4,True,-2.49329,True
lit,whisper-tiny,method_18_counter,18,counter,7,5,True,-2.48861,True
lit,whisper-tiny,method_19,19,regular,3,1,True,-0.38761,False
lit,whisper-tiny,method_19,19,regular,3,2,True,-0.44308,False
lit,whisper-tiny,method_19,19,regular,3,3,True,-0.30191,False
lit,whisper-tiny,method_19,19,regular,3,4,True,-0.24879,False
lit,whisper-tiny,method_19,19,regular,3,5,True,-0.47715,False
lit,whisper-tiny,method_19,19,regular,5,1,True,-0.37821,False
lit,whisper-tiny,method_19,19,regular,5,2,True,-0.43022,False
lit,whisper-tiny,method_19,19,regular,5,3,True,-0.35343,False
lit,whisper-tiny,method_19,19,regular,5,4,True,-0.35845,False
lit,whisper-tiny,method_19,19,regular,5,5,True,-0.39546,False
lit,whisper-tiny,method_19,19,regular,7,1,True,-0.49644,False
lit,whisper-tiny,method_19,19,regular,7,2,True,-0.53959,False
lit,whisper-tiny,method_19,19,regular,7,3,True,-0.51804,False
lit,whisper-tiny,method_19,19,regular,7,4,True,-0.49709,False
lit,whisper-tiny,method_19,19,regular,7,5,True,-0.49137,False
lit,whisper-tiny,method_19_counter,19,counter,3,1,True,-2.78485,True
lit,whisper-tiny,method_19_counter,19,counter,3,2,True,-2.66557,True
lit,whisper-tiny,method_19_counter,19,counter,3,3,True,-2.87033,True
lit,whisper-tiny,method_19_counter,19,counter,3,4,True,-2.95827,True
lit,whisper-tiny,method_19_counter,19,counter,3,5,True,-2.69832,True
lit,whisper-tiny,method_19_counter,19,counter,5,1,True,-2.69076,True
lit,whisper-tiny,method_19_counter,19,counter,5,2,True,-2.65661,True
lit,whisper-tiny,method_19_counter,19,counter,5,3,True,-2.74232,True
lit,whisper-tiny,method_19_counter,19,counter,5,4,True,-2.74843,True
lit,whisper-tiny,method_19_counter,19,counter,5,5,True,-2.66828,True
lit,whisper-tiny,method_19_counter,19,counter,7,1,True,-2.42058,True
lit,whisper-tiny,method_19_counter,19,counter,7,2,True,-2.46482,True
lit,whisper-tiny,method_19_counter,19,counter,7,3,True,-2.48668,True
lit,whisper-tiny,method_19_counter,19,counter,7,4,True,-2.43193,True
lit,whisper-tiny,method_19_counter,19,counter,7,5,True,-2.39535,True
lit,whisper-tiny,method_20,20,regular,3,1,True,-1.28935,True
lit,whisper-tiny,method_20,20,regular,3,2,True,-1.33019,True
lit,whisper-tiny,method_20,20,regular,3,3,True,-1.29145,True
lit,whisper-tiny,method_20,20,regular,3,4,True,-1.28603,True
lit,whisper-tiny,method_20,20,regular,3,5,True,-1.31897,True
lit,whisper-tiny,method_20,20,regular,5,1,True,-1.32252,True
lit,whisper-tiny,method_20,20,regular,5,2,True,-1.34223,True
lit,whisper-tiny,method_20,20,regular,5,3,True,-1.29759,True
lit,whisper-tiny,method_20,20,regular,5,4,True,-1.32935,True
lit,whisper-tiny,method_20,20,regular,5,5,True,-1.35748,True
lit,whisper-tiny,method_20,20,regular,7,1,True,-1.39301,True
lit,whisper-tiny,method_20,20,regular,7,2,True,-1.35273,True
lit,whisper-tiny,method_20,20,regular,7,3,True,-1.41578,True
lit,whisper-tiny,method_20,20,regular,7,4,True,-1.34036,True
lit,whisper-tiny,method_20,20,regular,7,5,True,-1.38597,True
lit,whisper-tiny,method_20_counter,20,counter,3,1,True,-1.54653,True
lit,whisper-tiny,method_20_counter,20,counter,3,2,True,-1.63761,True
lit,whisper-tiny,method_20_counter,20,counter,3,3,True,-1.55423,True
lit,whisper-tiny,method_20_counter,20,counter,3,4,True,-1.58256,True
lit,whisper-tiny,method_20_counter,20,counter,3,5,True,-1.63002,True
lit,whisper-tiny,method_20_counter,20,counter,5,1,True,-1.6949,True
lit,whisper-tiny,method_20_counter,20,counter,5,2,True,-1.71064,True
lit,whisper-tiny,method_20_counter,20,counter,5,3,True,-1.60895,True
lit,whisper-tiny,method_20_counter,20,counter,5,4,True,-1.72274,True
lit,whisper-tiny,method_20_counter,20,counter,5,5,True,-1.7297,True
lit,whisper-tiny,method_20_counter,20,counter,7,1,True,-1.7927,True
lit,whisper-tiny,method_20_counter,20,counter,7,2,True,-1.71726,True
lit,whisper-tiny,method_20_counter,20,counter,7,3,True,-1.86131,True
lit,whisper-tiny,method_20_counter,20,counter,7,4,True,-1.67167,True
lit,whisper-tiny,method_20_counter,20,counter,7,5,True,-1.76751,True
lit,whisper-tiny,method_21,21,regular,3,1,True,-1.26179,True
lit,whisper-tiny,method_21,21,regular,3,2,True,-1.30316,True
lit,whisper-tiny,method_21,21,regular,3,3,True,-1.317,True
lit,whisper-tiny,method_21,21,regular,3,4,True,-1.32973,True
lit,whisper-tiny,method_21,21,regular,3,5,True,-1.29799,True
lit,whisper-tiny,method_21,21,regular,5,1,True,-1.34286,True
lit,whisper-tiny,method_21,21,regular,5,2,True,-1.3589,True
lit,whisper-tiny,method_21,21,regular,5,3,True,-1.35137,True
lit,whisper-tiny,method_21,21,regular,5,4,True,-1.3392,True
lit,whisper-tiny,method_21,21,regular,5,5,True,-1.33239,True
lit,whisper-tiny,method_21,21,regular,7,1,True,-1.38991,True
lit,whisper-tiny,method_21,21,regular,7,2,True,-1.36013,True
lit,whisper-tiny,method_21,21,regular,7,3,True,-1.34683,True
lit,whisper-tiny,method_21,21,regular,7,4,True,-1.40224,True
lit,whisper-tiny,method_21,21,regular,7,5,True,-1.35072,True
lit,whisper-tiny,method_21_counter,21,counter,3,1,True,-1.58128,True
lit,whisper-tiny,method_21_counter,21,counter,3,2,True,-1.55913,True
lit,whisper-tiny,method_21_counter,21,counter,3,3,True,-1.60649,True
lit,whisper-tiny,method_21_counter,21,counter,3,4,True,-1.54882,True
lit,whisper-tiny,method_21_counter,21,counter,3,5,True,-1.57439,True
lit,whisper-tiny,method_21_counter,21,counter,5,1,True,-1.73178,True
lit,whisper-tiny,method_21_counter,21,counter,5,2,True,-1.77873,True
lit,whisper-tiny,method_21_counter,21,counter,5,3,True,-1.72271,True
lit,whisper-tiny,method_21_counter,21,counter,5,4,True,-1.69449,True
lit,whisper-tiny,method_21_counter,21,counter,5,5,True,-1.72056,True
lit,whisper-tiny,method_21_counter,21,counter,7,1,True,-1.76341,True
lit,whisper-tiny,method_21_counter,21,counter,7,2,True,-1.68043,True
lit,whisper-tiny,method_21_counter,21,counter,7,3,True,-1.65467,True
lit,whisper-tiny,method_21_counter,21,counter,7,4,True,-1.81489,True
lit,whisper-tiny,method_21_counter,21,counter,7,5,True,-1.71856,True
lit,whisper-tiny,method_27,27,regular,3,1,True,-0.71891,False
lit,whisper-tiny,method_27,27,regular,3,2,True,-0.73505,False
lit,whisper-tiny,method_27,27,regular,3,3,True,-0.76791,True
lit,whisper-tiny,method_27,27,regular,3,4,True,-0.72608,False
lit,whisper-tiny,method_27,27,regular,3,5,True,-0.71162,False
lit,whisper-tiny,method_27,27,regular,5,1,True,-0.73423,False
lit,whisper-tiny,method_27,27,regular,5,2,True,-0.75478,True
lit,whisper-tiny,method_27,27,regular,5,3,True,-0.74279,False
lit,whisper-tiny,method_27,27,regular,5,4,True,-0.75254,True
lit,whisper-tiny,method_27,27,regular,5,5,True,-0.72686,False
lit,whisper-tiny,method_27,27,regular,7,1,True,-0.73374,False
lit,whisper-tiny,method_27,27,regular,7,2,True,-0.76765,True
lit,whisper-tiny,method_27,27,regular,7,3,True,-0.74036,False
lit,whisper-tiny,method_27,27,regular,7,4,True,-0.73078,False
lit,whisper-tiny,method_27,27,regular,7,5,True,-0.75221,True
lit,whisper-tiny,method_27_counter,27,counter,3,1,False,0.4537,False
lit,whisper-tiny,method_27_counter,27,counter,3,2,False,0.46412,False
lit,whisper-tiny,method_27_counter,27,counter,3,3,False,0.48355,False
lit,whisper-tiny,method_27_counter,27,counter,3,4,False,0.46165,False
lit,whisper-tiny,method_27_counter,27,counter,3,5,False,0.45096,False
lit,whisper-tiny,method_27_counter,27,counter,5,1,False,0.43946,False
lit,whisper-tiny,method_27_counter,27,counter,5,2,False,0.45335,False
lit,whisper-tiny,method_27_counter,27,counter,5,3,False,0.4464,False
lit,whisper-tiny,method_27_counter,27,counter,5,4,False,0.45136,False
lit,whisper-tiny,method_27_counter,27,counter,5,5,False,0.43748,False
lit,whisper-tiny,method_27_counter,27,counter,7,1,False,0.44105,False
lit,whisper-tiny,method_27_counter,27,counter,7,2,False,0.45918,False
lit,whisper-tiny,method_27_counter,27,counter,7,3,False,0.44582,False
lit,whisper-tiny,method_27_counter,27,counter,7,4,False,0.44046,False
lit,whisper-tiny,method_27_counter,27,counter,7,5,False,0.45152,False
lit,whisper-tiny,method_28,28,regular,3,1,True,-0.20146,False
lit,whisper-tiny,method_28,28,regular,3,2,True,-0.23282,False
lit,whisper-tiny,method_28,28,regular,3,3,True,-0.2023,False
lit,whisper-tiny,method_28,28,regular,3,4,True,-0.21987,False
lit,whisper-tiny,method_28,28,regular,3,5,True,-0.21086,False
lit,whisper-tiny,method_28,28,regular,5,1,True,-0.17921,False
lit,whisper-tiny,method_28,28,regular,5,2,True,-0.19183,False
lit,whisper-tiny,method_28,28,regular,5,3,True,-0.21376,False
lit,whisper-tiny,method_28,28,regular,5,4,True,-0.19031,False
lit,whisper-tiny,method_28,28,regular,5,5,True,-0.18395,False
lit,whisper-tiny,method_28,28,regular,7,1,True,-0.17624,False
lit,whisper-tiny,method_28,28,regular,7,2,True,-0.16489,False
lit,whisper-tiny,method_28,28,regular,7,3,True,-0.17926,False
lit,whisper-tiny,method_28,28,regular,7,4,True,-0.17596,False
lit,whisper-tiny,method_28,28,regular,7,5,True,-0.18371,False
lit,whisper-tiny,method_28_counter,28,counter,3,1,True,-0.43981,False
lit,whisper-tiny,method_28_counter,28,counter,3,2,True,-0.43657,False
lit,whisper-tiny,method_28_counter,28,counter,3,3,True,-0.42667,False
lit,whisper-tiny,method_28_counter,28,counter,3,4,True,-0.43399,False
lit,whisper-tiny,method_28_counter,28,counter,3,5,True,-0.42425,False
lit,whisper-tiny,method_28_counter,28,counter,5,1,True,-0.44019,False
lit,whisper-tiny,method_28_counter,28,counter,5,2,True,-0.40346,False
lit,whisper-tiny,method_28_counter,28,counter,5,3,True,-0.41192,False
lit,whisper-tiny,method_28_counter,28,counter,5,4,True,-0.39538,False
lit,whisper-tiny,method_28_counter,28,counter,5,5,True,-0.40341,False
lit,whisper-tiny,method_28_counter,28,counter,7,1,True,-0.41151,False
lit,whisper-tiny,method_28_counter,28,counter,7,2,True,-0.41586,False
lit,whisper-tiny,method_28_counter,28,counter,7,3,True,-0.4205,False
lit,whisper-tiny,method_28_counter,28,counter,7,4,True,-0.41269,False
lit,whisper-tiny,method_28_counter,28,counter,7,5,True,-0.42972,False
lit,whisper-tiny,method_29,29,regular,3,1,True,-0.29132,False
lit,whisper-tiny,method_29,29,regular,3,2,True,-0.21301,False
lit,whisper-tiny,method_29,29,regular,3,3,True,-0.21491,False
lit,whisper-tiny,method_29,29,regular,3,4,True,-0.30142,False
lit,whisper-tiny,method_29,29,regular,3,5,True,-0.21742,False
lit,whisper-tiny,method_29,29,regular,5,1,True,-0.17818,False
lit,whisper-tiny,method_29,29,regular,5,2,True,-0.19593,False
lit,whisper-tiny,method_29,29,regular,5,3,True,-0.1915,False
lit,whisper-tiny,method_29,29,regular,5,4,True,-0.1884,False
lit,whisper-tiny,method_29,29,regular,5,5,True,-0.19558,False
lit,whisper-tiny,method_29,29,regular,7,1,True,-0.15876,False
lit,whisper-tiny,method_29,29,regular,7,2,True,-0.17649,False
lit,whisper-tiny,method_29,29,regular,7,3,True,-0.17732,False
lit,whisper-tiny,method_29,29,regular,7,4,True,-0.1763,False
lit,whisper-tiny,method_29,29,regular,7,5,True,-0.16096,False
lit,whisper-tiny,method_29_counter,29,counter,3,1,True,-0.36867,False
lit,whisper-tiny,method_29_counter,29,counter,3,2,True,-0.42998,False
lit,whisper-tiny,method_29_counter,29,counter,3,3,True,-0.44109,False
lit,whisper-tiny,method_29_counter,29,counter,3,4,True,-0.38055,False
lit,whisper-tiny,method_29_counter,29,counter,3,5,True,-0.44656,False
lit,whisper-tiny,method_29_counter,29,counter,5,1,True,-0.40887,False
lit,whisper-tiny,method_29_counter,29,counter,5,2,True,-0.43066,False
lit,whisper-tiny,method_29_counter,29,counter,5,3,True,-0.40566,False
lit,whisper-tiny,method_29_counter,29,counter,5,4,True,-0.4162,False
lit,whisper-tiny,method_29_counter,29,counter,5,5,True,-0.40104,False
lit,whisper-tiny,method_29_counter,29,counter,7,1,True,-0.41961,False
lit,whisper-tiny,method_29_counter,29,counter,7,2,True,-0.43191,False
lit,whisper-tiny,method_29_counter,29,counter,7,3,True,-0.421,False
lit,whisper-tiny,method_29_counter,29,counter,7,4,True,-0.42383,False
lit,whisper-tiny,method_29_counter,29,counter,7,5,True,-0.43765,False
lit,whisper-tiny,method_30,30,regular,3,1,True,-0.20923,False
lit,whisper-tiny,method_30,30,regular,3,2,True,-0.22909,False
lit,whisper-tiny,method_30,30,regular,3,3,True,-0.20862,False
lit,whisper-tiny,method_30,30,regular,3,4,True,-0.2211,False
lit,whisper-tiny,method_30,30,regular,3,5,True,-0.19114,False
lit,whisper-tiny,method_30,30,regular,5,1,True,-0.1829,False
lit,whisper-tiny,method_30,30,regular,5,2,True,-0.19893,False
lit,whisper-tiny,method_30,30,regular,5,3,True,-0.20801,False
lit,whisper-tiny,method_30,30,regular,5,4,True,-0.20316,False
lit,whisper-tiny,method_30,30,regular,5,5,True,-0.19742,False
lit,whisper-tiny,method_30,30,regular,7,1,True,-0.16602,False
lit,whisper-tiny,method_30,30,regular,7,2,True,-0.1723,False
lit,whisper-tiny,method_30,30,regular,7,3,True,-0.18575,False
lit,whisper-tiny,method_30,30,regular,7,4,True,-0.16756,False
lit,whisper-tiny,method_30,30,regular,7,5,True,-0.17077,False
lit,whisper-tiny,method_30_counter,30,counter,3,1,True,-0.44557,False
lit,whisper-tiny,method_30_counter,30,counter,3,2,True,-0.42199,False
lit,whisper-tiny,method_30_counter,30,counter,3,3,True,-0.43788,False
lit,whisper-tiny,method_30_counter,30,counter,3,4,True,-0.43035,False
lit,whisper-tiny,method_30_counter,30,counter,3,5,True,-0.42773,False
lit,whisper-tiny,method_30_counter,30,counter,5,1,True,-0.40002,False
lit,whisper-tiny,method_30_counter,30,counter,5,2,True,-0.38954,False
lit,whisper-tiny,method_30_counter,30,counter,5,3,True,-0.39768,False
lit,whisper-tiny,method_30_counter,30,counter,5,4,True,-0.39331,False
lit,whisper-tiny,method_30_counter,30,counter,5,5,True,-0.39804,False
lit,whisper-tiny,method_30_counter,30,counter,7,1,True,-0.4238,False
lit,whisper-tiny,method_30_counter,30,counter,7,2,True,-0.42875,False
lit,whisper-tiny,method_30_counter,30,counter,7,3,True,-0.40073,False
lit,whisper-tiny,method_30_counter,30,counter,7,4,True,-0.42072,False
lit,whisper-tiny,method_30_counter,30,counter,7,5,True,-0.41439,False
lit,whisper-tiny,method_31,31,regular,3,1,True,-0.19045,False
lit,whisper-tiny,method_31,31,regular,3,2,True,-0.21912,False
lit,whisper-tiny,method_31,31,regular,3,3,True,-0.22202,False
lit,whisper-tiny,method_31,31,regular,3,4,True,-0.19712,False
lit,whisper-tiny,method_31,31,regular,3,5,True,-0.21655,False
lit,whisper-tiny,method_31,31,regular,5,1,True,-0.17565,False
lit,whisper-tiny,method_31,31,regular,5,2,True,-0.16885,False
lit,whisper-tiny,method_31,31,regular,5,3,True,-0.18152,False
lit,whisper-tiny,method_31,31,regular,5,4,True,-0.1941,False
lit,whisper-tiny,method_31,31,regular,5,5,True,-0.20041,False
lit,whisper-tiny,method_31,31,regular,7,1,True,-0.17703,False
lit,whisper-tiny,method_31,31,regular,7,2,True,-0.17036,False
lit,whisper-tiny,method_31,31,regular,7,3,True,-0.16867,False
lit,whisper-tiny,method_31,31,regular,7,4,True,-0.18667,False
lit,whisper-tiny,method_31,31,regular,7,5,True,-0.17921,False
lit,whisper-tiny,method_31_counter,31,counter,3,1,True,-0.46516,False
lit,whisper-tiny,method_31_counter,31,counter,3,2,True,-0.42218,False
lit,whisper-tiny,method_31_counter,31,counter,3,3,True,-0.4651,False
lit,whisper-tiny,method_31_counter,31,counter,3,4,True,-0.44076,False
lit,whisper-tiny,method_31_counter,31,counter,3,5,True,-0.41556,False
lit,whisper-tiny,method_31_counter,31,counter,5,1,True,-0.42337,False
lit,whisper-tiny,method_31_counter,31,counter,5,2,True,-0.44015,False
lit,whisper-tiny,method_31_counter,31,counter,5,3,True,-0.41154,False
lit,whisper-tiny,method_31_counter,31,counter,5,4,True,-0.41993,False
lit,whisper-tiny,method_31_counter,31,counter,5,5,True,-0.40492,False
lit,whisper-tiny,method_31_counter,31,counter,7,1,True,-0.41009,False
lit,whisper-tiny,method_31_counter,31,counter,7,2,True,-0.40803,False
lit,whisper-tiny,method_31_counter,31,counter,7,3,True,-0.41587,False
lit,whisper-tiny,method_31_counter,31,counter,7,4,True,-0.39787,False
lit,whisper-tiny,method_31_counter,31,counter,7,5,True,-0.42267,False
lit,whisper-tiny,method_32,32,regular,3,1,True,-0.20716,False
lit,whisper-tiny,method_32,32,regular,3,2,True,-0.21717,False
lit,whisper-tiny,method_32,32,regular,3,3,True,-0.19559,False
lit,whisper-tiny,method_32,32,regular,3,4,True,-0.30415,False
lit,whisper-tiny,method_32,32,regular,3,5,True,-0.19721,False
lit,whisper-tiny,method_32,32,regular,5,1,True,-0.19671,False
lit,whisper-tiny,method_32,32,regular,5,2,True,-0.20519,False
lit,whisper-tiny,method_32,32,regular,5,3,True,-0.19699,False
lit,whisper-tiny,method_32,32,regular,5,4,True,-0.18284,False
lit,whisper-tiny,method_32,32,regular,5,5,True,-0.17459,False
lit,whisper-tiny,method_32,32,regular,7,1,True,-0.17168,False
lit,whisper-tiny,method_32,32,regular,7,2,True,-0.17762,False
lit,whisper-tiny,method_32,32,regular,7,3,True,-0.17507,False
lit,whisper-tiny,method_32,32,regular,7,4,True,-0.16495,False
lit,whisper-tiny,method_32,32,regular,7,5,True,-0.17476,False
lit,whisper-tiny,method_32_counter,32,counter,3,1,True,-0.44246,False
lit,whisper-tiny,method_32_counter,32,counter,3,2,True,-0.43043,False
lit,whisper-tiny,method_32_counter,32,counter,3,3,True,-0.46637,False
lit,whisper-tiny,method_32_counter,32,counter,3,4,True,-0.38913,False
lit,whisper-tiny,method_32_counter,32,counter,3,5,True,-0.42763,False
lit,whisper-tiny,method_32_counter,32,counter,5,1,True,-0.39748,False
lit,whisper-tiny,method_32_counter,32,counter,5,2,True,-0.38697,False
lit,whisper-tiny,method_32_counter,32,counter,5,3,True,-0.40856,False
lit,whisper-tiny,method_32_counter,32,counter,5,4,True,-0.42617,False
lit,whisper-tiny,method_32_counter,32,counter,5,5,True,-0.45208,False
lit,whisper-tiny,method_32_counter,32,counter,7,1,True,-0.41769,False
lit,whisper-tiny,method_32_counter,32,counter,7,2,True,-0.416,False
lit,whisper-tiny,method_32_counter,32,counter,7,3,True,-0.42121,False
lit,whisper-tiny,method_32_counter,32,counter,7,4,True,-0.42576,False
lit,whisper-tiny,method_32_counter,32,counter,7,5,True,-0.40495,False
lit,whisper-tiny,method_33,33,regular,3,1,True,-0.6178,False
lit,whisper-tiny,method_33,33,regular,3,2,True,-0.67659,False
lit,whisper-tiny,method_33,33,regular,3,3,True,-0.63689,False
lit,whisper-tiny,method_33,33,regular,3,4,True,-0.65376,False
lit,whisper-tiny,method_33,33,regular,3,5,True,-0.73373,False
lit,whisper-tiny,method_33,33,regular,5,1,True,-0.67734,False
lit,whisper-tiny,method_33,33,regular,5,2,True,-0.68457,False
lit,whisper-tiny,method_33,33,regular,5,3,True,-0.67881,False
lit,whisper-tiny,method_33,33,regular,5,4,True,-0.62667,False
lit,whisper-tiny,method_33,33,regular,5,5,True,-0.60438,False
lit,whisper-tiny,method_33,33,regular,7,1,True,-0.68229,False
lit,whisper-tiny,method_33,33,regular,7,2,True,-0.72207,False
lit,whisper-tiny,method_33,33,regular,7,3,True,-0.71438,False
lit,whisper-tiny,method_33,33,regular,7,4,True,-0.71214,False
lit,whisper-tiny,method_33,33,regular,7,5,True,-0.69632,False
lit,whisper-tiny,method_33_counter,33,counter,3,1,True,-0.14992,False
lit,whisper-tiny,method_33_counter,33,counter,3,2,True,-0.17753,False
lit,whisper-tiny,method_33_counter,33,counter,3,3,True,-0.17204,False
lit,whisper-tiny,method_33_counter,33,counter,3,4,True,-0.16555,False
lit,whisper-tiny,method_33_counter,33,counter,3,5,True,-0.17963,False
lit,whisper-tiny,method_33_counter,33,counter,5,1,True,-0.17941,False
lit,whisper-tiny,method_33_counter,33,counter,5,2,True,-0.18429,False
lit,whisper-tiny,method_33_counter,33,counter,5,3,True,-0.18053,False
lit,whisper-tiny,method_33_counter,33,counter,5,4,True,-0.17854,False
lit,whisper-tiny,method_33_counter,33,counter,5,5,True,-0.16322,False
lit,whisper-tiny,method_33_counter,33,counter,7,1,True,-0.18727,False
lit,whisper-tiny,method_33_counter,33,counter,7,2,True,-0.18496,False
lit,whisper-tiny,method_33_counter,33,counter,7,3,True,-0.18601,False
lit,whisper-tiny,method_33_counter,33,counter,7,4,True,-0.18336,False
lit,whisper-tiny,method_33_counter,33,counter,7,5,True,-0.1809,False
lit,whisper-tiny,method_37,37,regular,3,1,True,-0.19919,False
lit,whisper-tiny,method_37,37,regular,3,2,True,-0.2437,False
lit,whisper-tiny,method_37,37,regular,3,3,True,-0.1977,False
lit,whisper-tiny,method_37,37,regular,3,4,True,-0.20993,False
lit,whisper-tiny,method_37,37,regular,3,5,True,-0.21227,False
lit,whisper-tiny,method_37,37,regular,5,1,True,-0.21578,False
lit,whisper-tiny,method_37,37,regular,5,2,True,-0.21729,False
lit,whisper-tiny,method_37,37,regular,5,3,True,-0.21665,False
lit,whisper-tiny,method_37,37,regular,5,4,True,-0.21578,False
lit,whisper-tiny,method_37,37,regular,5,5,True,-0.22354,False
lit,whisper-tiny,method_37,37,regular,7,1,True,-0.19679,False
lit,whisper-tiny,method_37,37,regular,7,2,True,-0.19785,False
lit,whisper-tiny,method_37,37,regular,7,3,True,-0.19678,False
lit,whisper-tiny,method_37,37,regular,7,4,True,-0.18984,False
lit,whisper-tiny,method_37,37,regular,7,5,True,-0.19523,False
lit,whisper-tiny,method_37_counter,37,counter,3,1,True,-0.38402,False
lit,whisper-tiny,method_37_counter,37,counter,3,2,True,-0.34168,False
lit,whisper-tiny,method_37_counter,37,counter,3,3,True,-0.38263,False
lit,whisper-tiny,method_37_counter,37,counter,3,4,True,-0.37526,False
lit,whisper-tiny,method_37_counter,37,counter,3,5,True,-0.37986,False
lit,whisper-tiny,method_37_counter,37,counter,5,1,True,-0.36244,False
lit,whisper-tiny,method_37_counter,37,counter,5,2,True,-0.36017,False
lit,whisper-tiny,method_37_counter,37,counter,5,3,True,-0.36622,False
lit,whisper-tiny,method_37_counter,37,counter,5,4,True,-0.36636,False
lit,whisper-tiny,method_37_counter,37,counter,5,5,True,-0.37122,False
lit,whisper-tiny,method_37_counter,37,counter,7,1,True,-0.38081,False
lit,whisper-tiny,method_37_counter,37,counter,7,2,True,-0.37746,False
lit,whisper-tiny,method_37_counter,37,counter,7,3,True,-0.37901,False
lit,whisper-tiny,method_37_counter,37,counter,7,4,True,-0.38845,False
lit,whisper-tiny,method_37_counter,37,counter,7,5,True,-0.38459,False
lit,whisper-tiny,method_43,43,regular,3,1,True,-0.34035,False
lit,whisper-tiny,method_43,43,regular,3,2,True,-0.33449,False
lit,whisper-tiny,method_43,43,regular,3,3,True,-0.34072,False
lit,whisper-tiny,method_43,43,regular,3,4,True,-0.31414,False
lit,whisper-tiny,method_43,43,regular,3,5,True,-0.3388,False
lit,whisper-tiny,method_43,43,regular,5,1,True,-0.35108,False
lit,whisper-tiny,method_43,43,regular,5,2,True,-0.35742,False
lit,whisper-tiny,method_43,43,regular,5,3,True,-0.34442,False
lit,whisper-tiny,method_43,43,regular,5,4,True,-0.34431,False
lit,whisper-tiny,method_43,43,regular,5,5,True,-0.34258,False
lit,whisper-tiny,method_43,43,regular,7,1,True,-0.3621,False
lit,whisper-tiny,method_43,43,regular,7,2,True,-0.35725,False
lit,whisper-tiny,method_43,43,regular,7,3,True,-0.36439,False
lit,whisper-tiny,method_43,43,regular,7,4,True,-0.37232,False
lit,whisper-tiny,method_43,43,regular,7,5,True,-0.35911,False
lit,whisper-tiny,method_43_counter,43,counter,3,1,True,-0.46868,False
lit,whisper-tiny,method_43_counter,43,counter,3,2,True,-0.4655,False
lit,whisper-tiny,method_43_counter,43,counter,3,3,True,-0.46385,False
lit,whisper-tiny,method_43_counter,43,counter,3,4,True,-0.45713,False
lit,whisper-tiny,method_43_counter,43,counter,3,5,True,-0.46864,False
lit,whisper-tiny,method_43_counter,43,counter,5,1,True,-0.46143,False
lit,whisper-tiny,method_43_counter,43,counter,5,2,True,-0.46833,False
lit,whisper-tiny,method_43_counter,43,counter,5,3,True,-0.45933,False
lit,whisper-tiny,method_43_counter,43,counter,5,4,True,-0.46726,False
lit,whisper-tiny,method_43_counter,43,counter,5,5,True,-0.45984,False
lit,whisper-tiny,method_43_counter,43,counter,7,1,True,-0.4761,False
lit,whisper-tiny,method_43_counter,43,counter,7,2,True,-0.46799,False
lit,whisper-tiny,method_43_counter,43,counter,7,3,True,-0.47314,False
lit,whisper-tiny,method_43_counter,43,counter,7,4,True,-0.47807,False
lit,whisper-tiny,method_43_counter,43,counter,7,5,True,-0.47194,False
lit,whisper-tiny,method_44,44,regular,3,1,True,-1.02377,True
lit,whisper-tiny,method_44,44,regular,3,2,True,-0.94717,True
lit,whisper-tiny,method_44,44,regular,3,3,True,-1.08122,True
lit,whisper-tiny,method_44,44,regular,3,4,True,-0.93676,True
lit,whisper-tiny,method_44,44,regular,3,5,True,-1.00709,True
lit,whisper-tiny,method_44,44,regular,5,1,True,-1.06733,True
lit,whisper-tiny,method_44,44,regular,5,2,True,-1.17976,True
lit,whisper-tiny,method_44,44,regular,5,3,True,-1.02487,True
lit,whisper-tiny,method_44,44,regular,5,4,True,-1.16729,True
lit,whisper-tiny,method_44,44,regular,5,5,True,-1.04468,True
lit,whisper-tiny,method_44,44,regular,7,1,True,-1.22015,True
lit,whisper-tiny,method_44,44,regular,7,2,True,-1.25454,True
lit,whisper-tiny,method_44,44,regular,7,3,True,-1.14446,True
lit,whisper-tiny,method_44,44,regular,7,4,True,-1.151,True
lit,whisper-tiny,method_44,44,regular,7,5,True,-1.23799,True
lit,whisper-tiny,method_44_counter,44,counter,3,1,True,-0.69837,False
lit,whisper-tiny,method_44_counter,44,counter,3,2,True,-0.72134,False
lit,whisper-tiny,method_44_counter,44,counter,3,3,True,-0.6648,False
lit,whisper-tiny,method_44_counter,44,counter,3,4,True,-0.69969,False
lit,whisper-tiny,method_44_counter,44,counter,3,5,True,-0.67573,False
lit,whisper-tiny,method_44_counter,44,counter,5,1,True,-0.64845,False
lit,whisper-tiny,method_44_counter,44,counter,5,2,True,-0.7857,True
lit,whisper-tiny,method_44_counter,44,counter,5,3,True,-0.65927,False
lit,whisper-tiny,method_44_counter,44,counter,5,4,True,-0.75787,True
lit,whisper-tiny,method_44_counter,44,counter,5,5,True,-0.7524,True
lit,whisper-tiny,method_44_counter,44,counter,7,1,True,-0.70584,False
lit,whisper-tiny,method_44_counter,44,counter,7,2,True,-0.74351,False
lit,whisper-tiny,method_44_counter,44,counter,7,3,True,-0.64901,False
lit,whisper-tiny,method_44_counter,44,counter,7,4,True,-0.70764,False
lit,whisper-tiny,method_44_counter,44,counter,7,5,True,-0.74938,False
lit,whisper-tiny,method_53,53,regular,3,1,True,-0.2589,False
lit,whisper-tiny,method_53,53,regular,3,2,True,-0.23819,False
lit,whisper-tiny,method_53,53,regular,3,3,True,-0.25588,False
lit,whisper-tiny,method_53,53,regular,3,4,True,-0.19566,False
lit,whisper-tiny,method_53,53,regular,3,5,True,-0.20677,False
lit,whisper-tiny,method_53,53,regular,5,1,True,-0.16418,False
lit,whisper-tiny,method_53,53,regular,5,2,True,-0.18477,False
lit,whisper-tiny,method_53,53,regular,5,3,True,-0.15923,False
lit,whisper-tiny,method_53,53,regular,5,4,True,-0.16225,False
lit,whisper-tiny,method_53,53,regular,5,5,True,-0.17109,False
lit,whisper-tiny,method_53,53,regular,7,1,True,-0.13867,False
lit,whisper-tiny,method_53,53,regular,7,2,True,-0.14125,False
lit,whisper-tiny,method_53,53,regular,7,3,True,-0.13374,False
lit,whisper-tiny,method_53,53,regular,7,4,True,-0.12629,False
lit,whisper-tiny,method_53,53,regular,7,5,True,-0.13999,False
lit,whisper-tiny,method_53_counter,53,counter,3,1,True,-0.70591,False
lit,whisper-tiny,method_53_counter,53,counter,3,2,True,-0.70643,False
lit,whisper-tiny,method_53_counter,53,counter,3,3,True,-0.69092,False
lit,whisper-tiny,method_53_counter,53,counter,3,4,True,-0.69805,False
lit,whisper-tiny,method_53_counter,53,counter,3,5,True,-0.68451,False
lit,whisper-tiny,method_53_counter,53,counter,5,1,True,-0.6726,False
lit,whisper-tiny,method_53_counter,53,counter,5,2,True,-0.68109,False
lit,whisper-tiny,method_53_counter,53,counter,5,3,True,-0.68059,False
lit,whisper-tiny,method_53_counter,53,counter,5,4,True,-0.63076,False
lit,whisper-tiny,method_53_counter,53,counter,5,5,True,-0.65506,False
lit,whisper-tiny,method_53_counter,53,counter,7,1,True,-0.67481,False
lit,whisper-tiny,method_53_counter,53,counter,7,2,True,-0.65508,False
lit,whisper-tiny,method_53_counter,53,counter,7,3,True,-0.65851,False
lit,whisper-tiny,method_53_counter,53,counter,7,4,True,-0.68381,False
lit,whisper-tiny,method_53_counter,53,counter,7,5,True,-0.69033,False
lit,whisper-tiny,method_55,55,regular,3,1,True,-1.47672,True
lit,whisper-tiny,method_55,55,regular,3,2,True,-1.48913,True
lit,whisper-tiny,method_55,55,regular,3,3,True,-1.45143,True
lit,whisper-tiny,method_55,55,regular,3,4,True,-1.54414,True
lit,whisper-tiny,method_55,55,regular,3,5,True,-1.52455,True
lit,whisper-tiny,method_55,55,regular,5,1,True,-1.50474,True
lit,whisper-tiny,method_55,55,regular,5,2,True,-1.48023,True
lit,whisper-tiny,method_55,55,regular,5,3,True,-1.48824,True
lit,whisper-tiny,method_55,55,regular,5,4,True,-1.48693,True
lit,whisper-tiny,method_55,55,regular,5,5,True,-1.56122,True
lit,whisper-tiny,method_55,55,regular,7,1,True,-1.54411,True
lit,whisper-tiny,method_55,55,regular,7,2,True,-1.49981,True
lit,whisper-tiny,method_55,55,regular,7,3,True,-1.57166,True
lit,whisper-tiny,method_55,55,regular,7,4,True,-1.56797,True
lit,whisper-tiny,method_55,55,regular,7,5,True,-1.49869,True
lit,whisper-tiny,method_55_counter,55,counter,3,1,True,-2.1061,True
lit,whisper-tiny,method_55_counter,55,counter,3,2,True,-2.12059,True
lit,whisper-tiny,method_55_counter,55,counter,3,3,True,-2.09278,True
lit,whisper-tiny,method_55_counter,55,counter,3,4,True,-2.17056,True
lit,whisper-tiny,method_55_counter,55,counter,3,5,True,-2.17518,True
lit,whisper-tiny,method_55_counter,55,counter,5,1,True,-2.17884,True
lit,whisper-tiny,method_55_counter,55,counter,5,2,True,-2.11582,True
lit,whisper-tiny,method_55_counter,55,counter,5,3,True,-2.10716,True
lit,whisper-tiny,method_55_counter,55,counter,5,4,True,-2.13435,True
lit,whisper-tiny,method_55_counter,55,counter,5,5,True,-2.29464,True
lit,whisper-tiny,method_55_counter,55,counter,7,1,True,-2.1954,True
lit,whisper-tiny,method_55_counter,55,counter,7,2,True,-2.14493,True
lit,whisper-tiny,method_55_counter,55,counter,7,3,True,-2.26632,True
lit,whisper-tiny,method_55_counter,55,counter,7,4,True,-2.2888,True
lit,whisper-tiny,method_55_counter,55,counter,7,5,True,-2.12457,True
lit,whisper-tiny,method_60,60,regular,3,1,False,-0.30724,False
lit,whisper-tiny,method_60,60,regular,3,2,False,-0.34878,False
lit,whisper-tiny,method_60,60,regular,3,3,False,-0.40162,False
lit,whisper-tiny,method_60,60,regular,3,4,False,-0.31769,False
lit,whisper-tiny,method_60,60,regular,3,5,False,-0.30924,False
lit,whisper-tiny,method_60,60,regular,5,1,False,-0.3782,False
lit,whisper-tiny,method_60,60,regular,5,2,False,-0.37924,False
lit,whisper-tiny,method_60,60,regular,5,3,False,-0.3166,False
lit,whisper-tiny,method_60,60,regular,5,4,False,-0.35869,False
lit,whisper-tiny,method_60,60,regular,5,5,False,-0.38088,False
lit,whisper-tiny,method_60,60,regular,7,1,False,-0.31258,False
lit,whisper-tiny,method_60,60,regular,7,2,False,-0.27194,False
lit,whisper-tiny,method_60,60,regular,7,3,False,-0.29946,False
lit,whisper-tiny,method_60,60,regular,7,4,False,-0.26905,False
lit,whisper-tiny,method_60,60,regular,7,5,False,-0.33216,False
lit,whisper-tiny,method_60_counter,60,counter,3,1,True,-2.17367,True
lit,whisper-tiny,method_60_counter,60,counter,3,2,True,-2.17038,True
lit,whisper-tiny,method_60_counter,60,counter,3,3,True,-2.1911,True
lit,whisper-tiny,method_60_counter,60,counter,3,4,True,-2.24396,True
lit,whisper-tiny,method_60_counter,60,counter,3,5,True,-2.23523,True
lit,whisper-tiny,method_60_counter,60,counter,5,1,True,-2.4275,True
lit,whisper-tiny,method_60_counter,60,counter,5,2,True,-2.565,True
lit,whisper-tiny,method_60_counter,60,counter,5,3,True,-2.4912,True
lit,whisper-tiny,method_60_counter,60,counter,5,4,True,-2.46978,True
lit,whisper-tiny,method_60_counter,60,counter,5,5,True,-2.46645,True
lit,whisper-tiny,method_60_counter,60,counter,7,1,True,-2.45748,True
lit,whisper-tiny,method_60_counter,60,counter,7,2,True,-2.48218,True
lit,whisper-tiny,method_60_counter,60,counter,7,3,True,-2.45852,True
lit,whisper-tiny,method_60_counter,60,counter,7,4,True,-2.45387,True
lit,whisper-tiny,method_60_counter,60,counter,7,5,True,-2.49754,True
lit,whisper-tiny,method_72,72,regular,3,1,True,-0.66284,False
lit,whisper-tiny,method_72,72,regular,3,2,True,-0.76354,True
lit,whisper-tiny,method_72,72,regular,3,3,True,-0.75599,True
lit,whisper-tiny,method_72,72,regular,3,4,True,-0.72099,False
lit,whisper-tiny,method_72,72,regular,3,5,True,-0.80224,True
lit,whisper-tiny,method_72,72,regular,5,1,True,-0.87331,True
lit,whisper-tiny,method_72,72,regular,5,2,True,-0.79748,True
lit,whisper-tiny,method_72,72,regular,5,3,True,-0.79394,True
lit,whisper-tiny,method_72,72,regular,5,4,True,-0.85486,True
lit,whisper-tiny,method_72,72,regular,5,5,True,-0.76385,True
lit,whisper-tiny,method_72,72,regular,7,1,True,-0.90843,True
lit,whisper-tiny,method_72,72,regular,7,2,True,-0.78547,True
lit,whisper-tiny,method_72,72,regular,7,3,True,-0.87121,True
lit,whisper-tiny,method_72,72,regular,7,4,True,-0.87048,True
lit,whisper-tiny,method_72,72,regular,7,5,True,-0.81399,True
lit,whisper-tiny,method_72_counter,72,counter,3,1,False,-0.11804,False
lit,whisper-tiny,method_72_counter,72,counter,3,2,False,-0.17999,False
lit,whisper-tiny,method_72_counter,72,counter,3,3,False,-0.16372,False
lit,whisper-tiny,method_72_counter,72,counter,3,4,False,-0.15307,False
lit,whisper-tiny,method_72_counter,72,counter,3,5,False,-0.1936,False
lit,whisper-tiny,method_72_counter,72,counter,5,1,True,-0.23893,False
lit,whisper-tiny,method_72_counter,72,counter,5,2,False,-0.19958,False
lit,whisper-tiny,method_72_counter,72,counter,5,3,False,-0.19934,False
lit,whisper-tiny,method_72_counter,72,counter,5,4,True,-0.23031,False
lit,whisper-tiny,method_72_counter,72,counter,5,5,True,-0.20184,False
lit,whisper-tiny,method_72_counter,72,counter,7,1,True,-0.25195,False
lit,whisper-tiny,method_72_counter,72,counter,7,2,False,-0.19417,False
lit,whisper-tiny,method_72_counter,72,counter,7,3,True,-0.23404,False
lit,whisper-tiny,method_72_counter,72,counter,7,4,True,-0.2315,False
lit,whisper-tiny,method_72_counter,72,counter,7,5,True,-0.20746,False
lit,whisper-tiny,method_74,74,regular,3,1,True,0.26288,False
lit,whisper-tiny,method_74,74,regular,3,2,True,0.24983,False
lit,whisper-tiny,method_74,74,regular,3,3,True,0.24993,False
lit,whisper-tiny,method_74,74,regular,3,4,True,0.28705,False
lit,whisper-tiny,method_74,74,regular,3,5,True,0.23899,False
lit,whisper-tiny,method_74,74,regular,5,1,True,0.2717,False
lit,whisper-tiny,method_74,74,regular,5,2,True,0.27096,False
lit,whisper-tiny,method_74,74,regular,5,3,True,0.27445,False
lit,whisper-tiny,method_74,74,regular,5,4,True,0.28952,False
lit,whisper-tiny,method_74,74,regular,5,5,True,0.3013,False
lit,whisper-tiny,method_74,74,regular,7,1,True,0.28865,False
lit,whisper-tiny,method_74,74,regular,7,2,True,0.29393,False
lit,whisper-tiny,method_74,74,regular,7,3,True,0.2964,False
lit,whisper-tiny,method_74,74,regular,7,4,True,0.28716,False
lit,whisper-tiny,method_74,74,regular,7,5,True,0.28716,False
lit,whisper-tiny,method_74_counter,74,counter,3,1,True,-1.01519,True
lit,whisper-tiny,method_74_counter,74,counter,3,2,True,-1.19187,True
lit,whisper-tiny,method_74_counter,74,counter,3,3,True,-1.081,True
lit,whisper-tiny,method_74_counter,74,counter,3,4,True,-1.1981,True
lit,whisper-tiny,method_74_counter,74,counter,3,5,True,-1.00963,True
lit,whisper-tiny,method_74_counter,74,counter,5,1,True,-1.29124,True
lit,whisper-tiny,method_74_counter,74,counter,5,2,True,-1.03718,True
lit,whisper-tiny,method_74_counter,74,counter,5,3,True,-1.09363,True
lit,whisper-tiny,method_74_counter,74,counter,5,4,True,-1.32681,True
lit,whisper-tiny,method_74_counter,74,counter,5,5,True,-1.29022,True
lit,whisper-tiny,method_74_counter,74,counter,7,1,True,-1.46442,True
lit,whisper-tiny,method_74_counter,74,counter,7,2,True,-1.35776,True
lit,whisper-tiny,method_74_counter,74,counter,7,3,True,-1.33456,True
lit,whisper-tiny,method_74_counter,74,counter,7,4,True,-1.53987,True
lit,whisper-tiny,method_74_counter,74,counter,7,5,True,-1.53987,True
lit,whisper-tiny,method_75,75,regular,3,1,True,-0.74298,False
lit,whisper-tiny,method_75,75,regular,3,2,True,-0.68437,False
lit,whisper-tiny,method_75,75,regular,3,3,True,-0.81774,True
lit,whisper-tiny,method_75,75,regular,3,4,True,-0.76208,True
lit,whisper-tiny,method_75,75,regular,3,5,True,-0.78446,True
lit,whisper-tiny,method_75,75,regular,5,1,True,-0.80829,True
lit,whisper-tiny,method_75,75,regular,5,2,True,-0.8515,True
lit,whisper-tiny,method_75,75,regular,5,3,True,-0.78552,True
lit,whisper-tiny,method_75,75,regular,5,4,True,-0.75347,True
lit,whisper-tiny,method_75,75,regular,5,5,True,-0.72873,False
lit,whisper-tiny,method_75,75,regular,7,1,True,-0.78879,True
lit,whisper-tiny,method_75,75,regular,7,2,True,-0.79099,True
lit,whisper-tiny,method_75,75,regular,7,3,True,-0.87709,True
lit,whisper-tiny,method_75,75,regular,7,4,True,-0.89013,True
lit,whisper-tiny,method_75,75,regular,7,5,True,-0.87547,True
lit,whisper-tiny,method_75_counter,75,counter,3,1,False,-0.16166,False
lit,whisper-tiny,method_75_counter,75,counter,3,2,False,-0.14217,False
lit,whisper-tiny,method_75_counter,75,counter,3,3,False,-0.20072,False
lit,whisper-tiny,method_75_counter,75,counter,3,4,False,-0.16439,False
lit,whisper-tiny,method_75_counter,75,counter,3,5,False,-0.17396,False
lit,whisper-tiny,method_75_counter,75,counter,5,1,False,-0.20612,False
lit,whisper-tiny,method_75_counter,75,counter,5,2,True,-0.22678,False
lit,whisper-tiny,method_75_counter,75,counter,5,3,False,-0.19963,False
lit,whisper-tiny,method_75_counter,75,counter,5,4,False,-0.18587,False
lit,whisper-tiny,method_75_counter,75,counter,5,5,False,-0.17882,False
lit,whisper-tiny,method_75_counter,75,counter,7,1,False,-0.19267,False
lit,whisper-tiny,method_75_counter,75,counter,7,2,False,-0.19469,False
lit,whisper-tiny,method_75_counter,75,counter,7,3,True,-0.23812,False
lit,whisper-tiny,method_75_counter,75,counter,7,4,True,-0.24413,False
lit,whisper-tiny,method_75_counter,75,counter,7,5,True,-0.23499,False
