{
  "AF3": {
    "blocks-0": {
      "mean": 0.0027038775486095496,
      "se": 0.0033459166011569957,
      "t_naive": 0.8081126551912761,
      "p_naive": 0.4191539562716362,
      "rho1": 0.718731602605709,
      "n_eff": 245,
      "t_corr": 0.3265948413071586,
      "p_corr": 0.7442543152306699,
      "frac_pos": 0.492,
      "cohens_d": 0.02086537903610179,
      "n": 1500
    },
    "blocks-1": {
      "mean": 0.009620195032929284,
      "se": 0.0033005428626807667,
      "t_naive": 2.914731131567723,
      "p_naive": 0.0036127988484857096,
      "rho1": 0.7128440553541896,
      "n_eff": 251,
      "t_corr": 1.1923114945074393,
      "p_corr": 0.2342696214980661,
      "frac_pos": 0.518,
      "cohens_d": 0.07525803420822728,
      "n": 1500
    },
    "blocks-2": {
      "mean": 0.06848274603372556,
      "se": 0.003609500904995839,
      "t_naive": 18.972912830951213,
      "p_naive": 4.099187418681659e-72,
      "rho1": 0.5447633997541788,
      "n_eff": 442,
      "t_corr": 10.2991057285108,
      "p_corr": 1.9574266526259922e-22,
      "frac_pos": 0.6586666666666666,
      "cohens_d": 0.489878502822127,
      "n": 1500
    },
    "blocks-3": {
      "mean": 0.02461707486468367,
      "se": 0.003237866790452159,
      "t_naive": 7.60286832592207,
      "p_naive": 5.08125405327677e-14,
      "rho1": 0.7783132123237738,
      "n_eff": 186,
      "t_corr": 2.677246204756358,
      "p_corr": 0.008090367830106844,
      "frac_pos": 0.5673333333333334,
      "cohens_d": 0.19630521606469362,
      "n": 1500
    },
    "blocks-4": {
      "mean": 0.01621512332120134,
      "se": 0.00335176292925076,
      "t_naive": 4.837789444979036,
      "p_naive": 1.4481448104058324e-06,
      "rho1": 0.7809359163417627,
      "n_eff": 184,
      "t_corr": 1.694377768851426,
      "p_corr": 0.09189462554009767,
      "frac_pos": 0.548,
      "cohens_d": 0.12491118635241219,
      "n": 1500
    },
    "blocks-5": {
      "mean": 0.003414444139091453,
      "se": 0.0035119149734685333,
      "t_naive": 0.9722456736243777,
      "p_naive": 0.33108519917120394,
      "rho1": 0.7861553738511642,
      "n_eff": 179,
      "t_corr": 0.3358589340072767,
      "p_corr": 0.7373727988880727,
      "frac_pos": 0.5186666666666667,
      "cohens_d": 0.025103275349129515,
      "n": 1500
    }
  },
  "FT7": {
    "blocks-0": {
      "mean": 0.0047179932231277534,
      "se": 0.0034088314270158604,
      "t_naive": 1.3840500253947587,
      "p_naive": 0.16654916263957023,
      "rho1": 0.7102394597567067,
      "n_eff": 254,
      "t_corr": 0.5695384073030774,
      "p_corr": 0.5694961397678993,
      "frac_pos": 0.5073333333333333,
      "cohens_d": 0.03573601799114569,
      "n": 1500
    },
    "blocks-1": {
      "mean": 0.007468423702198682,
      "se": 0.0033946665989104934,
      "t_naive": 2.2000463033971136,
      "p_naive": 0.02795573782640957,
      "rho1": 0.7151480317935319,
      "n_eff": 249,
      "t_corr": 0.8963670120866544,
      "p_corr": 0.37092603537233826,
      "frac_pos": 0.5133333333333333,
      "cohens_d": 0.05680495129294807,
      "n": 1500
    },
    "blocks-2": {
      "mean": 0.06036146340711609,
      "se": 0.00365272163553,
      "t_naive": 16.5250652609223,
      "p_naive": 1.7537628634568682e-56,
      "rho1": 0.5665985116918963,
      "n_eff": 414,
      "t_corr": 8.681559064952362,
      "p_corr": 9.141990909751346e-17,
      "frac_pos": 0.6513333333333333,
      "cohens_d": 0.4266753503369519,
      "n": 1500
    },
    "blocks-3": {
      "mean": 0.02074976555178485,
      "se": 0.0033295848277068853,
      "t_naive": 6.23193780170947,
      "p_naive": 5.974620048614927e-10,
      "rho1": 0.7775439217238258,
      "n_eff": 187,
      "t_corr": 2.200383014982954,
      "p_corr": 0.029011376548396698,
      "frac_pos": 0.5433333333333333,
      "cohens_d": 0.16090794213747492,
      "n": 1500
    },
    "blocks-4": {
      "mean": 0.013326534090437539,
      "se": 0.0033992137206742463,
      "t_naive": 3.9204754939016224,
      "p_naive": 9.236124395596141e-05,
      "rho1": 0.7755559842594144,
      "n_eff": 189,
      "t_corr": 1.3916307485765325,
      "p_corr": 0.1656786059122891,
      "frac_pos": 0.55,
      "cohens_d": 0.10122624198063522,
      "n": 1500
    },
    "blocks-5": {
      "mean": 0.002888524386369075,
      "se": 0.0035524370909187594,
      "t_naive": 0.8131106371322178,
      "p_naive": 0.41628375265952156,
      "rho1": 0.7780773808583122,
      "n_eff": 187,
      "t_corr": 0.28709446277800155,
      "p_corr": 0.7743595709257889,
      "frac_pos": 0.514,
      "cohens_d": 0.020994426374914547,
      "n": 1500
    }
  },
  "P9": {
    "blocks-0": {
      "mean": 0.008145519729114313,
      "se": 0.003481469523472265,
      "t_naive": 2.3396785966950895,
      "p_naive": 0.019431017773661907,
      "rho1": 0.7252934325321634,
      "n_eff": 238,
      "t_corr": 0.9319638164393432,
      "p_corr": 0.3523036355635034,
      "frac_pos": 0.504,
      "cohens_d": 0.060410241603186816,
      "n": 1500
    },
    "blocks-1": {
      "mean": 0.012863994232883367,
      "se": 0.003377583911497968,
      "t_naive": 3.8086379405976483,
      "p_naive": 0.00014537558286330346,
      "rho1": 0.7361088442968241,
      "n_eff": 228,
      "t_corr": 1.4848804296336804,
      "p_corr": 0.1389628244434678,
      "frac_pos": 0.5273333333333333,
      "cohens_d": 0.09833860877112269,
      "n": 1500
    },
    "blocks-2": {
      "mean": 0.06493862228139673,
      "se": 0.0036663686243353995,
      "t_naive": 17.71197305431014,
      "p_naive": 6.902659940661273e-64,
      "rho1": 0.5802232304200567,
      "n_eff": 398,
      "t_corr": 9.12352884256562,
      "p_corr": 3.702098450290228e-18,
      "frac_pos": 0.66,
      "cohens_d": 0.4573211777854512,
      "n": 1500
    },
    "blocks-3": {
      "mean": 0.03079410270983741,
      "se": 0.0034193099877330812,
      "t_naive": 9.0059406196901,
      "p_naive": 6.32979874709068e-19,
      "rho1": 0.797033211451582,
      "n_eff": 169,
      "t_corr": 3.022921029872697,
      "p_corr": 0.0028959974264538696,
      "frac_pos": 0.5766666666666667,
      "cohens_d": 0.23253238691328437,
      "n": 1500
    },
    "blocks-4": {
      "mean": 0.02556509426641666,
      "se": 0.003534838241056309,
      "t_naive": 7.232323666040541,
      "p_naive": 7.543460280382462e-13,
      "rho1": 0.8048585565219791,
      "n_eff": 162,
      "t_corr": 2.376784089041318,
      "p_corr": 0.018638825776315652,
      "frac_pos": 0.5733333333333334,
      "cohens_d": 0.18673779408637856,
      "n": 1500
    },
    "blocks-5": {
      "mean": 0.011749257056585824,
      "se": 0.0036873866086730616,
      "t_naive": 3.1863371822608797,
      "p_naive": 0.0014705593181143497,
      "rho1": 0.7966995696851185,
      "n_eff": 169,
      "t_corr": 1.069521339665814,
      "p_corr": 0.28636907050883215,
      "frac_pos": 0.5253333333333333,
      "cohens_d": 0.0822708722819857,
      "n": 1500
    }
  },
  "TP7": {
    "blocks-0": {
      "mean": -0.0029006024996754906,
      "se": 0.0035142244333691013,
      "t_naive": -0.825389087883232,
      "p_naive": 0.40928206174461784,
      "rho1": 0.729387829136463,
      "n_eff": 234,
      "t_corr": -0.32600256875964545,
      "p_corr": 0.7447150134172178,
      "frac_pos": 0.4766666666666667,
      "cohens_d": -0.021311454610087252,
      "n": 1500
    },
    "blocks-1": {
      "mean": -0.002916072858327728,
      "se": 0.0034737521903851335,
      "t_naive": -0.8394590916413138,
      "p_naive": 0.40134559225887595,
      "rho1": 0.7453923302827459,
      "n_eff": 218,
      "t_corr": -0.32002370902331445,
      "p_corr": 0.7492582764708563,
      "frac_pos": 0.4766666666666667,
      "cohens_d": -0.02167474054499476,
      "n": 1500
    },
    "blocks-2": {
      "mean": 0.036733341623364446,
      "se": 0.0036419947692101357,
      "t_naive": 10.086050077257815,
      "p_naive": 3.431504096377289e-23,
      "rho1": 0.6546363857122002,
      "n_eff": 313,