model,set,method_id,method,direction,f_standard,f_deviant,semitones,trough_uv,latency_ms,recovery_frac,s7_pass,s2_pass,s4_specificity,post_slope_uv_per_100ms,ctrl_min_uv,n_deviants,consensus_rank,n_agree
wav2vec2-large,literature,19,method_19_counter,counter,1850.0,1000.0,10.6503,-7.902,160.9375,0.5803,True,True,False,-1.5384,-12.2703,15,3,4
wav2vec2-large,literature,17,method_17_counter,counter,1850.0,1000.0,10.6503,-7.4556,160.9375,0.5846,True,True,False,-1.6996,-12.1037,15,4,4
wav2vec2-large,literature,18,method_18_counter,counter,1850.0,1000.0,10.6503,-7.3774,160.9375,0.6001,True,True,False,-1.6368,-12.129,15,5,4
wav2vec2-large,literature,53,method_53_counter,counter,1200.0,1000.0,3.1564,-4.0354,140.9375,1.4603,True,True,True,4.7294,3.9203,15,12,3
wav2vec2-large,literature,55,method_55_counter,counter,2000.0,1000.0,12.0,-3.7608,220.9375,0.2921,False,False,False,0.6325,-5.3132,15,15,3
wav2vec2-large,literature,60,method_60,regular,1000.0,1500.0,7.0196,-3.4041,120.875,1.4894,True,True,True,1.313,1.0996,15,6,4
wav2vec2-large,literature,60,method_60_counter,counter,1500.0,1000.0,7.0196,-3.1185,220.9375,0.8477,True,True,True,1.7347,-1.4873,15,9,3
wav2vec2-large,literature,21,method_21,regular,1000.0,1850.0,10.6503,-2.7353,220.875,0.3642,False,False,False,-0.1472,-5.0528,15,2,5
wav2vec2-large,literature,9,method_9,regular,600.0,1000.0,8.8436,-2.7279,111.0,1.9498,True,True,True,0.8505,-0.8011,15,14,3
wav2vec2-large,literature,18,method_18,regular,1000.0,1850.0,10.6503,-2.7151,120.875,1.8196,True,True,False,-0.721,-3.0967,15,11,3
wav2vec2-large,literature,20,method_20,regular,1000.0,1850.0,10.6503,-2.6603,220.875,0.379,False,False,False,-0.0897,-5.0014,15,1,5
wav2vec2-large,literature,33,method_33_counter,counter,1200.0,1000.0,3.1564,-2.5949,220.9375,0.88,True,True,True,1.7765,-1.7842,15,33,2
wav2vec2-large,literature,17,method_17,regular,1000.0,1850.0,10.6503,-2.5464,120.875,1.9094,True,True,False,-0.7275,-2.9341,15,10,3
wav2vec2-large,literature,19,method_19,regular,1000.0,1850.0,10.6503,-2.4755,120.875,1.79,True,True,False,-0.9542,-3.2518,15,13,3
wav2vec2-large,literature,27,method_27,regular,1000.0,1064.0,1.074,-2.0816,100.875,0.5126,True,True,True,0.8456,-0.3275,15,35,2
wav2vec2-large,literature,10,method_10_counter,counter,1122.0,1000.0,1.9929,-1.9873,140.9375,1.4567,True,True,False,0.3373,-2.2845,15,44,1
wav2vec2-large,literature,21,method_21_counter,counter,1850.0,1000.0,10.6503,-1.296,180.9375,1.0602,True,True,False,0.0868,-3.8135,15,16,3
wav2vec2-large,literature,20,method_20_counter,counter,1850.0,1000.0,10.6503,-1.2706,180.9375,0.9773,True,True,False,0.194,-3.5541,15,17,3
wav2vec2-large,literature,30,method_30_counter,counter,1200.0,1000.0,3.1564,-1.2609,220.9375,1.574,True,True,True,2.0434,0.1705,15,20,3
wav2vec2-large,literature,74,method_74,regular,1000.0,1500.0,7.0196,-1.22,100.875,2.0688,True,True,True,0.1311,0.1734,15,22,3
wav2vec2-large,literature,29,method_29_counter,counter,1200.0,1000.0,3.1564,-1.1992,220.9375,1.6136,True,True,True,2.0176,0.2747,15,21,3
wav2vec2-large,literature,37,method_37,regular,1000.0,1050.0,0.8447,-1.145,200.875,1.0563,True,True,False,0.0474,-2.3728,15,41,2
wav2vec2-large,literature,31,method_31_counter,counter,1200.0,1000.0,3.1564,-1.1436,220.9375,1.6569,True,True,True,2.0159,0.3965,15,23,3
wav2vec2-large,literature,43,method_43,regular,633.0,700.0,1.7418,-1.1133,150.875,1.1412,True,True,False,-0.6546,-2.188,15,26,2
wav2vec2-large,literature,28,method_28_counter,counter,1200.0,1000.0,3.1564,-1.1031,220.9375,1.6711,True,True,True,1.9683,0.4055,15,24,3
wav2vec2-large,literature,32,method_32_counter,counter,1200.0,1000.0,3.1564,-1.0674,220.9375,1.6826,True,True,True,1.949,0.3882,15,25,3
wav2vec2-large,literature,72,method_72,regular,1000.0,1200.0,3.1564,-0.9797,120.875,1.1804,True,True,True,1.1516,1.2955,15,8,4
wav2vec2-large,literature,75,method_75,regular,1000.0,1200.0,3.1564,-0.9773,120.875,1.0066,True,True,True,1.0111,0.873,15,7,4
wav2vec2-large,literature,75,method_75_counter,counter,1200.0,1000.0,3.1564,-0.9058,200.9375,13.0593,True,True,False,-0.071,-1.0706,15,46,1
wav2vec2-large,literature,72,method_72_counter,counter,1200.0,1000.0,3.1564,-0.7593,200.9375,0.0,False,False,False,-0.0259,-0.8728,15,47,1
wav2vec2-large,literature,37,method_37_counter,counter,1050.0,1000.0,0.8447,-0.6836,160.875,2.8574,False,True,True,0.4766,0.3727,15,43,2
wav2vec2-large,literature,53,method_53,regular,1000.0,1200.0,3.1564,-0.5883,100.875,2.8553,False,True,False,-1.6567,-2.9334,15,34,2
wav2vec2-large,literature,74,method_74_counter,counter,1500.0,1000.0,7.0196,-0.547,140.9375,0.0,False,False,False,1.7182,0.5967,15,39,2
wav2vec2-large,literature,30,method_30,regular,1000.0,1200.0,3.1564,-0.5035,120.875,3.113,False,True,True,0.4864,0.214,15,31,2
wav2vec2-large,literature,29,method_29,regular,1000.0,1200.0,3.1564,-0.493,120.875,3.5035,False,True,True,0.5552,0.4239,15,30,2
wav2vec2-large,literature,32,method_32,regular,1000.0,1200.0,3.1564,-0.464,120.875,4.709,False,True,True,0.7461,0.9465,15,32,2
wav2vec2-large,literature,28,method_28,regular,1000.0,1200.0,3.1564,-0.3993,120.875,5.6072,False,True,True,0.6709,0.9246,15,29,2
wav2vec2-large,literature,12,method_12_counter,counter,1200.0,1000.0,3.1564,-0.3831,120.9375,5.9811,False,True,False,-0.4708,-1.0027,15,37,2
wav2vec2-large,literature,31,method_31,regular,1000.0,1200.0,3.1564,-0.3771,120.875,5.6641,False,True,True,0.6449,0.8838,15,28,2
wav2vec2-large,literature,55,method_55,regular,1000.0,2000.0,12.0,-0.3108,200.875,2.5762,False,True,False,-0.024,-0.9381,15,19,3
wav2vec2-large,literature,33,method_33,regular,1000.0,1200.0,3.1564,-0.297,140.875,0.9213,False,True,True,0.377,0.4736,15,36,2
wav2vec2-large,literature,43,method_43_counter,counter,700.0,633.0,1.7418,-0.229,210.875,6.8282,False,True,False,0.6658,-0.9266,15,48,0
wav2vec2-large,literature,44,method_44,regular,633.0,1000.0,7.9167,-0.0472,230.875,0.0,False,False,False,-1.6029,-2.3589,15,18,3
wav2vec2-large,literature,10,method_10,regular,1000.0,1122.0,1.9929,0.1912,120.875,8.2649,False,True,True,-0.6574,-0.1196,15,42,2
wav2vec2-large,literature,12,method_12,regular,1000.0,1200.0,3.1564,0.3556,120.875,0.0,False,False,False,1.0506,2.2399,15,40,2
wav2vec2-large,literature,44,method_44_counter,counter,1000.0,633.0,7.9167,0.88,230.875,0.0,False,False,False,1.0569,-0.1979,15,27,2
wav2vec2-large,literature,27,method_27_counter,counter,1064.0,1000.0,1.074,1.2818,200.875,0.0,False,False,False,-0.583,0.0644,15,45,1
wav2vec2-large,literature,9,method_9_counter,counter,1000.0,600.0,8.8436,3.6737,230.875,0.0,False,False,False,-4.9103,-4.7824,15,38,2
wav2vec2-large,phase2,1740,method_1740,regular,1600.0,3200.0,12.0,-8.0532,140.875,0.8351,True,True,True,4.5232,-1.2951,15,10,5
wav2vec2-large,phase2,1765,method_1765,regular,1745.0,6400.0,22.4981,-7.8343,220.9375,0.9862,True,True,True,5.8276,-3.5148,15,11,5
wav2vec2-large,phase2,1767,method_1767,regular,1745.0,7611.0,25.4983,-7.6299,220.9375,0.1853,False,False,True,2.2463,-6.1857,15,94,4
wav2vec2-large,phase2,1762,method_1762,regular,1745.0,4935.0,17.9979,-7.006,220.9375,0.6666,True,True,True,4.8588,-2.8209,15,12,5
wav2vec2-large,phase2,1515,method_1515,regular,673.0,3200.0,26.9927,-6.3466,160.8125,1.1365,True,True,True,3.914,-1.6979,15,15,5
wav2vec2-large,phase2,1848,method_1848_counter,counter,7611.0,2934.0,16.5026,-6.1886,100.8125,1.3361,True,True,True,5.0886,1.5152,15,131,3
wav2vec2-large,phase2,1737,method_1737,regular,1600.0,2468.0,7.5032,-6.1867,140.875,0.9607,True,True,True,2.4554,-2.555,15,13,5
wav2vec2-large,phase2,1601,method_1601,regular,872.0,6400.0,34.5081,-6.0568,200.9375,1.2915,True,True,True,6.2801,0.1157,15,96,4
wav2vec2-large,phase2,1808,method_1808_counter,counter,5382.0,2263.0,14.9989,-5.837,100.9375,1.5041,True,True,True,4.4696,3.5266,15,132,3
wav2vec2-large,phase2,1699,method_1699,regular,1345.0,2263.0,9.0076,-5.8085,100.875,1.1886,True,True,True,3.4692,2.5464,15,92,4
wav2vec2-large,phase2,1518,method_1518,regular,673.0,4150.0,31.4932,-5.2677,220.8125,-0.0621,False,False,False,-1.197,-8.6221,15,236,1
wav2vec2-large,phase2,1881,method_1881,regular,4150.0,6979.0,8.9989,-5.1608,100.9375,1.73,True,True,True,5.173,3.6006,15,31,5
wav2vec2-large,phase2,1776,method_1776_counter,counter,4150.0,1903.0,13.498,-5.0569,100.9375,2.3419,True,True,True,5.6366,3.8564,15,134,3
wav2vec2-large,phase2,1676,method_1676_counter,counter,1745.0,1234.0,5.9986,-4.9395,220.9375,0.5617,True,True,True,3.0345,-3.0619,15,18,5
wav2vec2-large,phase2,1710,method_1710,regular,1345.0,5869.0,25.5061,-4.874,100.875,1.2557,True,True,True,3.3037,3.1846,15,16,5
wav2vec2-large,phase2,1887,method_1887,regular,4525.0,6979.0,7.5012,-4.8726,220.875,1.5249,True,True,True,6.5852,-0.1778,15,36,5
wav2vec2-large,phase2,1835,method_1835,regular,2691.0,6400.0,14.9992,-4.6518,200.875,0.4916,False,False,False,0.7676,-6.0557,15,115,4
wav2vec2-large,phase2,1748,method_1748,regular,1600.0,6400.0,24.0,-4.6129,140.875,1.817,True,True,True,1.5008,-2.7506,15,97,4
wav2vec2-large,phase2,1745,method_1745,regular,1600.0,4935.0,19.4997,-4.6062,100.875,1.4799,True,True,True,2.7827,0.0927,15,17,5
wav2vec2-large,phase2,1812,method_1812_counter,counter,7611.0,2263.0,20.9982,-4.4698,100.8125,2.9909,True,True,True,4.8414,4.4332,15,136,3
wav2vec2-large,phase2,1798,method_1798_counter,counter,7611.0,2075.0,22.4997,-4.453,100.8125,3.0351,True,True,True,4.3804,4.0139,15,135,3
wav2vec2-large,phase2,1791,method_1791_counter,counter,4150.0,2075.0,12.0,-4.3959,100.9375,2.1828,True,True,True,4.6031,2.5381,15,133,3
wav2vec2-large,phase2,1807,method_1807,regular,2263.0,4935.0,13.4978,-4.3837,220.875,0.8889,True,True,True,1.7835,-3.9311,15,42,5
wav2vec2-large,phase2,1739,method_1739,regular,1600.0,2934.0,10.4976,-4.3781,140.875,1.3286,True,True,True,2.855,0.2118,15,28,5
wav2vec2-large,phase2,1747,method_1747,regular,1600.0,5869.0,22.5005,-4.1591,140.875,1.7269,True,True,True,2.4237,-1.4509,15,23,5
wav2vec2-large,phase2,1750,method_1750_counter,counter,7611.0,1600.0,27.0002,-4.1418,100.8125,2.0461,True,True,True,3.1092,2.6836,15,164,2
wav2vec2-large,phase2,1105,method_1105_counter,counter,1600.0,238.0,32.9885,-4.0791,140.875,1.1743,True,True,True,1.7501,-2.2756,15,95,4
wav2vec2-large,phase2,1825,method_1825,regular,2468.0,7611.0,19.4969,-4.0776,220.9375,0.6048,True,True,True,2.7811,-0.9559,15,21,5
wav2vec2-large,phase2,1487,method_1487,regular,617.0,3200.0,28.4968,-4.0197,121.0,0.9291,True,True,True,2.9388,-0.3392,15,35,5
wav2vec2-large,phase2,1744,method_1744_counter,counter,4525.0,1600.0,17.9982,-3.9894,100.875,0.8735,True,True,True,1.1913,-0.9004,15,100,4
wav2vec2-large,phase2,1679,method_1679_counter,counter,2263.0,1234.0,10.4987,-3.9618,220.875,0.838,True,True,True,0.7247,-3.9245,15,27,5
wav2vec2-large,phase2,1767,method_1767_counter,counter,7611.0,1745.0,25.4983,-3.9571,100.8125,3.2718,True,True,True,3.9519,-0.2547,15,139,3
wav2vec2-large,phase2,1144,method_1144_counter,counter,1600.0,259.0,31.5246,-3.8405,140.875,2.0052,True,True,False,1.937,-3.2341,15,37,5
wav2vec2-large,phase2,1738,method_1738,regular,1600.0,2691.0,9.0008,-3.7079,140.875,1.2837,True,True,True,1.3536,-2.0819,15,22,5
wav2vec2-large,phase2,1763,method_1763,regular,1745.0,5382.0,19.499,-3.7053,220.9375,0.4092,False,False,False,2.1289,-4.1506,15,70,5
wav2vec2-large,phase2,1701,method_1701,regular,1345.0,2691.0,12.0064,-3.5839,100.875,1.495,True,True,True,3.0818,3.0888,15,20,5
wav2vec2-large,phase2,1754,method_1754,regular,1745.0,2468.0,6.0014,-3.5669,220.9375,0.4509,False,False,True,1.38,-3.0084,15,118,4
wav2vec2-large,phase2,1073,method_1073,regular,218.0,3200.0,46.5081,-3.5659,121.125,1.5845,True,True,True,2.6012,1.6965,15,110,4
wav2vec2-large,phase2,1730,method_1730,regular,1467.0,6400.0,25.5024,-3.5472,220.9375,1.0205,True,True,True,3.7735,-0.9612,15,25,5
wav2vec2-large,phase2,1032,method_1032,regular,200.0,3200.0,48.0,-3.5099,101.125,1.6708,True,True,True,2.222,-0.3803,15,49,5
wav2vec2-large,phase2,1794,method_1794_counter,counter,5382.0,2075.0,16.5004,-3.4369,100.9375,2.817,True,True,True,3.9825,3.6816,15,168,2
wav2vec2-large,phase2,1387,method_1387_counter,counter,1345.0,476.0,17.9829,-3.36,100.875,1.7911,True,True,True,4.0344,5.3933,15,59,5
wav2vec2-large,phase2,1568,method_1568,regular,800.0,3200.0,24.0,-3.2899,140.9375,1.8103,True,True,True,2.2375,-2.1542,15,19,5
wav2vec2-large,phase2,1565,method_1565,regular,800.0,2468.0,19.5032,-3.2357,140.9375,0.8806,True,True,False,-0.139,-3.7581,15,98,4
wav2vec2-large,phase2,1755,method_1755,regular,1745.0,2691.0,7.499,-3.188,220.9375,1.2338,True,True,True,3.3585,-2.1511,15,44,5
wav2vec2-large,phase2,1790,method_1790_counter,counter,3805.0,2075.0,10.4974,-3.1131,120.875,1.7128,True,True,True,2.8094,3.6512,15,85,5
wav2vec2-large,phase2,1116,method_1116_counter,counter,4150.0,238.0,49.4889,-3.092,100.9375,2.7628,True,True,True,5.3709,6.6846,15,56,5
wav2vec2-large,phase2,1722,method_1722,regular,1467.0,3200.0,13.5024,-3.0467,160.9375,1.0165,True,True,True,1.9958,-0.2381,15,14,5
wav2vec2-large,phase2,1703,method_1703,regular,1345.0,3200.0,15.0056,-3.0403,180.875,1.8839,True,True,True,4.2909,1.9829,15,34,5
wav2vec2-large,phase2,1812,method_1812,regular,2263.0,7611.0,20.9982,-3.0394,220.875,0.8676,True,True,False,-0.6834,-5.5887,15,1,6
wav2vec2-large,phase2,1193,method_1193_counter,counter,4150.0,283.0,46.4908,-3.0239,100.9375,3.3135,True,True,True,4.7682,5.1028,15,60,5
wav2vec2-large,phase2,1746,method_1746,regular,1600.0,5382.0,21.0008,-2.9926,140.875,1.7952,True,True,True,2.6009,1.2919,15,43,5
wav2vec2-large,phase2,1066,method_1066_counter,counter,1745.0,218.0,36.0099,-2.92,100.9375,1.0052,True,True,True,1.6169,0.0956,15,8,6
wav2vec2-large,phase2,1882,method_1882_counter,counter,7611.0,4150.0,10.4997,-2.8985,100.8125,3.8509,True,True,True,3.1025,3.0708,15,165,2
wav2vec2-large,phase2,1603,method_1603,regular,872.0,7611.0,37.5082,-2.8925,200.9375,1.047,True,True,False,1.4079,-3.8044,15,4,6
wav2vec2-large,phase2,1874,method_1874,regular,3805.0,6979.0,10.5015,-2.8784,120.875,1.171,True,True,True,1.8761,1.3153,15,52,5
wav2vec2-large,phase2,1718,method_1718_counter,counter,2263.0,1467.0,7.5044,-2.8773,220.875,0.9173,True,True,False,0.0299,-4.7268,15,117,4
wav2vec2-large,phase2,1882,method_1882,regular,4150.0,7611.0,10.4997,-2.8504,100.9375,0.8488,True,True,True,1.6413,0.6461,15,5,6
wav2vec2-large,phase2,1810,method_1810,regular,2263.0,6400.0,17.998,-2.8461,220.875,1.2786,True,True,False,1.3222,-3.7642,15,62,5
wav2vec2-large,phase2,1825,method_1825_counter,counter,7611.0,2468.0,19.4969,-2.8395,100.8125,3.2866,True,True,False,3.5111,-1.0665,15,144,3
wav2vec2-large,phase2,1024,method_1024_counter,counter,1600.0,200.0,36.0,-2.7779,140.875,2.0713,True,True,True,2.0562,-0.3241,15,51,5
wav2vec2-large,phase2,1266,method_1266_counter,counter,4150.0,336.0,43.5189,-2.776,100.9375,3.6252,True,True,True,4.1334,3.4078,15,39,5
wav2vec2-large,phase2,1174,method_1174,regular,283.0,800.0,17.9904,-2.7267,101.0625,2.9809,True,True,True,2.4955,1.7657,15,138,3
wav2vec2-large,phase2,1230,method_1230_counter,counter,4150.0,308.0,45.0253,-2.723,100.9375,3.3641,True,True,True,4.3346,3.1845,15,61,5
wav2vec2-large,phase2,1155,method_1155_counter,counter,4150.0,259.0,48.025,-2.7146,100.9375,3.3962,True,True,True,5.2326,5.5973,15,112,4
wav2vec2-large,phase2,1042,method_1042_counter,counter,7611.0,200.0,63.0002,-2.6802,100.8125,2.9803,True,True,True,3.3711,1.9896,15,141,3
wav2vec2-large,phase2,1764,method_1764,regular,1745.0,5869.0,20.9987,-2.6388,100.9375,1.1154,True,True,True,0.9764,-2.0453,15,38,5
wav2vec2-large,phase2,1200,method_1200,regular,283.0,7611.0,56.9905,-2.5949,101.0625,1.907,True,True,True,1.0151,-0.056,15,57,5
wav2vec2-large,phase2,1324,method_1324_counter,counter,1600.0,400.0,24.0,-2.5402,140.875,5.135,True,True,True,2.5217,1.5441,15,102,4
wav2vec2-large,phase2,1401,method_1401_counter,counter,4525.0,476.0,38.9866,-2.5277,100.875,1.5104,True,True,True,2.9428,2.1121,15,81,5
wav2vec2-large,phase2,1504,method_1504,regular,673.0,1234.0,10.496,-2.5001,220.8125,1.5848,True,True,True,1.4495,-1.9894,15,55,5
wav2vec2-large,phase2,1183,method_1183,regular,283.0,1745.0,31.4922,-2.4917,101.0625,4.124,True,True,True,2.1159,2.3171,15,175,2
wav2vec2-large,phase2,1750,method_1750,regular,1600.0,7611.0,27.0002,-2.4587,160.875,1.3885,True,True,True,0.919,-0.882,15,2,6
wav2vec2-large,phase2,1621,method_1621_counter,counter,4525.0,951.0,27.0048,-2.4546,200.875,1.5931,True,True,True,3.3004,-0.0023,15,137,3
wav2vec2-large,phase2,1699,method_1699_counter,counter,2263.0,1345.0,9.0076,-2.4528,220.875,1.1096,True,True,False,-0.7095,-4.2854,15,48,5
wav2vec2-large,phase2,1355,method_1355,regular,436.0,1345.0,19.5025,-2.4254,100.875,2.329,True,True,True,1.1885,-0.107,15,99,4
wav2vec2-large,phase2,1123,method_1123,regular,238.0,7611.0,59.9886,-2.3933,101.125,1.1601,True,True,True,0.5444,-1.3203,15,63,5
wav2vec2-large,phase2,1783,method_1783_counter,counter,7611.0,1903.0,23.9977,-2.3876,100.8125,4.4143,True,True,True,2.6912,0.7904,15,169,2
wav2vec2-large,phase2,1602,method_1602,regular,872.0,6979.0,36.0074,-2.3025,220.9375,-1.8491,False,False,False,-0.7444,-7.8178,15,122,4
wav2vec2-large,phase2,1727,method_1727,regular,1467.0,4935.0,21.0022,-2.2762,220.9375,1.8262,True,True,True,4.6155,0.703,15,32,5
wav2vec2-large,phase2,1744,method_1744,regular,1600.0,4525.0,17.9982,-2.2679,160.875,2.3141,True,True,True,2.3564,1.2341,15,45,5
wav2vec2-large,phase2,1729,method_1729,regular,1467.0,5869.0,24.003,-2.2204,100.9375,1.2823,True,True,True,1.6873,1.9967,15,26,5
wav2vec2-large,phase2,1443,method_1443,regular,566.0,872.0,7.4823,-2.2175,121.0,1.167,True,True,True,1.3821,0.8664,15,157,3
wav2vec2-large,phase2,1066,method_1066,regular,218.0,1745.0,36.0099,-2.2137,101.125,3.0578,True,True,True,1.7311,1.4318,15,147,3
wav2vec2-large,phase2,1266,method_1266,regular,336.0,4150.0,43.5189,-2.1842,220.75,0.3638,False,False,False,-1.2796,-4.5353,15,196,2
wav2vec2-large,phase2,1355,method_1355_counter,counter,1345.0,436.0,19.5025,-2.1814,100.875,2.5112,True,True,True,3.8573,5.4058,15,69,5
wav2vec2-large,phase2,1557,method_1557,regular,800.0,1234.0,7.5032,-2.1171,220.9375,0.9591,True,True,True,1.191,-0.3761,15,53,5
wav2vec2-large,phase2,1034,method_1034_counter,counter,3805.0,200.0,50.9979,-2.0928,120.875,1.5407,True,True,True,0.6865,-0.106,15,65,5
wav2vec2-large,phase2,1193,method_1193,regular,283.0,4150.0,46.4908,-2.0869,101.0625,4.0567,True,True,False,-0.8431,-3.3774,15,186,2
wav2vec2-large,phase2,1613,method_1613,regular,951.0,2263.0,15.0086,-2.0533,100.875,1.1686,True,True,True,0.5529,-1.4503,15,58,5
wav2vec2-large,phase2,1383,method_1383_counter,counter,951.0,476.0,11.9818,-2.0316,100.875,1.4551,True,True,True,2.2312,2.348,15,84,5
wav2vec2-large,phase2,1713,method_1713_counter,counter,7611.0,1345.0,30.0058,-2.0268,100.8125,4.3442,True,True,True,3.2437,2.6965,15,126,4
wav2vec2-large,phase2,1613,method_1613_counter,counter,2263.0,951.0,15.0086,-1.9747,220.875,1.4326,True,True,False,-0.9101,-4.1583,15,151,3
wav2vec2-large,phase2,1743,method_1743,regular,1600.0,4150.0,16.5005,-1.9555,140.875,2.1238,True,True,True,1.764,-0.9917,15,107,4
wav2vec2-large,phase2,1552,method_1552_counter,counter,7611.0,734.0,40.4908,-1.9335,100.8125,4.4274,True,True,True,3.4295,3.038,15,154,3
wav2vec2-large,phase2,1400,method_1400,regular,476.0,4150.0,37.4889,-1.9213,220.9375,-0.3161,False,False,False,-4.1835,-7.2256,15,171,2
wav2vec2-large,phase2,1797,method_1797_counter,counter,6979.0,2075.0,20.9989,-1.8352,120.875,2.3355,True,True,False,-0.5455,-1.5598,15,223,1
wav2vec2-large,phase2,1418,method_1418_counter,counter,1345.0,519.0,16.4856,-1.8306,100.875,4.1885,True,True,True,2.0632,2.937,15,83,5
wav2vec2-large,phase2,1636,method_1636_counter,counter,2263.0,1037.0,13.5098,-1.8194,220.875,1.5991,True,True,False,-1.0759,-4.3971,15,79,5
wav2vec2-large,phase2,1627,method_1627,regular,951.0,7611.0,36.0068,-1.8105,200.875,0.7504,True,True,False,0.7865,-2.2109,15,3,6
wav2vec2-large,phase2,1875,method_1875_counter,counter,7611.0,3805.0,12.0023,-1.7629,100.8125,12.0994,True,True,True,4.5159,2.0749,15,149,3
wav2vec2-large,phase2,1414,method_1414_counter,counter,951.0,519.0,10.4845,-1.7531,100.875,2.0998,True,True,True,0.9713,1.4618,15,82,5
wav2vec2-large,phase2,1106,method_1106,regular,238.0,1745.0,34.4903,-1.7163,101.125,2.4304,True,True,True,1.4277,0.3347,15,179,2
wav2vec2-large,phase2,1808,method_1808,regular,2263.0,5382.0,14.9989,-1.6873,220.875,1.89,True,True,True,1.4399,-1.2452,15,73,5
wav2vec2-large,phase2,1807,method_1807_counter,counter,4935.0,2263.0,13.4978,-1.6702,100.9375,3.49,True,True,True,1.6681,2.2499,15,188,2
wav2vec2-large,phase2,1763,method_1763_counter,counter,5382.0,1745.0,19.499,-1.6328,100.9375,3.77,True,True,True,2.1319,-0.4476,15,228,1
wav2vec2-large,phase2,1776,method_1776,regular,1903.0,4150.0,13.498,-1.6149,140.875,1.6119,True,True,True,0.4902,-0.5358,15,67,5
wav2vec2-large,phase2,1551,method_1551,regular,734.0,6979.0,38.99,-1.5849,220.875,0.0,False,False,False,-4.8337,-8.1512,15,125,4
wav2vec2-large,phase2,1708,method_1708,regular,1345.0,4935.0,22.5053,-1.5793,100.875,1.4926,True,True,True,2.2166,2.3138,15,47,5
wav2vec2-large,phase2,1783,method_1783,regular,1903.0,7611.0,23.9977,-1.5656,220.875,0.0433,False,False,False,-0.1518,-2.6044,15,29,5
wav2vec2-large,phase2,1709,method_1709_counter,counter,5382.0,1345.0,24.0064,-1.5639,120.9375,3.7693,True,True,False,0.9034,-1.9936,15,174,2
wav2vec2-large,phase2,1577,method_1577,regular,800.0,6979.0,37.4994,-1.5606,160.9375,1.0752,True,True,False,-2.3416,-7.7534,15,113,4
wav2vec2-large,phase2,1796,method_1796,regular,2075.0,6400.0,19.4995,-1.5442,220.9375,-0.0937,False,False,False,-0.2325,-3.5739,15,124,4
wav2vec2-large,phase2,1136,method_1136_counter,counter,800.0,259.0,19.5246,-1.5311,100.9375,2.9906,True,True,True,2.7643,1.2795,15,75,5
wav2vec2-large,phase2,1174,method_1174_counter,counter,800.0,283.0,17.9904,-1.4882,100.9375,3.195,True,True,True,2.9534,1.5446,15,76,5
wav2vec2-large,phase2,1748,method_1748_counter,counter,6400.0,1600.0,24.0,-1.4865,160.875,1.1198,True,True,False,-0.6659,-1.9359,15,232,1
wav2vec2-large,phase2,1273,method_1273,regular,336.0,7611.0,54.0186,-1.4784,220.75,0.7092,True,True,False,-0.6581,-2.7301,15,50,5
wav2vec2-large,phase2,1614,method_1614,regular,951.0,2468.0,16.5099,-1.4611,120.875,1.5949,True,True,True,1.5317,0.9211,15,78,5
wav2vec2-large,phase2,1636,method_1636,regular,1037.0,2263.0,13.5098,-1.4205,100.875,2.3338,True,True,True,1.2987,-0.6974,15,127,4
wav2vec2-large,phase2,1301,method_1301_counter,counter,4150.0,367.0,41.9911,-1.4028,100.9375,4.0108,True,True,True,2.6839,2.9184,15,54,5
wav2vec2-large,phase2,1809,method_1809,regular,2263.0,5869.0,16.4985,-1.3696,220.875,2.7631,True,True,True,1.2466,-1.2323,15,9,6
wav2vec2-large,phase2,1798,method_1798,regular,2075.0,7611.0,22.4997,-1.3683,220.9375,0.4692,False,False,False,-1.3913,-3.315,15,33,5
wav2vec2-large,phase2,1101,method_1101,regular,238.0,1131.0,26.9828,-1.3628,101.125,2.3409,True,True,True,0.5166,0.3662,15,77,5
wav2vec2-large,phase2,1583,method_1583,regular,872.0,1345.0,7.5025,-1.3378,220.9375,-0.3767,False,False,False,0.5868,-1.4171,15,108,4
wav2vec2-large,phase2,1880,method_1880,regular,4150.0,6400.0,7.4995,-1.296,160.9375,1.9436,True,True,False,1.9369,-1.1188,15,109,4
wav2vec2-large,phase2,1626,method_1626,regular,951.0,6979.0,34.506,-1.2858,200.875,0.3746,False,False,False,-1.2094,-5.0222,15,105,4
wav2vec2-large,phase2,1432,method_1432_counter,counter,4525.0,519.0,37.4893,-1.2776,200.875,4.0426,True,True,True,3.8435,1.9309,15,90,5
wav2vec2-large,phase2,1676,method_1676,regular,1234.0,1745.0,5.9986,-1.2734,140.9375,1.4359,True,True,True,2.2915,0.6996,15,235,1
wav2vec2-large,phase2,1525,method_1525,regular,673.0,7611.0,41.9929,-1.2586,160.8125,16.1156,True,True,False,-0.8822,-4.5982,15,6,6
wav2vec2-large,phase2,1701,method_1701_counter,counter,2691.0,1345.0,12.0064,-1.2509,100.875,2.9614,True,True,False,0.1919,-2.061,15,160,3
wav2vec2-large,phase2,1743,method_1743_counter,counter,4150.0,1600.0,16.5005,-1.2506,100.9375,4.7704,True,True,True,2.0013,3.5171,15,192,2
wav2vec2-large,phase2,1765,method_1765_counter,counter,6400.0,1745.0,22.4981,-1.2444,100.875,1.3221,True,True,False,-1.4127,-4.5015,15,202,2
wav2vec2-large,phase2,1583,method_1583_counter,counter,1345.0,872.0,7.5025,-1.2306,120.875,1.9529,True,True,True,1.3509,1.7102,15,198,2
wav2vec2-large,phase2,1518,method_1518_counter,counter,4150.0,673.0,31.4932,-1.2243,100.9375,4.4674,True,True,True,2.0084,0.7079,15,80,5
wav2vec2-large,phase2,1712,method_1712,regular,1345.0,6979.0,28.505,-1.2163,100.875,3.1814,True,True,True,1.9702,2.8468,15,41,5
wav2vec2-large,phase2,1578,method_1578,regular,800.0,7611.0,39.0002,-1.1667,100.9375,1.5968,True,True,False,-0.0706,-2.8164,15,24,5
wav2vec2-large,phase2,1848,method_1848,regular,2934.0,7611.0,16.5026,-1.1523,220.9375,1.1488,True,True,False,-0.7509,-2.7747,15,106,4
wav2vec2-large,phase2,1650,method_1650,regular,1037.0,7611.0,34.508,-1.1295,160.875,1.2,True,True,False,1.4303,-1.4447,15,30,5
wav2vec2-large,phase2,1418,method_1418,regular,519.0,1345.0,16.4856,-1.1158,121.0,2.0684,True,True,True,1.4352,0.1303,15,111,4
wav2vec2-large,phase2,1766,method_1766,regular,1745.0,6979.0,23.9975,-1.0767,220.9375,1.8315,True,True,False,0.6216,-2.4354,15,7,6
wav2vec2-large,phase2,1793,method_1793,regular,2075.0,4935.0,14.9993,-1.0747,220.9375,1.5526,True,True,False,-0.6579,-4.1521,15,91,5
wav2vec2-large,phase2,1677,method_1677_counter,counter,1903.0,1234.0,7.4992,-1.0745,140.875,1.5342,True,True,False,-0.0973,-1.4931,15,64,5
wav2vec2-large,phase2,1649,method_1649_counter,counter,6979.0,1037.0,33.0073,-1.0456,220.875,-0.7366,False,False,False,-1.2349,-3.317,15,184,2
wav2vec2-large,phase2,1301,method_1301,regular,367.0,4150.0,41.9911,-1.0438,220.75,0.767,True,True,False,-2.634,-5.4565,15,153,3
wav2vec2-large,phase2,1679,method_1679,regular,1234.0,2263.0,10.4987,-1.0307,120.9375,2.543,True,True,True,1.4301,1.4123,15,162,3
wav2vec2-large,phase2,1649,method_1649,regular,1037.0,6979.0,33.0073,-1.0217,160.875,0.8999,True,True,False,0.2152,-4.0941,15,66,5
wav2vec2-large,phase2,1809,method_1809_counter,counter,5869.0,2263.0,16.4985,-1.0138,100.9375,2.8698,True,True,True,1.2346,1.9215,15,197,2
wav2vec2-large,phase2,1746,method_1746_counter,counter,5382.0,1600.0,21.0008,-1.0068,100.9375,5.4738,True,True,True,2.1933,2.265,15,163,3
wav2vec2-large,phase2,1718,method_1718,regular,1467.0,2263.0,7.5044,-1.0028,100.9375,2.9125,True,True,True,1.1049,1.2708,15,68,5
wav2vec2-large,phase2,1116,method_1116,regular,238.0,4150.0,49.4889,-0.9359,221.125,-2.3121,False,False,False,-2.2685,-5.048,15,180,2
wav2vec2-large,phase2,1042,method_1042,regular,200.0,7611.0,63.0002,-0.8847,101.125,4.1214,True,True,True,-0.1861,-1.0347,15,74,5
wav2vec2-large,phase2,1720,method_1720,regular,1467.0,2691.0,10.5033,-0.8484,220.9375,2.8358,True,True,True,2.9948,1.0893,15,40,5
wav2vec2-large,phase2,1675,method_1675_counter,counter,1600.0,1234.0,4.4968,-0.836,140.875,2.6172,True,True,False,-1.1225,-3.5198,15,121,4
wav2vec2-large,phase2,1709,method_1709,regular,1345.0,5382.0,24.0064,-0.8266,100.875,2.9157,True,True,True,2.8928,3.4463,15,72,5
wav2vec2-large,phase2,1101,method_1101_counter,counter,1131.0,238.0,26.9828,-0.8038,140.9375,4.4144,True,True,True,3.9905,2.822,15,159,3
wav2vec2-large,phase2,1230,method_1230,regular,308.0,4150.0,45.0253,-0.7913,101.0625,1.7828,True,True,False,-1.0806,-3.5177,15,204,2
wav2vec2-large,phase2,1552,method_1552,regular,734.0,7611.0,40.4908,-0.7884,140.875,0.0,False,False,False,-2.2637,-5.7291,15,104,4
wav2vec2-large,phase2,1565,method_1565_counter,counter,2468.0,800.0,19.5032,-0.762,220.9375,2.2616,True,True,True,1.4928,0.7575,15,206,2
wav2vec2-large,phase2,1323,method_1323,regular,400.0,1467.0,22.4976,-0.7058,100.8125,4.0196,False,True,False,1.2175,-1.9173,15,178,2
wav2vec2-large,phase2,1875,method_1875,regular,3805.0,7611.0,12.0023,-0.6616,220.875,-0.2943,False,False,False,-0.083,-2.5083,15,46,5
wav2vec2-large,phase2,1525,method_1525_counter,counter,7611.0,673.0,41.9929,-0.603,100.8125,9.3387,False,True,True,1.6316,1.7893,15,201,2
wav2vec2-large,phase2,1414,method_1414,regular,519.0,951.0,10.4845,-0.5894,141.0,2.1521,False,True,False,-1.0361,-2.9101,15,173,2
wav2vec2-large,phase2,1200,method_1200_counter,counter,7611.0,283.0,56.9905,-0.5569,100.8125,43.3677,False,True,True,3.0991,4.4849,15,214,2
wav2vec2-large,phase2,1318,method_1318,regular,400.0,951.0,14.9933,-0.5341,220.8125,6.3245,False,True,False,-0.9193,-2.0196,15,187,2
wav2vec2-large,phase2,1619,method_1619,regular,951.0,3805.0,24.0046,-0.4792,220.875,7.3284,False,True,True,3.2497,1.0125,15,145,3
wav2vec2-large,phase2,1400,method_1400_counter,counter,4150.0,476.0,37.4889,-0.4198,100.9375,8.3903,False,True,True,2.1363,1.1031,15,116,4
wav2vec2-large,phase2,1443,method_1443_counter,counter,872.0,566.0,7.4823,-0.3597,100.9375,6.0964,False,True,False,-1.2669,-3.2526,15,123,4
wav2vec2-large,phase2,1318,method_1318_counter,counter,951.0,400.0,14.9933,-0.3455,120.875,23.2537,False,True,True,1.1088,0.8218,15,87,5
wav2vec2-large,phase2,1614,method_1614_counter,counter,2468.0,951.0,16.5099,-0.3336,220.9375,3.7846,False,True,True,0.8692,0.1968,15,241,1
wav2vec2-large,phase2,1136,method_1136,regular,259.0,800.0,19.5246,-0.3036,101.125,19.094,False,True,True,2.3431,2.9841,15,190,2
wav2vec2-large,phase2,1105,method_1105,regular,238.0,1600.0,32.9885,-0.2922,121.125,1.5962,False,True,True,-0.1608,-0.2428,15,210,2
wav2vec2-large,phase2,1551,method_1551_counter,counter,6979.0,734.0,38.99,-0.2824,100.875,16.7053,False,True,False,-1.5708,-1.8155,15,217,1
wav2vec2-large,phase2,1778,method_1778,regular,1903.0,4935.0,16.4973,-0.2494,220.875,4.0228,False,True,False,1.858,0.0511,15,146,3
wav2vec2-large,phase2,1684,method_1684,regular,1234.0,3490.0,17.9986,-0.2482,120.9375,3.4545,False,True,False,-0.5453,-2.1232,15,185,2
wav2vec2-large,phase2,1720,method_1720_counter,counter,2691.0,1467.0,10.5033,-0.2264,100.875,12.9077,False,True,False,-2.2582,-4.5047,15,207,2
wav2vec2-large,phase2,1557,method_1557_counter,counter,1234.0,800.0,7.5032,-0.221,140.9375,1.8362,False,True,True,0.5698,1.1111,15,208,2
wav2vec2-large,phase2,1684,method_1684_counter,counter,3490.0,1234.0,17.9986,-0.2096,100.875,12.7698,False,True,False,0.7634,-1.7035,15,155,3
wav2vec2-large,phase2,1145,method_1145,regular,259.0,1745.0,33.0264,-0.1794,101.125,0.0,False,False,False,2.1573,3.046,15,203,2
wav2vec2-large,phase2,1387,method_1387,regular,476.0,1345.0,17.9829,-0.1619,120.9375,4.4751,False,True,False,0.3084,-1.5277,15,140,3
wav2vec2-large,phase2,1843,method_1843,regular,2934.0,4935.0,9.0022,-0.1554,140.9375,0.0,False,False,False,-0.1159,-1.9238,15,120,4
wav2vec2-large,phase2,1273,method_1273_counter,counter,7611.0,336.0,54.0186,-0.1276,100.8125,34.2284,False,True,True,1.4079,2.5927,15,250,0
wav2vec2-large,phase2,1601,method_1601_counter,counter,6400.0,872.0,34.5081,-0.0962,220.875,-2.9026,False,False,False,-0.9546,-1.6474,15,189,2
wav2vec2-large,phase2,1621,method_1621,regular,951.0,4525.0,27.0048,-0.0884,100.875,22.4169,False,True,True,0.3871,1.2381,15,114,4
wav2vec2-large,phase2,1749,method_1749_counter,counter,6979.0,1600.0,25.4994,-0.088,120.875,7.7092,False,True,False,-2.5375,-3.3646,15,230,1
wav2vec2-large,phase2,1713,method_1713,regular,1345.0,7611.0,30.0058,-0.0809,100.875,12.2623,False,True,True,2.1099,0.1927,15,93,4
wav2vec2-large,phase2,1034,method_1034,regular,200.0,3805.0,50.9979,-0.0637,101.125,14.9098,False,True,True,-1.7166,-1.537,15,181,2
wav2vec2-large,phase2,1383,method_1383,regular,476.0,951.0,11.9818,-0.0364,220.9375,37.7265,False,True,False,-1.3495,-2.6112,15,167,2
wav2vec2-large,phase2,1123,method_1123_counter,counter,7611.0,238.0,59.9886,-0.0064,100.8125,0.0,False,False,False,1.9147,0.5857,15,205,2
wav2vec2-large,phase2,1603,method_1603_counter,counter,7611.0,872.0,37.5082,0.0008,100.8125,20.5489,False,True,True,2.5822,2.9717,15,242,1
wav2vec2-large,phase2,1755,method_1755_counter,counter,2691.0,1745.0,7.499,0.0227,160.875,5.7678,False,True,False,-1.1254,-4.6664,15,247,1
wav2vec2-large,phase2,1778,method_1778_counter,counter,4935.0,1903.0,16.4973,0.0297,100.9375,7.1764,False,True,True,0.8457,2.3154,15,229,1
wav2vec2-large,phase2,1578,method_1578_counter,counter,7611.0,800.0,39.0002,0.0321,100.8125,18.2504,False,True,True,2.801,3.0759,15,227,1
wav2vec2-large,phase2,1587,method_1587,regular,872.0,1903.0,13.5105,0.0636,140.9375,0.0,False,False,False,1.3137,-2.4557,15,152,3
wav2vec2-large,phase2,1749,method_1749,regular,1600.0,6979.0,25.4994,0.0699,140.875,2.9533,False,True,True,1.3516,-0.9173,15,101,4
wav2vec2-large,phase2,1487,method_1487_counter,counter,3200.0,617.0,28.4968,0.093,200.875,1.639,False,True,False,-1.7306,-3.8893,15,177,2
wav2vec2-large,phase2,1835,method_1835_counter,counter,6400.0,2691.0,14.9992,0.1,220.875,0.0,False,False,False,-0.6461,-1.1779,15,216,1
wav2vec2-large,phase2,1183,method_1183_counter,counter,1745.0,283.0,31.4922,0.1125,120.9375,0.0,False,False,False,1.5565,0.1444,15,129,4
wav2vec2-large,phase2,1504,method_1504_counter,counter,1234.0,673.0,10.496,0.1296,160.9375,1.7869,False,True,True,1.9727,3.5806,15,209,2
wav2vec2-large,phase2,1796,method_1796_counter,counter,6400.0,2075.0,19.4995,0.1426,220.875,0.0,False,False,False,-1.862,-2.229,15,240,1
wav2vec2-large,phase2,1155,method_1155,regular,259.0,4150.0,48.025,0.1587,221.125,-1.1092,False,False,False,-3.1933,-3.6275,15,219,1
wav2vec2-large,phase2,1324,method_1324,regular,400.0,1600.0,24.0,0.1856,220.8125,8.0095,False,True,True,0.9368,1.092,15,182,2
wav2vec2-large,phase2,1106,method_1106_counter,counter,1745.0,238.0,34.4903,0.2137,100.9375,23.476,False,True,False,-0.7497,-1.7061,15,88,5
wav2vec2-large,phase2,1738,method_1738_counter,counter,2691.0,1600.0,9.0008,0.2146,100.875,0.0,False,False,False,-1.1306,-4.0335,15,245,1
wav2vec2-large,phase2,1382,method_1382,regular,476.0,872.0,10.4804,0.2216,120.9375,3.2229,False,True,False,-1.3711,-1.2809,15,183,2
wav2vec2-large,phase2,1843,method_1843_counter,counter,4935.0,2934.0,9.0022,0.2384,220.9375,0.0,False,False,False,0.0598,0.6939,15,239,1
wav2vec2-large,phase2,1677,method_1677,regular,1234.0,1903.0,7.4992,0.2393,140.9375,3.6951,False,True,False,-0.2398,-1.9653,15,249,1
wav2vec2-large,phase2,1793,method_1793_counter,counter,4935.0,2075.0,14.9993,0.2447,100.9375,54.1456,False,True,True,0.4999,1.6757,15,254,0
wav2vec2-large,phase2,1710,method_1710_counter,counter,5869.0,1345.0,25.5061,0.2632,220.9375,0.0,False,False,False,-0.22,-0.0843,15,218,1
wav2vec2-large,phase2,1432,method_1432,regular,519.0,4525.0,37.4893,0.3239,121.0,4.9758,False,True,False,-0.7898,-3.3491,15,176,2
wav2vec2-large,phase2,1810,method_1810_counter,counter,6400.0,2263.0,17.998,0.402,100.875,0.0,False,False,False,-1.3409,-2.8328,15,246,1
wav2vec2-large,phase2,1880,method_1880_counter,counter,6400.0,4150.0,7.4995,0.4865,220.875,0.0,False,False,False,-1.1744,-1.0765,15,243,1
wav2vec2-large,phase2,1794,method_1794,regular,2075.0,5382.0,16.5004,0.4931,220.9375,0.0,False,False,False,-1.5741,-1.9906,15,89,5
wav2vec2-large,phase2,1729,method_1729_counter,counter,5869.0,1467.0,24.003,0.5356,220.9375,0.0,False,False,False,0.2051,0.7078,15,224,1
wav2vec2-large,phase2,1323,method_1323_counter,counter,1467.0,400.0,22.4976,0.5417,100.9375,10.3061,False,True,True,0.2904,1.1953,15,150,3
wav2vec2-large,phase2,1730,method_1730_counter,counter,6400.0,1467.0,25.5024,0.5444,160.875,0.0,False,False,False,-1.7709,-2.0352,15,231,1
wav2vec2-large,phase2,1791,method_1791,regular,2075.0,4150.0,12.0,0.5474,200.9375,0.0,False,False,False,-0.7378,-0.8183,15,211,2
wav2vec2-large,phase2,1024,method_1024,regular,200.0,1600.0,36.0,0.5706,101.125,18.9303,False,True,True,0.5364,0.4254,15,200,2
wav2vec2-large,phase2,1145,method_1145_counter,counter,1745.0,259.0,33.0264,0.5954,120.9375,0.0,False,False,False,0.0999,-1.6392,15,86,5
wav2vec2-large,phase2,1762,method_1762_counter,counter,4935.0,1745.0,17.9979,0.632,100.9375,0.0,False,False,False,1.0892,2.5496,15,244,1
wav2vec2-large,phase2,1764,method_1764_counter,counter,5869.0,1745.0,20.9987,0.6388,220.9375,0.0,False,False,False,-1.2476,-0.2664,15,252,0
wav2vec2-large,phase2,1727,method_1727_counter,counter,4935.0,1467.0,21.0022,0.6732,100.9375,12.9218,False,True,True,-0.0852,0.1253,15,221,1
wav2vec2-large,phase2,1577,method_1577_counter,counter,6979.0,800.0,37.4994,0.749,120.875,0.0,False,False,False,-2.6281,-1.7349,15,215,1
wav2vec2-large,phase2,1874,method_1874_counter,counter,6979.0,3805.0,10.5015,0.7975,100.875,0.0,False,False,False,-0.525,-1.6479,15,226,1
wav2vec2-large,phase2,1382,method_1382_counter,counter,872.0,476.0,10.4804,0.8771,160.9375,1727.2346,False,True,True,2.0129,2.192,15,130,4
wav2vec2-large,phase2,1797,method_1797,regular,2075.0,6979.0,20.9989,0.8806,200.9375,0.0,False,False,False,-1.0843,-0.8551,15,71,5
wav2vec2-large,phase2,1737,method_1737_counter,counter,2468.0,1600.0,7.5032,0.8861,220.9375,0.0,False,False,False,0.5714,1.2787,15,248,1
wav2vec2-large,phase2,1619,method_1619_counter,counter,3805.0,951.0,24.0046,0.891,120.875,0.0,False,False,False,-1.6132,-1.7481,15,194,2
wav2vec2-large,phase2,1650,method_1650_counter,counter,7611.0,1037.0,34.508,0.9201,100.8125,0.0,False,False,False,1.628,2.9543,15,158,3
wav2vec2-large,phase2,1144,method_1144,regular,259.0,1600.0,31.5246,1.0257,121.125,0.0,False,False,False,0.8439,1.4676,15,238,1
wav2vec2-large,phase2,1740,method_1740_counter,counter,3200.0,1600.0,12.0,1.0779,100.875,3.1342,False,True,False,-0.081,-3.5032,15,128,4
wav2vec2-large,phase2,1712,method_1712_counter,counter,6979.0,1345.0,28.505,1.2814,120.875,0.0,False,False,False,-2.3613,-1.468,15,193,2
wav2vec2-large,phase2,1754,method_1754_counter,counter,2468.0,1745.0,6.0014,1.303,160.9375,0.0,False,False,False,0.5807,0.4546,15,212,2
wav2vec2-large,phase2,1722,method_1722_counter,counter,3200.0,1467.0,13.5024,1.3158,120.875,13.0568,False,True,False,-0.5301,-2.847,15,172,2
wav2vec2-large,phase2,1032,method_1032_counter,counter,3200.0,200.0,48.0,1.3777,200.875,0.0,False,False,False,-1.6749,-3.837,15,119,4
wav2vec2-large,phase2,1721,method_1721,regular,1467.0,2934.0,12.0,1.3795,100.9375,0.0,False,False,False,0.4659,1.3922,15,103,4
wav2vec2-large,phase2,1766,method_1766_counter,counter,6979.0,1745.0,23.9975,1.4234,120.875,0.0,False,False,False,-2.9284,-3.9957,15,253,0
wav2vec2-large,phase2,1887,method_1887_counter,counter,6979.0,4525.0,7.5012,1.4361,120.875,0.0,False,False,False,-3.1091,-3.3356,15,199,2
wav2vec2-large,phase2,1626,method_1626_counter,counter,6979.0,951.0,34.506,1.4558,120.875,0.0,False,False,False,-3.0992,-2.9721,15,225,1
wav2vec2-large,phase2,1627,method_1627_counter,counter,7611.0,951.0,36.0068,1.4623,100.8125,0.0,False,False,False,1.5424,2.738,15,213,2
wav2vec2-large,phase2,1602,method_1602_counter,counter,6979.0,872.0,36.0074,1.5012,120.875,0.0,False,False,False,-4.2366,-3.7678,15,222,1
wav2vec2-large,phase2,1073,method_1073_counter,counter,3200.0,218.0,46.5081,1.602,100.875,0.0,False,False,False,-1.2141,-2.832,15,156,3
wav2vec2-large,phase2,1587,method_1587_counter,counter,1903.0,872.0,13.5105,1.6823,140.875,0.0,False,False,False,-1.3666,0.1678,15,237,1
wav2vec2-large,phase2,1745,method_1745_counter,counter,4935.0,1600.0,19.4997,1.7471,220.9375,0.0,False,False,False,-1.3935,0.4973,15,195,2
wav2vec2-large,phase2,1881,method_1881_counter,counter,6979.0,4150.0,8.9989,1.7822,120.875,0.0,False,False,False,-2.9798,-2.6101,15,233,1
wav2vec2-large,phase2,1708,method_1708_counter,counter,4935.0,1345.0,22.5053,1.8074,220.9375,0.0,False,False,False,-2.4503,-0.6882,15,220,1
wav2vec2-large,phase2,1739,method_1739_counter,counter,2934.0,1600.0,10.4976,1.8501,100.9375,0.0,False,False,False,-1.7467,-1.1796,15,191,2
wav2vec2-large,phase2,1747,method_1747_counter,counter,5869.0,1600.0,22.5005,1.8996,220.9375,0.0,False,False,False,-1.8256,-1.5194,15,234,1
wav2vec2-large,phase2,1401,method_1401,regular,476.0,4525.0,38.9866,1.9799,120.9375,0.0,False,False,False,-1.8192,-4.5545,15,166,2
wav2vec2-large,phase2,1790,method_1790,regular,2075.0,3805.0,10.4974,2.1705,220.9375,0.0,False,False,False,-4.1104,-4.7277,15,161,3
wav2vec2-large,phase2,1721,method_1721_counter,counter,2934.0,1467.0,12.0,2.22,220.9375,0.0,False,False,False,-2.8395,-1.9231,15,148,3
wav2vec2-large,phase2,1675,method_1675,regular,1234.0,1600.0,4.4968,2.298,120.9375,0.0,False,False,False,-0.2104,0.6801,15,251,0
wav2vec2-large,phase2,1703,method_1703_counter,counter,3200.0,1345.0,15.0056,2.4586,100.875,9.3996,False,True,False,-2.1185,-4.4928,15,143,3
wav2vec2-large,phase2,1515,method_1515_counter,counter,3200.0,673.0,26.9927,3.1034,100.875,0.0,False,False,False,-2.6838,-4.3372,15,142,3
wav2vec2-large,phase2,1568,method_1568_counter,counter,3200.0,800.0,24.0,3.7555,220.875,0.0,False,False,False,-4.3749,-6.7916,15,170,2
wav2vec2-medium,literature,33,method_33,regular,1000.0,1200.0,3.1564,-2.081,200.875,0.9349,True,True,True,2.1094,-0.203,15,36,2
wav2vec2-medium,literature,55,method_55_counter,counter,2000.0,1000.0,12.0,-2.0463,160.9375,0.8224,True,True,True,0.5027,-1.8282,15,15,3
wav2vec2-medium,literature,29,method_29,regular,1000.0,1200.0,3.1564,-1.9024,120.875,1.6613,True,True,True,0.8908,1.0271,15,30,2
wav2vec2-medium,literature,12,method_12_counter,counter,1200.0,1000.0,3.1564,-1.8775,140.9375,2.078,True,True,True,1.8867,1.0657,15,37,2
wav2vec2-medium,literature,28,method_28,regular,1000.0,1200.0,3.1564,-1.8747,120.875,1.7164,True,True,True,0.7782,0.9616,15,29,2
wav2vec2-medium,literature,30,method_30,regular,1000.0,1200.0,3.1564,-1.8739,120.875,1.6355,True,True,True,0.9192,1.0541,15,31,2
wav2vec2-medium,literature,32,method_32,regular,1000.0,1200.0,3.1564,-1.8681,120.875,1.7023,True,True,True,0.7862,0.9649,15,32,2
wav2vec2-medium,literature,31,method_31,regular,1000.0,1200.0,3.1564,-1.8644,120.875,1.7156,True,True,True,0.7977,0.9924,15,28,2
wav2vec2-medium,literature,21,method_21_counter,counter,1850.0,1000.0,10.6503,-1.638,160.9375,0.8754,True,True,False,0.5665,-1.7625,15,16,3
wav2vec2-medium,literature,20,method_20_counter,counter,1850.0,1000.0,10.6503,-1.637,160.9375,0.9099,True,True,True,0.5851,-1.6753,15,17,3
wav2vec2-medium,literature,44,method_44_counter,counter,1000.0,633.0,7.9167,-1.6314,110.875,1.065,True,True,True,0.611,-0.1733,15,27,2
wav2vec2-medium,literature,9,method_9_counter,counter,1000.0,600.0,8.8436,-1.3572,110.875,0.9663,True,True,True,1.0299,0.1193,15,38,2
wav2vec2-medium,literature,30,method_30_counter,counter,1200.0,1000.0,3.1564,-1.2506,120.9375,1.4397,True,True,True,1.2729,-0.1425,15,20,3
wav2vec2-medium,literature,29,method_29_counter,counter,1200.0,1000.0,3.1564,-1.2213,120.9375,1.4022,True,True,True,1.1978,-0.2469,15,21,3
wav2vec2-medium,literature,28,method_28_counter,counter,1200.0,1000.0,3.1564,-1.1929,120.9375,1.3417,True,True,True,1.0745,-0.4063,15,24,3
wav2vec2-medium,literature,31,method_31_counter,counter,1200.0,1000.0,3.1564,-1.1922,120.9375,1.3449,True,True,True,1.0818,-0.4079,15,23,3
wav2vec2-medium,literature,32,method_32_counter,counter,1200.0,1000.0,3.1564,-1.1811,120.9375,1.347,True,True,True,1.0904,-0.3839,15,25,3
wav2vec2-medium,literature,53,method_53,regular,1000.0,1200.0,3.1564,-1.0962,140.875,1.1479,True,True,True,0.3578,0.1738,15,34,2
wav2vec2-medium,literature,74,method_74,regular,1000.0,1500.0,7.0196,-1.0867,120.875,1.9422,True,True,True,1.4189,1.1087,15,22,3
wav2vec2-medium,literature,60,method_60,regular,1000.0,1500.0,7.0196,-1.0501,140.875,1.1227,True,True,True,1.7352,1.3892,15,6,4
wav2vec2-medium,literature,27,method_27,regular,1000.0,1064.0,1.074,-1.0008,100.875,1.115,True,True,True,0.9248,0.3754,15,35,2
wav2vec2-medium,literature,75,method_75,regular,1000.0,1200.0,3.1564,-0.965,220.875,1.2802,True,True,True,2.0259,-0.531,15,7,4
wav2vec2-medium,literature,53,method_53_counter,counter,1200.0,1000.0,3.1564,-0.9609,120.9375,2.3736,True,True,True,1.2397,1.3264,15,12,3
wav2vec2-medium,literature,72,method_72,regular,1000.0,1200.0,3.1564,-0.8925,220.875,1.6051,True,True,True,2.0864,-0.469,15,8,4
wav2vec2-medium,literature,37,method_37_counter,counter,1050.0,1000.0,0.8447,-0.8899,180.875,2.0075,True,True,False,0.1295,-0.6421,15,43,2
wav2vec2-medium,literature,72,method_72_counter,counter,1200.0,1000.0,3.1564,-0.8202,120.9375,2.3568,True,True,True,0.0872,-0.429,15,47,1
wav2vec2-medium,literature,21,method_21,regular,1000.0,1850.0,10.6503,-0.8082,140.875,3.9485,True,True,True,0.0991,0.033,15,2,5
wav2vec2-medium,literature,20,method_20,regular,1000.0,1850.0,10.6503,-0.7996,140.875,3.9409,True,True,True,0.074,0.0269,15,1,5
wav2vec2-medium,literature,12,method_12,regular,1000.0,1200.0,3.1564,-0.7855,100.875,2.211,True,True,True,-0.1124,0.2293,15,40,2
wav2vec2-medium,literature,19,method_19_counter,counter,1850.0,1000.0,10.6503,-0.6831,100.9375,3.0527,False,True,True,0.5994,0.2128,15,3,4
wav2vec2-medium,literature,18,method_18_counter,counter,1850.0,1000.0,10.6503,-0.6823,100.9375,3.0655,False,True,True,0.6277,0.1951,15,5,4
wav2vec2-medium,literature,75,method_75_counter,counter,1200.0,1000.0,3.1564,-0.6745,120.9375,2.5707,False,True,True,0.033,-0.4659,15,46,1
wav2vec2-medium,literature,17,method_17_counter,counter,1850.0,1000.0,10.6503,-0.6442,100.9375,3.1463,False,True,True,0.6237,0.2538,15,4,4
wav2vec2-medium,literature,55,method_55,regular,1000.0,2000.0,12.0,-0.6262,140.875,3.5264,False,True,True,-0.0731,-0.0168,15,19,3
wav2vec2-medium,literature,60,method_60_counter,counter,1500.0,1000.0,7.0196,-0.6003,120.9375,3.6515,False,True,True,0.6526,0.9068,15,9,3
wav2vec2-medium,literature,43,method_43_counter,counter,700.0,633.0,1.7418,-0.5817,110.875,2.0925,False,True,False,-0.1978,-0.8967,15,48,0
wav2vec2-medium,literature,9,method_9,regular,600.0,1000.0,8.8436,-0.5768,151.0,3.1372,False,True,False,0.2547,-0.1325,15,14,3
wav2vec2-medium,literature,27,method_27_counter,counter,1064.0,1000.0,1.074,-0.4595,180.875,1.8954,False,True,False,-0.1911,-0.6441,15,45,1
wav2vec2-medium,literature,10,method_10_counter,counter,1122.0,1000.0,1.9929,-0.3957,120.9375,2.6683,False,True,False,0.0108,-0.6919,15,44,1
wav2vec2-medium,literature,19,method_19,regular,1000.0,1850.0,10.6503,-0.3679,140.875,2.5995,False,True,False,-0.3671,-1.5644,15,13,3
wav2vec2-medium,literature,17,method_17,regular,1000.0,1850.0,10.6503,-0.3591,140.875,2.6087,False,True,False,-0.3771,-1.6152,15,10,3
wav2vec2-medium,literature,18,method_18,regular,1000.0,1850.0,10.6503,-0.3566,140.875,2.4752,False,True,False,-0.4183,-1.7374,15,11,3
wav2vec2-medium,literature,33,method_33_counter,counter,1200.0,1000.0,3.1564,-0.3513,120.9375,2.0588,False,True,True,0.1342,-0.1051,15,33,2
wav2vec2-medium,literature,37,method_37,regular,1000.0,1050.0,0.8447,-0.232,220.875,5.3074,False,True,True,0.931,0.2818,15,41,2
wav2vec2-medium,literature,44,method_44,regular,633.0,1000.0,7.9167,-0.1532,190.875,6.178,False,True,True,0.2353,-0.0454,15,18,3
wav2vec2-medium,literature,74,method_74_counter,counter,1500.0,1000.0,7.0196,-0.0664,100.9375,2.8961,False,True,True,0.7835,0.7687,15,39,2
wav2vec2-medium,literature,10,method_10,regular,1000.0,1122.0,1.9929,0.0302,220.875,6.1408,False,True,True,0.2035,0.0829,15,42,2
wav2vec2-medium,literature,43,method_43,regular,633.0,700.0,1.7418,0.2667,190.875,0.0,False,False,False,0.0189,0.0774,15,26,2
wav2vec2-medium,phase2,1835,method_1835,regular,2691.0,6400.0,14.9992,-3.7891,100.875,1.1308,True,True,True,2.135,1.1338,15,115,4
wav2vec2-medium,phase2,1880,method_1880,regular,4150.0,6400.0,7.4995,-3.4033,120.9375,0.9431,True,True,True,2.7198,1.9456,15,109,4
wav2vec2-medium,phase2,1626,method_1626,regular,951.0,6979.0,34.506,-2.9271,220.875,1.1651,True,True,True,3.2366,-0.7569,15,105,4
wav2vec2-medium,phase2,1701,method_1701,regular,1345.0,2691.0,12.0064,-2.9232,180.875,1.0706,True,True,True,1.8815,-0.5255,15,20,5
wav2vec2-medium,phase2,1627,method_1627,regular,951.0,7611.0,36.0068,-2.9179,160.875,0.7093,True,True,True,2.5181,0.0184,15,3,6
wav2vec2-medium,phase2,1650,method_1650,regular,1037.0,7611.0,34.508,-2.764,200.875,1.2122,True,True,True,2.2471,-0.6136,15,30,5
wav2vec2-medium,phase2,1843,method_1843,regular,2934.0,4935.0,9.0022,-2.76,200.9375,0.9329,True,True,True,2.1652,-0.1231,15,120,4
wav2vec2-medium,phase2,1301,method_1301_counter,counter,4150.0,367.0,41.9911,-2.6941,100.9375,1.7942,True,True,True,0.861,-0.211,15,54,5
wav2vec2-medium,phase2,1797,method_1797,regular,2075.0,6979.0,20.9989,-2.6188,120.9375,0.8673,True,True,True,1.3989,-0.0617,15,71,5
wav2vec2-medium,phase2,1105,method_1105_counter,counter,1600.0,238.0,32.9885,-2.6008,120.875,2.6666,True,True,False,1.8434,-0.2711,15,95,4
wav2vec2-medium,phase2,1720,method_1720,regular,1467.0,2691.0,10.5033,-2.542,160.9375,1.0884,True,True,True,0.9918,-0.969,15,40,5
wav2vec2-medium,phase2,1835,method_1835_counter,counter,6400.0,2691.0,14.9992,-2.5405,140.875,1.0969,True,True,True,0.9188,-0.7625,15,216,1
wav2vec2-medium,phase2,1749,method_1749,regular,1600.0,6979.0,25.4994,-2.5191,180.875,0.7331,True,True,True,1.4163,-1.0205,15,101,4
wav2vec2-medium,phase2,1712,method_1712,regular,1345.0,6979.0,28.505,-2.5034,180.875,1.1655,True,True,True,1.626,-0.7917,15,41,5
wav2vec2-medium,phase2,1266,method_1266_counter,counter,4150.0,336.0,43.5189,-2.4917,100.9375,1.9093,True,True,True,0.8104,-0.1485,15,39,5
wav2vec2-medium,phase2,1713,method_1713,regular,1345.0,7611.0,30.0058,-2.4456,180.875,1.1638,True,True,True,1.7999,-1.4164,15,93,4
wav2vec2-medium,phase2,1699,method_1699,regular,1345.0,2263.0,9.0076,-2.4177,180.875,1.0461,True,True,True,1.6508,-0.5984,15,92,4
wav2vec2-medium,phase2,1649,method_1649,regular,1037.0,6979.0,33.0073,-2.3918,200.875,0.7616,True,True,True,1.2012,-1.6441,15,66,5
wav2vec2-medium,phase2,1708,method_1708,regular,1345.0,4935.0,22.5053,-2.3892,180.875,1.1647,True,True,True,0.9557,-1.6097,15,47,5
wav2vec2-medium,phase2,1740,method_1740,regular,1600.0,3200.0,12.0,-2.3798,120.875,1.0664,True,True,True,1.8091,0.803,15,10,5
wav2vec2-medium,phase2,1515,method_1515_counter,counter,3200.0,673.0,26.9927,-2.3147,100.875,2.5967,True,True,True,1.7849,0.3952,15,142,3
wav2vec2-medium,phase2,1722,method_1722,regular,1467.0,3200.0,13.5024,-2.309,100.9375,1.1131,True,True,True,1.7145,0.5456,15,14,5
wav2vec2-medium,phase2,1116,method_1116,regular,238.0,4150.0,49.4889,-2.2931,221.125,1.3968,True,True,True,2.2028,-0.6813,15,180,2
wav2vec2-medium,phase2,1487,method_1487_counter,counter,3200.0,617.0,28.4968,-2.2654,100.875,2.1083,True,True,True,1.5374,0.4604,15,177,2
wav2vec2-medium,phase2,1401,method_1401,regular,476.0,4525.0,38.9866,-2.2525,220.9375,1.634,True,True,True,2.6004,-0.5206,15,166,2
wav2vec2-medium,phase2,1738,method_1738,regular,1600.0,2691.0,9.0008,-2.2479,120.875,1.2731,True,True,True,1.3968,0.1181,15,22,5
wav2vec2-medium,phase2,1848,method_1848,regular,2934.0,7611.0,16.5026,-2.2459,200.9375,1.272,True,True,True,2.2578,0.4787,15,106,4
wav2vec2-medium,phase2,1874,method_1874,regular,3805.0,6979.0,10.5015,-2.2367,200.875,1.6022,True,True,True,2.4245,0.3359,15,52,5
wav2vec2-medium,phase2,1703,method_1703_counter,counter,3200.0,1345.0,15.0056,-2.1793,100.875,2.6847,True,True,True,1.683,0.5722,15,143,3
wav2vec2-medium,phase2,1414,method_1414,regular,519.0,951.0,10.4845,-2.177,141.0,1.629,True,True,True,1.9558,0.7065,15,173,2
wav2vec2-medium,phase2,1710,method_1710,regular,1345.0,5869.0,25.5061,-2.1769,180.875,1.2605,True,True,True,1.084,-1.1935,15,16,5
wav2vec2-medium,phase2,1568,method_1568_counter,counter,3200.0,800.0,24.0,-2.1696,100.875,2.1158,True,True,True,1.6231,0.356,15,170,2
wav2vec2-medium,phase2,1744,method_1744_counter,counter,4525.0,1600.0,17.9982,-2.1662,100.875,3.5801,True,True,True,1.2993,0.0755,15,100,4
wav2vec2-medium,phase2,1727,method_1727_counter,counter,4935.0,1467.0,21.0022,-2.1592,100.9375,0.0,False,False,False,0.7174,-0.474,15,221,1
wav2vec2-medium,phase2,1621,method_1621_counter,counter,4525.0,951.0,27.0048,-2.1528,100.875,2.3636,True,True,True,0.9029,0.3776,15,137,3
wav2vec2-medium,phase2,1783,method_1783_counter,counter,7611.0,1903.0,23.9977,-2.1209,100.8125,1.0397,True,True,True,1.3632,-0.5594,15,169,2
wav2vec2-medium,phase2,1750,method_1750,regular,1600.0,7611.0,27.0002,-2.1037,120.875,1.1418,True,True,True,0.8793,-0.5555,15,2,6
wav2vec2-medium,phase2,1613,method_1613,regular,951.0,2263.0,15.0086,-2.103,160.875,1.0572,True,True,True,2.0296,0.5955,15,58,5
wav2vec2-medium,phase2,1798,method_1798,regular,2075.0,7611.0,22.4997,-2.097,120.9375,1.5797,True,True,True,0.5684,-0.8617,15,33,5
wav2vec2-medium,phase2,1737,method_1737,regular,1600.0,2468.0,7.5032,-2.082,120.875,1.1742,True,True,True,1.3973,0.2198,15,13,5
wav2vec2-medium,phase2,1699,method_1699_counter,counter,2263.0,1345.0,9.0076,-2.0739,120.875,2.0269,True,True,False,1.1892,-0.2697,15,48,5
wav2vec2-medium,phase2,1765,method_1765,regular,1745.0,6400.0,22.4981,-2.072,100.9375,1.1735,True,True,True,0.7908,-0.6658,15,11,5
wav2vec2-medium,phase2,1709,method_1709,regular,1345.0,5382.0,24.0064,-2.0715,180.875,1.3947,True,True,True,1.48,-0.8865,15,72,5
wav2vec2-medium,phase2,1621,method_1621,regular,951.0,4525.0,27.0048,-2.0356,220.875,1.7084,True,True,True,2.6292,-0.2827,15,114,4
wav2vec2-medium,phase2,1887,method_1887,regular,4525.0,6979.0,7.5012,-2.0347,140.875,1.9131,True,True,True,2.0638,0.5921,15,36,5
wav2vec2-medium,phase2,1155,method_1155,regular,259.0,4150.0,48.025,-2.0168,201.125,1.0716,True,True,True,1.4935,-0.6906,15,219,1
wav2vec2-medium,phase2,1024,method_1024_counter,counter,1600.0,200.0,36.0,-1.9591,120.875,5.5547,True,True,False,1.0549,-0.886,15,51,5
wav2vec2-medium,phase2,1583,method_1583,regular,872.0,1345.0,7.5025,-1.9103,120.9375,1.8122,True,True,True,0.6136,0.2398,15,108,4
wav2vec2-medium,phase2,1745,method_1745_counter,counter,4935.0,1600.0,19.4997,-1.9001,100.9375,1.8624,True,True,True,0.5516,-1.222,15,195,2
wav2vec2-medium,phase2,1882,method_1882,regular,4150.0,7611.0,10.4997,-1.897,120.9375,1.5844,True,True,True,1.5409,-0.0883,15,5,6
wav2vec2-medium,phase2,1677,method_1677_counter,counter,1903.0,1234.0,7.4992,-1.8914,120.875,3.1095,True,True,False,0.8711,0.2052,15,64,5
wav2vec2-medium,phase2,1744,method_1744,regular,1600.0,4525.0,17.9982,-1.8866,180.875,1.0999,True,True,True,0.7018,-0.6776,15,45,5
wav2vec2-medium,phase2,1808,method_1808_counter,counter,5382.0,2263.0,14.9989,-1.8735,100.9375,2.9854,True,True,True,0.9376,0.5142,15,132,3
wav2vec2-medium,phase2,1679,method_1679_counter,counter,2263.0,1234.0,10.4987,-1.8539,120.875,2.2226,True,True,False,1.2867,-0.4533,15,27,5
wav2vec2-medium,phase2,1740,method_1740_counter,counter,3200.0,1600.0,12.0,-1.835,120.875,3.2416,True,True,True,1.6341,0.508,15,128,4
wav2vec2-medium,phase2,1066,method_1066,regular,218.0,1745.0,36.0099,-1.8349,161.125,0.8004,True,True,True,1.011,-0.4121,15,147,3
wav2vec2-medium,phase2,1525,method_1525,regular,673.0,7611.0,41.9929,-1.8241,200.8125,1.9808,True,True,True,2.1811,0.3322,15,6,6
wav2vec2-medium,phase2,1355,method_1355,regular,436.0,1345.0,19.5025,-1.8233,220.875,1.588,True,True,True,1.4556,-0.0974,15,99,4
wav2vec2-medium,phase2,1432,method_1432,regular,519.0,4525.0,37.4893,-1.8219,221.0,1.8889,True,True,True,2.2834,0.0872,15,176,2
wav2vec2-medium,phase2,1032,method_1032_counter,counter,3200.0,200.0,48.0,-1.8178,100.875,3.4196,True,True,True,1.6797,0.3832,15,119,4
wav2vec2-medium,phase2,1722,method_1722_counter,counter,3200.0,1467.0,13.5024,-1.8156,100.875,7.7805,True,True,False,1.3698,0.2571,15,172,2
wav2vec2-medium,phase2,1812,method_1812,regular,2263.0,7611.0,20.9982,-1.8065,120.875,1.2652,True,True,True,1.1155,-0.0309,15,1,6
wav2vec2-medium,phase2,1729,method_1729,regular,1467.0,5869.0,24.003,-1.8032,160.9375,1.2507,True,True,True,-0.0084,-1.7063,15,26,5
wav2vec2-medium,phase2,1754,method_1754,regular,1745.0,2468.0,6.0014,-1.7957,180.9375,1.2816,True,True,True,1.0263,-0.2775,15,118,4
wav2vec2-medium,phase2,1418,method_1418,regular,519.0,1345.0,16.4856,-1.7948,121.0,2.1654,True,True,True,0.9173,0.1367,15,111,4
wav2vec2-medium,phase2,1791,method_1791_counter,counter,4150.0,2075.0,12.0,-1.7863,100.9375,1.593,True,True,True,1.1345,-0.715,15,133,3
wav2vec2-medium,phase2,1518,method_1518_counter,counter,4150.0,673.0,31.4932,-1.78,100.9375,2.5877,True,True,True,0.351,-0.1574,15,80,5
wav2vec2-medium,phase2,1745,method_1745,regular,1600.0,4935.0,19.4997,-1.7657,180.875,1.1107,True,True,True,0.4146,-1.1373,15,17,5
wav2vec2-medium,phase2,1400,method_1400,regular,476.0,4150.0,37.4889,-1.7461,160.9375,1.6901,True,True,True,2.1501,0.4208,15,171,2
wav2vec2-medium,phase2,1755,method_1755,regular,1745.0,2691.0,7.499,-1.7451,200.9375,1.1773,True,True,True,0.5207,-0.6725,15,44,5
wav2vec2-medium,phase2,1881,method_1881,regular,4150.0,6979.0,8.9989,-1.7443,200.9375,1.5997,True,True,True,1.8071,-0.0564,15,31,5
wav2vec2-medium,phase2,1783,method_1783,regular,1903.0,7611.0,23.9977,-1.7409,120.875,1.539,True,True,True,0.6856,-0.0117,15,29,5
wav2vec2-medium,phase2,1568,method_1568,regular,800.0,3200.0,24.0,-1.7266,100.9375,0.8319,True,True,True,1.0891,0.2831,15,19,5
wav2vec2-medium,phase2,1762,method_1762,regular,1745.0,4935.0,17.9979,-1.7167,180.9375,1.2855,True,True,True,0.0052,-1.6543,15,12,5
wav2vec2-medium,phase2,1552,method_1552,regular,734.0,7611.0,40.4908,-1.7158,220.875,2.3691,True,True,True,2.3906,-0.4191,15,104,4
wav2vec2-medium,phase2,1515,method_1515,regular,673.0,3200.0,26.9927,-1.71,200.8125,2.2582,True,True,True,1.8626,0.47,15,15,5
wav2vec2-medium,phase2,1144,method_1144_counter,counter,1600.0,259.0,31.5246,-1.7092,180.875,2.3847,True,True,False,0.931,-0.5199,15,37,5
wav2vec2-medium,phase2,1739,method_1739,regular,1600.0,2934.0,10.4976,-1.7067,120.875,1.4689,True,True,True,0.3906,-0.8046,15,28,5
wav2vec2-medium,phase2,1034,method_1034,regular,200.0,3805.0,50.9979,-1.7044,221.125,1.7193,True,True,True,2.1294,-0.1297,15,181,2
wav2vec2-medium,phase2,1324,method_1324,regular,400.0,1600.0,24.0,-1.6967,140.8125,2.7515,True,True,True,2.2417,1.0456,15,182,2
wav2vec2-medium,phase2,1614,method_1614,regular,951.0,2468.0,16.5099,-1.6942,180.875,1.2677,True,True,True,1.7763,0.4239,15,78,5
wav2vec2-medium,phase2,1578,method_1578,regular,800.0,7611.0,39.0002,-1.6896,220.9375,1.3838,True,True,True,1.5797,-0.5968,15,24,5
wav2vec2-medium,phase2,1383,method_1383,regular,476.0,951.0,11.9818,-1.6764,120.9375,1.5275,True,True,True,1.8489,0.8707,15,167,2
wav2vec2-medium,phase2,1763,method_1763,regular,1745.0,5382.0,19.499,-1.6697,180.9375,1.457,True,True,True,0.6787,-0.8122,15,70,5
wav2vec2-medium,phase2,1796,method_1796,regular,2075.0,6400.0,19.4995,-1.6629,180.9375,0.8607,True,True,True,1.9455,0.9632,15,124,4
wav2vec2-medium,phase2,1636,method_1636_counter,counter,2263.0,1037.0,13.5098,-1.6145,140.875,2.0857,True,True,True,1.1857,-0.3892,15,79,5
wav2vec2-medium,phase2,1718,method_1718,regular,1467.0,2263.0,7.5044,-1.6119,160.9375,1.0852,True,True,True,0.8576,-0.2969,15,68,5
wav2vec2-medium,phase2,1106,method_1106,regular,238.0,1745.0,34.4903,-1.6097,161.125,0.6338,True,True,True,0.8885,-0.6372,15,179,2
wav2vec2-medium,phase2,1577,method_1577,regular,800.0,6979.0,37.4994,-1.6066,180.9375,0.3801,False,False,True,0.6171,-1.3483,15,113,4
wav2vec2-medium,phase2,1701,method_1701_counter,counter,2691.0,1345.0,12.0064,-1.5995,220.875,0.4385,False,False,False,0.5101,-1.3821,15,160,3
wav2vec2-medium,phase2,1809,method_1809_counter,counter,5869.0,2263.0,16.4985,-1.5983,100.9375,1.7225,True,True,True,0.5524,-0.5767,15,197,2
wav2vec2-medium,phase2,1525,method_1525_counter,counter,7611.0,673.0,41.9929,-1.5972,180.8125,0.7741,True,True,True,1.039,-0.1854,15,201,2
wav2vec2-medium,phase2,1778,method_1778_counter,counter,4935.0,1903.0,16.4973,-1.5971,100.9375,1.6515,True,True,True,0.622,-0.9327,15,229,1
wav2vec2-medium,phase2,1703,method_1703,regular,1345.0,3200.0,15.0056,-1.5966,100.875,0.9932,True,True,True,1.5335,0.4594,15,34,5
wav2vec2-medium,phase2,1136,method_1136_counter,counter,800.0,259.0,19.5246,-1.5862,100.9375,1.3736,True,True,True,0.19,-0.7803,15,75,5
wav2vec2-medium,phase2,1619,method_1619,regular,951.0,3805.0,24.0046,-1.5748,220.875,1.7983,True,True,True,2.1127,-0.5472,15,145,3
wav2vec2-medium,phase2,1414,method_1414_counter,counter,951.0,519.0,10.4845,-1.5664,100.875,0.8011,True,True,True,0.3984,-0.5822,15,82,5
wav2vec2-medium,phase2,1487,method_1487,regular,617.0,3200.0,28.4968,-1.5618,161.0,3.4718,True,True,True,1.6992,0.3705,15,35,5
wav2vec2-medium,phase2,1355,method_1355_counter,counter,1345.0,436.0,19.5025,-1.5579,180.875,1.3394,True,True,True,-0.0884,-1.4198,15,69,5
wav2vec2-medium,phase2,1106,method_1106_counter,counter,1745.0,238.0,34.4903,-1.5536,100.9375,2.4854,True,True,True,0.672,-0.4699,15,88,5
wav2vec2-medium,phase2,1810,method_1810,regular,2263.0,6400.0,17.998,-1.5414,220.875,1.99,True,True,True,3.433,0.7082,15,62,5
wav2vec2-medium,phase2,1230,method_1230_counter,counter,4150.0,308.0,45.0253,-1.5259,120.9375,2.4836,True,True,False,0.1618,-0.457,15,61,5
wav2vec2-medium,phase2,1675,method_1675_counter,counter,1600.0,1234.0,4.4968,-1.515,120.875,2.7019,True,True,True,0.9546,0.2461,15,121,4
wav2vec2-medium,phase2,1183,method_1183_counter,counter,1745.0,283.0,31.4922,-1.5048,100.9375,1.432,True,True,True,-0.1712,-1.4133,15,129,4
wav2vec2-medium,phase2,1743,method_1743,regular,1600.0,4150.0,16.5005,-1.5006,160.875,0.8973,True,True,True,-0.0041,-1.6362,15,107,4
wav2vec2-medium,phase2,1747,method_1747,regular,1600.0,5869.0,22.5005,-1.4826,200.875,1.051,True,True,True,0.2567,-1.3635,15,23,5
wav2vec2-medium,phase2,1650,method_1650_counter,counter,7611.0,1037.0,34.508,-1.4818,100.8125,1.9072,True,True,True,0.7092,0.3372,15,158,3
wav2vec2-medium,phase2,1301,method_1301,regular,367.0,4150.0,41.9911,-1.4746,160.75,1.3223,True,True,True,1.2362,-0.0879,15,153,3
wav2vec2-medium,phase2,1145,method_1145_counter,counter,1745.0,259.0,33.0264,-1.4506,100.9375,1.6879,True,True,True,0.1571,-1.0213,15,86,5
wav2vec2-medium,phase2,1318,method_1318_counter,counter,951.0,400.0,14.9933,-1.4432,220.875,0.8242,True,True,True,1.3775,-1.2047,15,87,5
wav2vec2-medium,phase2,1034,method_1034_counter,counter,3805.0,200.0,50.9979,-1.4357,120.875,3.8654,True,True,False,0.8325,0.2661,15,65,5
wav2vec2-medium,phase2,1721,method_1721,regular,1467.0,2934.0,12.0,-1.4347,160.9375,1.2778,True,True,True,0.0495,-1.1189,15,103,4
wav2vec2-medium,phase2,1123,method_1123,regular,238.0,7611.0,59.9886,-1.4171,221.125,1.5033,True,True,True,1.3352,-0.9927,15,63,5
wav2vec2-medium,phase2,1721,method_1721_counter,counter,2934.0,1467.0,12.0,-1.4087,220.9375,0.9517,True,True,False,1.7936,0.1628,15,148,3
wav2vec2-medium,phase2,1230,method_1230,regular,308.0,4150.0,45.0253,-1.4058,181.0625,0.8915,True,True,True,0.8628,-0.8628,15,204,2
wav2vec2-medium,phase2,1766,method_1766,regular,1745.0,6979.0,23.9975,-1.4049,100.9375,0.7048,True,True,True,0.2605,-0.8952,15,7,6
wav2vec2-medium,phase2,1807,method_1807_counter,counter,4935.0,2263.0,13.4978,-1.3753,100.9375,1.097,True,True,True,0.6324,-1.2016,15,188,2
wav2vec2-medium,phase2,1747,method_1747_counter,counter,5869.0,1600.0,22.5005,-1.3662,100.9375,3.8809,True,True,True,0.9436,-0.2079,15,234,1
wav2vec2-medium,phase2,1727,method_1727,regular,1467.0,4935.0,21.0022,-1.3379,160.9375,1.2248,True,True,True,-0.1956,-1.6303,15,32,5
wav2vec2-medium,phase2,1583,method_1583_counter,counter,1345.0,872.0,7.5025,-1.3343,180.875,1.5002,True,True,True,0.8271,-0.2113,15,198,2
wav2vec2-medium,phase2,1746,method_1746,regular,1600.0,5382.0,21.0008,-1.3204,180.875,1.2501,True,True,True,0.6569,-0.5375,15,43,5
wav2vec2-medium,phase2,1400,method_1400_counter,counter,4150.0,476.0,37.4889,-1.3158,120.9375,1.9782,True,True,False,-0.3241,-1.0547,15,116,4
wav2vec2-medium,phase2,1790,method_1790,regular,2075.0,3805.0,10.4974,-1.2836,120.9375,1.7231,True,True,True,0.2151,-0.6645,15,161,3
wav2vec2-medium,phase2,1798,method_1798_counter,counter,7611.0,2075.0,22.4997,-1.2757,200.8125,1.4997,True,True,True,1.978,-0.5048,15,135,3
wav2vec2-medium,phase2,1073,method_1073_counter,counter,3200.0,218.0,46.5081,-1.2696,140.875,0.0,False,False,False,1.7924,0.4007,15,156,3
wav2vec2-medium,phase2,1825,method_1825_counter,counter,7611.0,2468.0,19.4969,-1.2679,100.8125,2.0688,True,True,False,-0.0282,-0.8927,15,144,3
wav2vec2-medium,phase2,1730,method_1730,regular,1467.0,6400.0,25.5024,-1.2579,100.9375,2.0173,True,True,True,1.271,1.0329,15,25,5
wav2vec2-medium,phase2,1066,method_1066_counter,counter,1745.0,218.0,36.0099,-1.2486,100.9375,2.3451,True,True,True,0.5764,-0.3781,15,8,6
wav2vec2-medium,phase2,1273,method_1273,regular,336.0,7611.0,54.0186,-1.2327,160.75,1.1979,True,True,True,0.1807,-1.3503,15,50,5
wav2vec2-medium,phase2,1443,method_1443_counter,counter,872.0,566.0,7.4823,-1.2296,100.9375,2.0639,True,True,True,0.2414,-0.5565,15,123,4
wav2vec2-medium,phase2,1679,method_1679,regular,1234.0,2263.0,10.4987,-1.2079,180.9375,2.0788,True,True,True,0.9584,-0.1841,15,162,3
wav2vec2-medium,phase2,1808,method_1808,regular,2263.0,5382.0,14.9989,-1.2035,120.875,0.7956,True,True,True,0.682,-0.2998,15,73,5
wav2vec2-medium,phase2,1603,method_1603,regular,872.0,7611.0,37.5082,-1.1967,200.9375,2.4414,True,True,True,1.7857,0.2368,15,4,6
wav2vec2-medium,phase2,1418,method_1418_counter,counter,1345.0,519.0,16.4856,-1.194,160.875,1.2932,True,True,True,0.167,-1.8598,15,83,5
wav2vec2-medium,phase2,1848,method_1848_counter,counter,7611.0,2934.0,16.5026,-1.1827,100.8125,2.2186,True,True,True,-0.1396,-0.6793,15,131,3
wav2vec2-medium,phase2,1601,method_1601_counter,counter,6400.0,872.0,34.5081,-1.1803,140.875,1.0588,True,True,True,-0.0343,-1.2083,15,189,2
wav2vec2-medium,phase2,1778,method_1778,regular,1903.0,4935.0,16.4973,-1.1783,120.875,1.4504,True,True,True,0.5633,-0.5737,15,146,3
wav2vec2-medium,phase2,1116,method_1116_counter,counter,4150.0,238.0,49.4889,-1.1718,100.9375,11.8238,True,True,False,-0.0487,-0.2965,15,56,5
wav2vec2-medium,phase2,1794,method_1794,regular,2075.0,5382.0,16.5004,-1.1686,200.9375,1.2477,True,True,True,0.6894,-0.2,15,89,5
wav2vec2-medium,phase2,1383,method_1383_counter,counter,951.0,476.0,11.9818,-1.1654,220.875,0.9603,True,True,True,1.2241,-0.9669,15,84,5
wav2vec2-medium,phase2,1676,method_1676_counter,counter,1745.0,1234.0,5.9986,-1.1544,120.9375,1.9747,True,True,True,0.2376,-0.4521,15,18,5
wav2vec2-medium,phase2,1794,method_1794_counter,counter,5382.0,2075.0,16.5004,-1.1487,100.9375,3.3869,True,True,True,0.2811,-0.5068,15,168,2
wav2vec2-medium,phase2,1387,method_1387_counter,counter,1345.0,476.0,17.9829,-1.1437,160.875,1.0422,True,True,True,0.1896,-1.5623,15,59,5
wav2vec2-medium,phase2,1042,method_1042_counter,counter,7611.0,200.0,63.0002,-1.1309,120.8125,47.9042,True,True,False,0.2026,-0.2026,15,141,3
wav2vec2-medium,phase2,1765,method_1765_counter,counter,6400.0,1745.0,22.4981,-1.128,140.875,0.7732,True,True,False,-0.2035,-1.5068,15,202,2
wav2vec2-medium,phase2,1324,method_1324_counter,counter,1600.0,400.0,24.0,-1.1271,180.875,0.0,False,False,False,0.1817,-0.8583,15,102,4
wav2vec2-medium,phase2,1776,method_1776,regular,1903.0,4150.0,13.498,-1.1012,100.875,1.207,True,True,True,0.518,-0.3113,15,67,5
wav2vec2-medium,phase2,1875,method_1875_counter,counter,7611.0,3805.0,12.0023,-1.1,100.8125,1.7548,True,True,True,-0.0966,-0.7895,15,149,3
wav2vec2-medium,phase2,1266,method_1266,regular,336.0,4150.0,43.5189,-1.0998,160.75,1.2502,True,True,True,0.8589,-0.9357,15,196,2
wav2vec2-medium,phase2,1101,method_1101,regular,238.0,1131.0,26.9828,-1.0777,141.125,1.8212,True,True,True,0.2814,-0.0021,15,77,5
wav2vec2-medium,phase2,1602,method_1602,regular,872.0,6979.0,36.0074,-1.0758,180.9375,1.1119,True,True,True,1.0044,-0.4001,15,122,4
wav2vec2-medium,phase2,1401,method_1401_counter,counter,4525.0,476.0,38.9866,-1.0692,100.875,2.1496,True,True,False,-0.2854,-1.5683,15,81,5
wav2vec2-medium,phase2,1746,method_1746_counter,counter,5382.0,1600.0,21.0008,-1.069,120.9375,3.5065,True,True,False,-0.4119,-1.0183,15,163,3
wav2vec2-medium,phase2,1318,method_1318,regular,400.0,951.0,14.9933,-1.0673,120.8125,2.1763,True,True,True,1.2141,0.2577,15,187,2
wav2vec2-medium,phase2,1193,method_1193_counter,counter,4150.0,283.0,46.4908,-1.0667,100.9375,5.5539,True,True,False,0.058,-0.3792,15,60,5
wav2vec2-medium,phase2,1145,method_1145,regular,259.0,1745.0,33.0264,-1.0653,161.125,0.6313,True,True,True,0.4767,-0.385,15,203,2
wav2vec2-medium,phase2,1809,method_1809,regular,2263.0,5869.0,16.4985,-1.057,120.875,1.2973,True,True,True,0.5351,0.054,15,9,6
wav2vec2-medium,phase2,1105,method_1105,regular,238.0,1600.0,32.9885,-1.055,221.125,0.8144,True,True,True,0.7669,-0.7622,15,210,2
wav2vec2-medium,phase2,1796,method_1796_counter,counter,6400.0,2075.0,19.4995,-1.0545,220.875,0.8628,True,True,True,-0.355,-1.553,15,240,1
wav2vec2-medium,phase2,1024,method_1024,regular,200.0,1600.0,36.0,-1.0527,221.125,1.4172,True,True,True,1.1437,-0.2824,15,200,2
wav2vec2-medium,phase2,1193,method_1193,regular,283.0,4150.0,46.4908,-1.0428,201.0625,2.0218,True,True,True,1.1029,-0.743,15,186,2
wav2vec2-medium,phase2,1636,method_1636,regular,1037.0,2263.0,13.5098,-1.0395,160.875,1.3301,True,True,True,0.9999,-0.1833,15,127,4
wav2vec2-medium,phase2,1387,method_1387,regular,476.0,1345.0,17.9829,-1.0307,220.9375,1.0472,True,True,True,2.1648,0.4354,15,140,3
wav2vec2-medium,phase2,1684,method_1684,regular,1234.0,3490.0,17.9986,-1.021,160.9375,1.6445,True,True,True,0.8393,-0.287,15,185,2
wav2vec2-medium,phase2,1880,method_1880_counter,counter,6400.0,4150.0,7.4995,-1.0056,140.875,1.3703,True,True,True,1.337,0.7165,15,243,1
wav2vec2-medium,phase2,1764,method_1764,regular,1745.0,5869.0,20.9987,-1.0014,100.9375,0.5896,True,True,True,-0.2711,-1.6032,15,38,5
wav2vec2-medium,phase2,1557,method_1557,regular,800.0,1234.0,7.5032,-1.0005,100.9375,1.7779,True,True,False,-0.2651,-1.2415,15,53,5
wav2vec2-medium,phase2,1552,method_1552_counter,counter,7611.0,734.0,40.4908,-0.9997,200.8125,0.8112,True,True,True,0.7038,-0.2212,15,154,3
wav2vec2-medium,phase2,1613,method_1613_counter,counter,2263.0,951.0,15.0086,-0.9989,200.875,2.158,True,True,False,1.2985,-0.3104,15,151,3
wav2vec2-medium,phase2,1504,method_1504,regular,673.0,1234.0,10.496,-0.9944,120.8125,1.1561,True,True,True,0.2186,-0.6366,15,55,5
wav2vec2-medium,phase2,1627,method_1627_counter,counter,7611.0,951.0,36.0068,-0.9888,100.8125,1.2777,True,True,True,0.0592,-0.4127,15,213,2
wav2vec2-medium,phase2,1551,method_1551,regular,734.0,6979.0,38.99,-0.9744,180.875,2.5276,True,True,True,1.323,-0.736,15,125,4
wav2vec2-medium,phase2,1776,method_1776_counter,counter,4150.0,1903.0,13.498,-0.9726,100.9375,3.3631,True,True,True,0.5941,-0.1814,15,134,3
wav2vec2-medium,phase2,1875,method_1875,regular,3805.0,7611.0,12.0023,-0.951,200.875,2.5996,True,True,False,0.7486,-1.1356,15,46,5
wav2vec2-medium,phase2,1382,method_1382,regular,476.0,872.0,10.4804,-0.9476,120.9375,2.9838,True,True,True,1.1865,1.1065,15,183,2
wav2vec2-medium,phase2,1767,method_1767_counter,counter,7611.0,1745.0,25.4983,-0.9436,200.8125,2.1354,True,True,True,1.4848,-0.2082,15,139,3
wav2vec2-medium,phase2,1432,method_1432_counter,counter,4525.0,519.0,37.4893,-0.9431,120.875,2.1907,True,True,False,-0.0854,-1.0485,15,90,5
wav2vec2-medium,phase2,1720,method_1720_counter,counter,2691.0,1467.0,10.5033,-0.9395,200.875,0.303,False,False,False,-0.0284,-1.1738,15,207,2
wav2vec2-medium,phase2,1762,method_1762_counter,counter,4935.0,1745.0,17.9979,-0.9383,100.9375,3.8755,True,True,False,0.8312,-0.6305,15,244,1
wav2vec2-medium,phase2,1042,method_1042,regular,200.0,7611.0,63.0002,-0.9322,221.125,2.1889,True,True,True,1.3618,-0.416,15,74,5
wav2vec2-medium,phase2,1032,method_1032,regular,200.0,3200.0,48.0,-0.9279,221.125,5.105,True,True,False,1.4569,0.7446,15,49,5
wav2vec2-medium,phase2,1123,method_1123_counter,counter,7611.0,238.0,59.9886,-0.9088,100.8125,262.3241,True,True,False,-0.0549,-0.4337,15,205,2
wav2vec2-medium,phase2,1793,method_1793,regular,2075.0,4935.0,14.9993,-0.9079,120.9375,1.1891,True,True,True,0.1238,-0.6451,15,91,5
wav2vec2-medium,phase2,1323,method_1323,regular,400.0,1467.0,22.4976,-0.9015,220.8125,2.585,True,True,True,2.2966,0.6468,15,178,2
wav2vec2-medium,phase2,1718,method_1718_counter,counter,2263.0,1467.0,7.5044,-0.8898,120.875,0.0,False,False,False,0.9174,0.3458,15,117,4
wav2vec2-medium,phase2,1601,method_1601,regular,872.0,6400.0,34.5081,-0.8762,100.9375,0.0,False,False,False,0.26,0.2433,15,96,4
wav2vec2-medium,phase2,1812,method_1812_counter,counter,7611.0,2263.0,20.9982,-0.874,100.8125,0.905,True,True,False,0.7772,-1.2612,15,136,3
wav2vec2-medium,phase2,1174,method_1174_counter,counter,800.0,283.0,17.9904,-0.8705,100.9375,1.3406,True,True,True,-0.1973,-0.9115,15,76,5
wav2vec2-medium,phase2,1144,method_1144,regular,259.0,1600.0,31.5246,-0.8622,181.125,0.3749,False,False,False,0.0665,-0.643,15,238,1
wav2vec2-medium,phase2,1810,method_1810_counter,counter,6400.0,2263.0,17.998,-0.8513,140.875,0.8318,True,True,False,-0.417,-1.9862,15,246,1
wav2vec2-medium,phase2,1748,method_1748,regular,1600.0,6400.0,24.0,-0.8382,180.875,0.0,False,False,False,1.0943,0.7656,15,97,4
wav2vec2-medium,phase2,1763,method_1763_counter,counter,5382.0,1745.0,19.499,-0.829,120.9375,0.0,False,False,False,0.1275,0.3273,15,228,1
wav2vec2-medium,phase2,1200,method_1200_counter,counter,7611.0,283.0,56.9905,-0.8239,120.8125,9.1622,True,True,False,-0.6799,-0.6805,15,214,2
wav2vec2-medium,phase2,1713,method_1713_counter,counter,7611.0,1345.0,30.0058,-0.8216,200.8125,1.2361,True,True,True,0.5184,-0.4235,15,126,4
wav2vec2-medium,phase2,1790,method_1790_counter,counter,3805.0,2075.0,10.4974,-0.8089,100.875,1.2172,True,True,True,0.308,-0.6349,15,85,5
wav2vec2-medium,phase2,1557,method_1557_counter,counter,1234.0,800.0,7.5032,-0.806,140.9375,2.6417,True,True,True,0.5139,-0.203,15,208,2
wav2vec2-medium,phase2,1073,method_1073,regular,218.0,3200.0,46.5081,-0.8015,221.125,15.1386,True,True,False,1.3819,0.6657,15,110,4
wav2vec2-medium,phase2,1504,method_1504_counter,counter,1234.0,673.0,10.496,-0.8012,140.9375,2.2227,True,True,True,0.2559,-0.1698,15,209,2
wav2vec2-medium,phase2,1200,method_1200,regular,283.0,7611.0,56.9905,-0.7045,201.0625,2.3601,False,True,True,0.5882,-0.5549,15,57,5
wav2vec2-medium,phase2,1323,method_1323_counter,counter,1467.0,400.0,22.4976,-0.7008,100.9375,1.5044,False,True,True,-0.3422,-1.2537,15,150,3
wav2vec2-medium,phase2,1578,method_1578_counter,counter,7611.0,800.0,39.0002,-0.7002,220.8125,0.7502,False,True,True,1.249,-0.6499,15,227,1
wav2vec2-medium,phase2,1767,method_1767,regular,1745.0,7611.0,25.4983,-0.6785,100.9375,0.7033,False,True,True,-0.1296,-1.2592,15,94,4
wav2vec2-medium,phase2,1183,method_1183,regular,283.0,1745.0,31.4922,-0.6774,161.0625,1.7345,False,True,True,0.2503,-0.0893,15,175,2
wav2vec2-medium,phase2,1577,method_1577_counter,counter,6979.0,800.0,37.4994,-0.6772,220.875,-0.472,False,False,False,-0.4978,-1.505,15,215,1
wav2vec2-medium,phase2,1807,method_1807,regular,2263.0,4935.0,13.4978,-0.6756,200.875,2.3788,False,True,True,0.7625,-0.461,15,42,5
wav2vec2-medium,phase2,1619,method_1619_counter,counter,3805.0,951.0,24.0046,-0.6728,140.875,3.3622,False,True,False,0.034,-0.8457,15,194,2
wav2vec2-medium,phase2,1708,method_1708_counter,counter,4935.0,1345.0,22.5053,-0.665,120.9375,0.0,False,False,False,-0.2134,-1.1491,15,220,1
wav2vec2-medium,phase2,1565,method_1565,regular,800.0,2468.0,19.5032,-0.6514,180.9375,1.0664,False,True,True,0.1389,-1.1986,15,98,4
wav2vec2-medium,phase2,1382,method_1382_counter,counter,872.0,476.0,10.4804,-0.647,100.9375,2.2114,False,True,True,-0.2004,-1.0031,15,130,4
wav2vec2-medium,phase2,1882,method_1882_counter,counter,7611.0,4150.0,10.4997,-0.6205,200.8125,2.0939,False,True,True,1.242,-0.3397,15,165,2
wav2vec2-medium,phase2,1155,method_1155_counter,counter,4150.0,259.0,48.025,-0.6107,100.9375,14.6721,False,True,False,-0.2458,-0.6166,15,112,4
wav2vec2-medium,phase2,1791,method_1791,regular,2075.0,4150.0,12.0,-0.5873,200.9375,1.1351,False,True,False,0.1082,-0.7435,15,211,2
wav2vec2-medium,phase2,1729,method_1729_counter,counter,5869.0,1467.0,24.003,-0.5693,220.9375,1.0087,False,True,False,1.2837,-0.0575,15,224,1
wav2vec2-medium,phase2,1793,method_1793_counter,counter,4935.0,2075.0,14.9993,-0.5655,100.9375,1.5709,False,True,False,0.2723,-1.7477,15,254,0
wav2vec2-medium,phase2,1739,method_1739_counter,counter,2934.0,1600.0,10.4976,-0.5197,220.9375,10.4713,False,True,False,1.5921,0.2132,15,191,2
wav2vec2-medium,phase2,1730,method_1730_counter,counter,6400.0,1467.0,25.5024,-0.4707,140.875,2.0417,False,True,False,-0.062,-0.6385,15,231,1
wav2vec2-medium,phase2,1587,method_1587,regular,872.0,1903.0,13.5105,-0.4345,200.9375,4.4273,False,True,True,0.2961,-0.1232,15,152,3
wav2vec2-medium,phase2,1273,method_1273_counter,counter,7611.0,336.0,54.0186,-0.4268,100.8125,4.6326,False,True,False,-0.6931,-1.0861,15,250,0
wav2vec2-medium,phase2,1843,method_1843_counter,counter,4935.0,2934.0,9.0022,-0.412,100.9375,3.4417,False,True,True,0.1758,-0.4637,15,239,1
wav2vec2-medium,phase2,1710,method_1710_counter,counter,5869.0,1345.0,25.5061,-0.3988,220.9375,0.2536,False,False,False,0.7465,-0.6233,15,218,1
wav2vec2-medium,phase2,1881,method_1881_counter,counter,6979.0,4150.0,8.9989,-0.3373,160.875,1.0478,False,True,True,-0.0775,-0.6086,15,233,1
wav2vec2-medium,phase2,1587,method_1587_counter,counter,1903.0,872.0,13.5105,-0.3352,180.875,8.876,False,True,False,0.4039,0.5852,15,237,1
wav2vec2-medium,phase2,1743,method_1743_counter,counter,4150.0,1600.0,16.5005,-0.3347,100.9375,0.0,False,False,False,0.2682,-0.6352,15,192,2
wav2vec2-medium,phase2,1626,method_1626_counter,counter,6979.0,951.0,34.506,-0.3297,100.875,2.4696,False,True,False,-0.8469,-1.4873,15,225,1
wav2vec2-medium,phase2,1603,method_1603_counter,counter,7611.0,872.0,37.5082,-0.3296,100.8125,1.3232,False,True,True,-0.4412,-0.9491,15,242,1
wav2vec2-medium,phase2,1750,method_1750_counter,counter,7611.0,1600.0,27.0002,-0.2457,100.8125,0.0,False,False,False,0.6371,-0.9655,15,164,2
wav2vec2-medium,phase2,1748,method_1748_counter,counter,6400.0,1600.0,24.0,-0.2034,140.875,1.0949,False,True,True,-0.329,-1.0957,15,232,1
wav2vec2-medium,phase2,1755,method_1755_counter,counter,2691.0,1745.0,7.499,-0.1944,220.875,1.7697,False,True,False,-0.4416,-0.982,15,247,1
wav2vec2-medium,phase2,1675,method_1675,regular,1234.0,1600.0,4.4968,-0.1441,180.9375,4.3801,False,True,False,0.0497,-1.2969,15,251,0
wav2vec2-medium,phase2,1136,method_1136,regular,259.0,800.0,19.5246,-0.1011,161.125,4.381,False,True,True,0.1429,0.4093,15,190,2
wav2vec2-medium,phase2,1551,method_1551_counter,counter,6979.0,734.0,38.99,-0.0895,160.875,1.3011,False,True,False,-0.9779,-1.6494,15,217,1
wav2vec2-medium,phase2,1712,method_1712_counter,counter,6979.0,1345.0,28.505,-0.0831,220.875,-3.5408,False,False,False,-0.9816,-1.578,15,193,2
wav2vec2-medium,phase2,1174,method_1174,regular,283.0,800.0,17.9904,-0.0645,141.0625,4.8614,False,True,True,0.0074,0.8048,15,138,3
wav2vec2-medium,phase2,1614,method_1614_counter,counter,2468.0,951.0,16.5099,-0.0235,220.9375,-1.5,False,False,False,-0.7673,-0.9706,15,241,1
wav2vec2-medium,phase2,1565,method_1565_counter,counter,2468.0,800.0,19.5032,0.0254,120.9375,0.0,False,False,False,-0.7224,-1.1541,15,206,2
wav2vec2-medium,phase2,1649,method_1649_counter,counter,6979.0,1037.0,33.0073,0.0387,100.875,3.0827,False,True,True,-0.8123,-1.3149,15,184,2
wav2vec2-medium,phase2,1443,method_1443,regular,566.0,872.0,7.4823,0.0485,121.0,8.3295,False,True,True,0.1791,-0.0139,15,157,3
wav2vec2-medium,phase2,1518,method_1518,regular,673.0,4150.0,31.4932,0.0984,160.8125,4.0432,False,True,True,0.46,-0.3073,15,236,1
wav2vec2-medium,phase2,1874,method_1874_counter,counter,6979.0,3805.0,10.5015,0.1161,120.875,2.6748,False,True,False,-1.1136,-1.5966,15,226,1
wav2vec2-medium,phase2,1684,method_1684_counter,counter,3490.0,1234.0,17.9986,0.1201,100.875,4.4026,False,True,False,-0.7233,-1.3622,15,155,3
wav2vec2-medium,phase2,1825,method_1825,regular,2468.0,7611.0,19.4969,0.1709,120.9375,3.6382,False,True,True,-0.4267,-1.0981,15,21,5
wav2vec2-medium,phase2,1797,method_1797_counter,counter,6979.0,2075.0,20.9989,0.1835,100.875,1.4291,False,True,True,-0.3893,-0.8191,15,223,1
wav2vec2-medium,phase2,1764,method_1764_counter,counter,5869.0,1745.0,20.9987,0.3534,220.9375,0.0,False,False,False,1.1723,0.1218,15,252,0
wav2vec2-medium,phase2,1738,method_1738_counter,counter,2691.0,1600.0,9.0008,0.3547,200.875,0.0,False,False,False,-0.0928,-1.3266,15,245,1
wav2vec2-medium,phase2,1101,method_1101_counter,counter,1131.0,238.0,26.9828,0.3683,100.9375,5.5962,False,True,False,-0.7097,-0.9673,15,159,3
wav2vec2-medium,phase2,1766,method_1766_counter,counter,6979.0,1745.0,23.9975,0.3879,100.875,0.0,False,False,False,-0.336,-0.5105,15,253,0
wav2vec2-medium,phase2,1709,method_1709_counter,counter,5382.0,1345.0,24.0064,0.4533,220.9375,0.0,False,False,False,-0.8988,-0.6278,15,174,2
wav2vec2-medium,phase2,1602,method_1602_counter,counter,6979.0,872.0,36.0074,0.5254,100.875,1.7132,False,True,False,-1.2245,-1.89,15,222,1
wav2vec2-medium,phase2,1754,method_1754_counter,counter,2468.0,1745.0,6.0014,0.5486,100.9375,0.0,False,False,False,-0.1983,0.0249,15,212,2
wav2vec2-medium,phase2,1677,method_1677,regular,1234.0,1903.0,7.4992,0.7209,160.9375,10.1931,False,True,False,0.2629,-1.699,15,249,1
wav2vec2-medium,phase2,1676,method_1676,regular,1234.0,1745.0,5.9986,0.7263,180.9375,0.0,False,False,False,0.0678,-1.5057,15,235,1
wav2vec2-medium,phase2,1737,method_1737_counter,counter,2468.0,1600.0,7.5032,0.8305,100.9375,0.0,False,False,False,-0.2348,-0.6298,15,248,1
wav2vec2-medium,phase2,1749,method_1749_counter,counter,6979.0,1600.0,25.4994,0.9388,120.875,0.0,False,False,False,-1.2929,-1.2171,15,230,1
wav2vec2-medium,phase2,1887,method_1887_counter,counter,6979.0,4525.0,7.5012,1.368,100.875,18.0277,False,True,False,-1.146,-0.9886,15,199,2
whisper-base,literature,19,method_19_counter,counter,1850.0,1000.0,10.6503,-1.3437,120.9375,2.7801,True,True,True,-0.0584,-0.5568,15,3,4
whisper-base,literature,17,method_17_counter,counter,1850.0,1000.0,10.6503,-1.3396,120.9375,2.8096,True,True,True,-0.0548,-0.5384,15,4,4
whisper-base,literature,18,method_18_counter,counter,1850.0,1000.0,10.6503,-1.3391,120.9375,2.8004,True,True,True,-0.0572,-0.5443,15,5,4
whisper-base,literature,18,method_18,regular,1000.0,1850.0,10.6503,-1.259,180.875,1.4701,True,True,True,0.9001,-1.1794,15,11,3
whisper-base,literature,19,method_19,regular,1000.0,1850.0,10.6503,-1.2588,180.875,1.4643,True,True,True,0.8943,-1.1762,15,13,3
whisper-base,literature,17,method_17,regular,1000.0,1850.0,10.6503,-1.2512,180.875,1.4734,True,True,True,0.9004,-1.1827,15,10,3
whisper-base,literature,55,method_55,regular,1000.0,2000.0,12.0,-1.2348,100.875,1.7971,True,True,True,0.2575,-0.1403,15,19,3
whisper-base,literature,60,method_60_counter,counter,1500.0,1000.0,7.0196,-1.0172,120.9375,1.3771,True,True,True,0.4332,-0.6299,15,9,3
whisper-base,literature,21,method_21,regular,1000.0,1850.0,10.6503,-0.9052,100.875,1.841,True,True,True,0.2238,-0.464,15,2,5
whisper-base,literature,20,method_20,regular,1000.0,1850.0,10.6503,-0.9026,100.875,1.8506,True,True,True,0.222,-0.4648,15,1,5
whisper-base,literature,12,method_12_counter,counter,1200.0,1000.0,3.1564,-0.8049,120.9375,1.2322,True,True,True,0.398,0.1485,15,37,2
whisper-base,literature,33,method_33,regular,1000.0,1200.0,3.1564,-0.7888,180.875,1.9046,True,True,True,0.7888,0.3724,15,36,2
whisper-base,literature,55,method_55_counter,counter,2000.0,1000.0,12.0,-0.7746,220.9375,1.4968,True,True,True,1.0658,-0.4943,15,15,3
whisper-base,literature,31,method_31_counter,counter,1200.0,1000.0,3.1564,-0.7167,140.9375,1.464,False,True,True,0.2451,-0.0071,15,23,3
whisper-base,literature,32,method_32_counter,counter,1200.0,1000.0,3.1564,-0.7142,140.9375,1.4622,False,True,True,0.2442,-0.0085,15,25,3
whisper-base,literature,28,method_28_counter,counter,1200.0,1000.0,3.1564,-0.7136,140.9375,1.4625,False,True,True,0.2442,-0.0081,15,24,3
whisper-base,literature,30,method_30_counter,counter,1200.0,1000.0,3.1564,-0.7123,140.9375,1.4614,False,True,True,0.2415,-0.0102,15,20,3
whisper-base,literature,29,method_29_counter,counter,1200.0,1000.0,3.1564,-0.7059,140.9375,1.4642,False,True,True,0.2403,-0.0087,15,21,3
whisper-base,literature,72,method_72,regular,1000.0,1200.0,3.1564,-0.6859,100.875,2.328,False,True,True,0.0626,-0.4158,15,8,4
whisper-base,literature,75,method_75,regular,1000.0,1200.0,3.1564,-0.6819,100.875,2.3307,False,True,True,0.0607,-0.4141,15,7,4
whisper-base,literature,53,method_53_counter,counter,1200.0,1000.0,3.1564,-0.6604,160.9375,1.5428,False,True,True,0.1635,-0.1584,15,12,3
whisper-base,literature,44,method_44_counter,counter,1000.0,633.0,7.9167,-0.6465,110.875,1.9425,False,True,True,0.0524,-0.3768,15,27,2
whisper-base,literature,43,method_43_counter,counter,700.0,633.0,1.7418,-0.5686,110.875,0.9847,False,True,True,0.1151,-0.0681,15,48,0
whisper-base,literature,20,method_20_counter,counter,1850.0,1000.0,10.6503,-0.4818,220.9375,1.9277,False,True,True,0.5298,-0.3583,15,17,3
whisper-base,literature,21,method_21_counter,counter,1850.0,1000.0,10.6503,-0.4811,220.9375,1.9205,False,True,True,0.5224,-0.3602,15,16,3
whisper-base,literature,12,method_12,regular,1000.0,1200.0,3.1564,-0.4362,180.875,1.7743,False,True,True,0.1332,-0.5686,15,40,2
whisper-base,literature,53,method_53,regular,1000.0,1200.0,3.1564,-0.4155,100.875,2.3082,False,True,True,0.0612,-0.1631,15,34,2
whisper-base,literature,10,method_10_counter,counter,1122.0,1000.0,1.9929,-0.387,140.9375,1.0536,False,True,True,0.4579,-0.1427,15,44,1
whisper-base,literature,9,method_9_counter,counter,1000.0,600.0,8.8436,-0.3718,150.875,2.82,False,True,True,0.1149,0.1465,15,38,2
whisper-base,literature,74,method_74_counter,counter,1500.0,1000.0,7.0196,-0.3669,220.9375,0.7145,False,True,True,0.0273,-0.5899,15,39,2
whisper-base,literature,37,method_37,regular,1000.0,1050.0,0.8447,-0.3054,220.875,0.8858,False,True,False,-0.0678,-0.4014,15,41,2
whisper-base,literature,32,method_32,regular,1000.0,1200.0,3.1564,-0.2149,160.875,2.9217,False,True,True,0.1825,-0.1179,15,32,2
whisper-base,literature,31,method_31,regular,1000.0,1200.0,3.1564,-0.2142,160.875,2.9766,False,True,True,0.1842,-0.1099,15,28,2
whisper-base,literature,29,method_29,regular,1000.0,1200.0,3.1564,-0.2103,160.875,2.9724,False,True,True,0.1762,-0.1255,15,30,2
whisper-base,literature,28,method_28,regular,1000.0,1200.0,3.1564,-0.21,160.875,3.0262,False,True,True,0.1795,-0.1148,15,29,2
whisper-base,literature,30,method_30,regular,1000.0,1200.0,3.1564,-0.2091,160.875,3.0412,False,True,True,0.1791,-0.1165,15,31,2
whisper-base,literature,27,method_27_counter,counter,1064.0,1000.0,1.074,-0.1869,140.875,1.8119,False,True,True,0.236,0.0442,15,45,1
whisper-base,literature,10,method_10,regular,1000.0,1122.0,1.9929,-0.1436,220.875,0.0,False,False,False,-0.3397,-0.5269,15,42,2
whisper-base,literature,37,method_37_counter,counter,1050.0,1000.0,0.8447,-0.057,180.875,1.9827,False,True,True,0.2339,0.1389,15,43,2
whisper-base,literature,72,method_72_counter,counter,1200.0,1000.0,3.1564,-0.0296,120.9375,1.7747,False,True,False,0.2352,-0.4269,15,47,1
whisper-base,literature,75,method_75_counter,counter,1200.0,1000.0,3.1564,-0.0271,120.9375,1.7852,False,True,False,0.2326,-0.4273,15,46,1
whisper-base,literature,27,method_27,regular,1000.0,1064.0,1.074,0.0413,220.875,0.0,False,False,False,-0.1511,-0.1842,15,35,2
whisper-base,literature,74,method_74,regular,1000.0,1500.0,7.0196,0.0487,100.875,37.6149,False,True,True,0.2874,0.4893,15,22,3
whisper-base,literature,43,method_43,regular,633.0,700.0,1.7418,0.067,170.875,0.0,False,False,False,-0.083,-0.0432,15,26,2
whisper-base,literature,60,method_60,regular,1000.0,1500.0,7.0196,0.1021,220.875,0.0,False,False,False,-0.1459,0.1626,15,6,4
whisper-base,literature,44,method_44,regular,633.0,1000.0,7.9167,0.3184,230.875,0.0,False,False,False,0.0513,-0.043,15,18,3
whisper-base,literature,33,method_33_counter,counter,1200.0,1000.0,3.1564,0.3648,220.9375,0.6559,False,True,False,-0.6826,-0.3253,15,33,2
whisper-base,literature,9,method_9,regular,600.0,1000.0,8.8436,0.387,111.0,0.0,False,False,False,-0.2573,-0.1108,15,14,3
whisper-base,phase2,1750,method_1750,regular,1600.0,7611.0,27.0002,-2.6459,120.875,0.754,True,True,True,1.1645,-0.5791,15,2,6
whisper-base,phase2,1042,method_1042,regular,200.0,7611.0,63.0002,-2.3933,141.125,0.7568,True,True,True,1.4725,0.0089,15,74,5
whisper-base,phase2,1767,method_1767,regular,1745.0,7611.0,25.4983,-2.3932,140.9375,0.7119,True,True,True,1.3311,-0.2667,15,94,4
whisper-base,phase2,1713,method_1713,regular,1345.0,7611.0,30.0058,-2.3782,140.875,0.7222,True,True,True,1.3684,0.0909,15,93,4
whisper-base,phase2,1783,method_1783,regular,1903.0,7611.0,23.9977,-2.2366,140.875,0.57,True,True,True,1.1775,-0.4929,15,29,5
whisper-base,phase2,1603,method_1603,regular,872.0,7611.0,37.5082,-2.1658,120.9375,0.6832,True,True,True,1.4711,0.4704,15,4,6
whisper-base,phase2,1578,method_1578,regular,800.0,7611.0,39.0002,-2.1648,120.9375,0.8308,True,True,True,1.3488,0.3011,15,24,5
whisper-base,phase2,1875,method_1875,regular,3805.0,7611.0,12.0023,-2.1626,100.875,0.8304,True,True,True,1.5928,0.6554,15,46,5
whisper-base,phase2,1744,method_1744,regular,1600.0,4525.0,17.9982,-2.0534,120.875,0.9698,True,True,True,0.4104,-0.9995,15,45,5
whisper-base,phase2,1747,method_1747,regular,1600.0,5869.0,22.5005,-2.0249,120.875,1.1492,True,True,True,0.5497,-0.4252,15,23,5
whisper-base,phase2,1746,method_1746,regular,1600.0,5382.0,21.0008,-1.9727,120.875,1.2109,True,True,True,0.5128,-0.448,15,43,5
whisper-base,phase2,1749,method_1749,regular,1600.0,6979.0,25.4994,-1.9625,120.875,1.0715,True,True,True,0.5545,-0.6724,15,101,4
whisper-base,phase2,1745,method_1745,regular,1600.0,4935.0,19.4997,-1.9501,120.875,1.1507,True,True,True,0.5442,-0.7005,15,17,5
whisper-base,phase2,1324,method_1324_counter,counter,1600.0,400.0,24.0,-1.9396,100.875,1.2223,True,True,True,0.8836,-0.1947,15,102,4
whisper-base,phase2,1798,method_1798,regular,2075.0,7611.0,22.4997,-1.8839,120.9375,0.6689,True,True,True,1.001,-0.1677,15,33,5
whisper-base,phase2,1323,method_1323_counter,counter,1467.0,400.0,22.4976,-1.8758,100.9375,1.0867,True,True,True,1.0551,0.2104,15,150,3
whisper-base,phase2,1729,method_1729,regular,1467.0,5869.0,24.003,-1.8593,120.9375,1.0393,True,True,True,0.7044,-0.1476,15,26,5
whisper-base,phase2,1727,method_1727,regular,1467.0,4935.0,21.0022,-1.8577,140.9375,0.9779,True,True,True,0.5566,-0.4261,15,32,5
whisper-base,phase2,1748,method_1748,regular,1600.0,6400.0,24.0,-1.8343,120.875,1.0253,True,True,True,0.5798,-0.3821,15,97,4
whisper-base,phase2,1708,method_1708,regular,1345.0,4935.0,22.5053,-1.8248,140.875,1.0826,True,True,True,0.6256,-0.1793,15,47,5
whisper-base,phase2,1400,method_1400_counter,counter,4150.0,476.0,37.4889,-1.8216,100.9375,1.3806,True,True,True,1.3511,0.7263,15,116,4
whisper-base,phase2,1762,method_1762,regular,1745.0,4935.0,17.9979,-1.8184,140.9375,1.2918,True,True,True,0.6518,-0.3863,15,12,5
whisper-base,phase2,1627,method_1627,regular,951.0,7611.0,36.0068,-1.7866,120.875,0.7683,True,True,True,1.3173,0.4843,15,3,6
whisper-base,phase2,1123,method_1123,regular,238.0,7611.0,59.9886,-1.7606,141.125,0.7059,True,True,True,1.3557,0.1246,15,63,5
whisper-base,phase2,1418,method_1418_counter,counter,1345.0,519.0,16.4856,-1.7064,100.875,1.532,True,True,True,0.9851,0.1876,15,83,5
whisper-base,phase2,1710,method_1710,regular,1345.0,5869.0,25.5061,-1.7016,120.875,0.9846,True,True,True,0.7769,0.0402,15,16,5
whisper-base,phase2,1301,method_1301_counter,counter,4150.0,367.0,41.9911,-1.6887,100.9375,0.984,True,True,True,1.1596,0.7335,15,54,5
whisper-base,phase2,1778,method_1778,regular,1903.0,4935.0,16.4973,-1.6842,140.875,1.0495,True,True,True,0.4865,-0.6665,15,146,3
whisper-base,phase2,1387,method_1387_counter,counter,1345.0,476.0,17.9829,-1.6784,140.875,1.7392,True,True,True,1.0258,0.307,15,59,5
whisper-base,phase2,1709,method_1709,regular,1345.0,5382.0,24.0064,-1.675,120.875,0.9914,True,True,True,0.7391,0.0144,15,72,5
whisper-base,phase2,1730,method_1730,regular,1467.0,6400.0,25.5024,-1.6707,120.9375,0.8348,True,True,True,0.7321,-0.1152,15,25,5
whisper-base,phase2,1874,method_1874,regular,3805.0,6979.0,10.5015,-1.6507,100.875,1.2265,True,True,True,0.9838,0.304,15,52,5
whisper-base,phase2,1552,method_1552,regular,734.0,7611.0,40.4908,-1.65,120.875,0.4296,False,False,True,1.2049,0.1862,15,104,4
whisper-base,phase2,1712,method_1712,regular,1345.0,6979.0,28.505,-1.6417,120.875,0.752,True,True,True,0.77,-0.114,15,41,5
whisper-base,phase2,1848,method_1848,regular,2934.0,7611.0,16.5026,-1.6228,120.9375,0.4008,False,False,True,1.3294,0.2363,15,106,4
whisper-base,phase2,1355,method_1355_counter,counter,1345.0,436.0,19.5025,-1.6186,140.875,1.7146,True,True,True,1.1004,0.3956,15,69,5
whisper-base,phase2,1763,method_1763,regular,1745.0,5382.0,19.499,-1.6082,140.9375,1.3816,True,True,True,0.5319,-0.1461,15,70,5
whisper-base,phase2,1577,method_1577,regular,800.0,6979.0,37.4994,-1.5953,100.9375,1.0898,True,True,True,0.8097,0.1747,15,113,4
whisper-base,phase2,1764,method_1764,regular,1745.0,5869.0,20.9987,-1.5882,140.9375,1.4021,True,True,True,0.5474,-0.1508,15,38,5
whisper-base,phase2,1766,method_1766,regular,1745.0,6979.0,23.9975,-1.5565,140.9375,1.0868,True,True,True,0.6339,-0.2733,15,7,6
whisper-base,phase2,1882,method_1882,regular,4150.0,7611.0,10.4997,-1.5443,100.9375,0.7391,True,True,True,1.3037,0.8536,15,5,6
whisper-base,phase2,1765,method_1765,regular,1745.0,6400.0,22.4981,-1.5425,140.9375,1.258,True,True,True,0.6769,-0.1247,15,11,5
whisper-base,phase2,1382,method_1382_counter,counter,872.0,476.0,10.4804,-1.5371,100.9375,0.9285,True,True,True,1.0786,0.4656,15,130,4
whisper-base,phase2,1266,method_1266_counter,counter,4150.0,336.0,43.5189,-1.5271,100.9375,1.0807,True,True,True,0.9529,0.6135,15,39,5
whisper-base,phase2,1200,method_1200,regular,283.0,7611.0,56.9905,-1.49,141.0625,0.7027,True,True,True,1.2249,0.468,15,57,5
whisper-base,phase2,1144,method_1144_counter,counter,1600.0,259.0,31.5246,-1.4884,100.875,1.4237,True,True,True,0.4757,-0.624,15,37,5
whisper-base,phase2,1602,method_1602,regular,872.0,6979.0,36.0074,-1.4825,100.9375,1.0778,True,True,True,0.8467,0.2942,15,122,4
whisper-base,phase2,1825,method_1825,regular,2468.0,7611.0,19.4969,-1.4573,120.9375,0.521,True,True,True,0.9342,-0.0461,15,21,5
whisper-base,phase2,1105,method_1105_counter,counter,1600.0,238.0,32.9885,-1.4349,100.875,1.6443,True,True,True,0.5749,-0.5091,15,95,4
whisper-base,phase2,1743,method_1743,regular,1600.0,4150.0,16.5005,-1.4129,120.875,1.0016,True,True,True,-0.0134,-1.2218,15,107,4
whisper-base,phase2,1794,method_1794,regular,2075.0,5382.0,16.5004,-1.395,120.9375,1.1468,True,True,True,0.4921,-0.1369,15,89,5
whisper-base,phase2,1443,method_1443_counter,counter,872.0,566.0,7.4823,-1.3879,100.9375,1.1462,True,True,True,0.789,0.3361,15,123,4
whisper-base,phase2,1601,method_1601,regular,872.0,6400.0,34.5081,-1.3862,120.9375,0.9814,True,True,True,0.7999,0.4016,15,96,4
whisper-base,phase2,1487,method_1487_counter,counter,3200.0,617.0,28.4968,-1.3816,200.875,1.0245,True,True,True,0.8293,-0.1314,15,177,2
whisper-base,phase2,1718,method_1718,regular,1467.0,2263.0,7.5044,-1.3803,100.9375,1.33,True,True,True,0.5208,0.1292,15,68,5
whisper-base,phase2,1230,method_1230_counter,counter,4150.0,308.0,45.0253,-1.3786,100.9375,1.2723,True,True,True,0.826,0.4907,15,61,5
whisper-base,phase2,1793,method_1793,regular,2075.0,4935.0,14.9993,-1.359,120.9375,1.0975,True,True,True,0.4905,-0.3791,15,91,5
whisper-base,phase2,1565,method_1565,regular,800.0,2468.0,19.5032,-1.3519,100.9375,1.9178,True,True,True,0.5722,0.0754,15,98,4
whisper-base,phase2,1684,method_1684_counter,counter,3490.0,1234.0,17.9986,-1.3349,160.875,1.3918,True,True,True,0.9749,0.2293,15,155,3
whisper-base,phase2,1621,method_1621,regular,951.0,4525.0,27.0048,-1.3179,120.875,1.1721,True,True,True,0.5709,-0.0952,15,114,4
whisper-base,phase2,1812,method_1812,regular,2263.0,7611.0,20.9982,-1.3178,140.875,0.6708,True,True,True,0.73,-0.0887,15,1,6
whisper-base,phase2,1796,method_1796,regular,2075.0,6400.0,19.4995,-1.3022,120.9375,1.0575,True,True,True,0.5541,-0.1451,15,124,4
whisper-base,phase2,1650,method_1650,regular,1037.0,7611.0,34.508,-1.297,120.875,0.6794,True,True,True,1.0732,0.545,15,30,5
whisper-base,phase2,1797,method_1797,regular,2075.0,6979.0,20.9989,-1.2873,120.9375,0.9591,True,True,True,0.49,-0.3123,15,71,5
whisper-base,phase2,1737,method_1737,regular,1600.0,2468.0,7.5032,-1.2859,100.875,1.6196,True,True,True,0.313,-0.2629,15,13,5
whisper-base,phase2,1626,method_1626,regular,951.0,6979.0,34.506,-1.2437,120.875,1.2521,True,True,True,0.7304,0.3394,15,105,4
whisper-base,phase2,1568,method_1568,regular,800.0,3200.0,24.0,-1.2038,100.9375,2.1881,True,True,True,0.3642,-0.178,15,19,5
whisper-base,phase2,1722,method_1722,regular,1467.0,3200.0,13.5024,-1.1935,100.9375,1.9283,True,True,True,0.2595,-0.3425,15,14,5
whisper-base,phase2,1024,method_1024_counter,counter,1600.0,200.0,36.0,-1.1623,100.875,1.9019,True,True,True,0.4716,-0.411,15,51,5
whisper-base,phase2,1740,method_1740,regular,1600.0,3200.0,12.0,-1.1621,100.875,2.2947,True,True,True,0.1352,-0.5583,15,10,5
whisper-base,phase2,1699,method_1699,regular,1345.0,2263.0,9.0076,-1.152,100.875,1.4522,True,True,True,0.589,0.1229,15,92,4
whisper-base,phase2,1383,method_1383_counter,counter,951.0,476.0,11.9818,-1.1419,100.875,1.4084,True,True,True,0.916,0.4847,15,84,5
whisper-base,phase2,1193,method_1193_counter,counter,4150.0,283.0,46.4908,-1.14,100.9375,1.6808,True,True,True,0.7355,0.4409,15,60,5
whisper-base,phase2,1525,method_1525,regular,673.0,7611.0,41.9929,-1.1334,120.8125,0.5658,True,True,True,0.7801,0.051,15,6,6
whisper-base,phase2,1414,method_1414_counter,counter,951.0,519.0,10.4845,-1.1305,100.875,2.0929,True,True,True,0.7535,0.4931,15,82,5
whisper-base,phase2,1073,method_1073_counter,counter,3200.0,218.0,46.5081,-1.1249,200.875,1.3851,True,True,True,0.5216,-0.0726,15,156,3
whisper-base,phase2,1776,method_1776,regular,1903.0,4150.0,13.498,-1.1241,140.875,0.535,True,True,False,-0.034,-1.1751,15,67,5
whisper-base,phase2,1613,method_1613,regular,951.0,2263.0,15.0086,-1.1197,100.875,1.4582,True,True,True,0.6082,0.5481,15,58,5
whisper-base,phase2,1101,method_1101,regular,238.0,1131.0,26.9828,-1.0938,161.125,1.4446,True,True,True,0.3378,-0.213,15,77,5
whisper-base,phase2,1318,method_1318_counter,counter,951.0,400.0,14.9933,-1.0898,220.875,3.158,True,True,True,1.5943,0.6636,15,87,5
whisper-base,phase2,1432,method_1432_counter,counter,4525.0,519.0,37.4893,-1.0874,100.875,1.9689,True,True,True,0.7046,0.5974,15,90,5
whisper-base,phase2,1174,method_1174_counter,counter,800.0,283.0,17.9904,-1.0872,100.9375,1.7804,True,True,True,0.3951,-0.0796,15,76,5
whisper-base,phase2,1034,method_1034_counter,counter,3805.0,200.0,50.9979,-1.0827,100.875,2.2514,True,True,True,0.7079,0.3796,15,65,5
whisper-base,phase2,1401,method_1401_counter,counter,4525.0,476.0,38.9866,-1.063,100.875,1.337,True,True,True,0.8332,0.6993,15,81,5
whisper-base,phase2,1738,method_1738,regular,1600.0,2691.0,9.0008,-1.0623,100.875,1.8995,True,True,True,0.1642,-0.5102,15,22,5
whisper-base,phase2,1145,method_1145_counter,counter,1745.0,259.0,33.0264,-1.0606,140.9375,2.3059,True,True,True,0.3008,-0.3949,15,86,5
whisper-base,phase2,1881,method_1881,regular,4150.0,6979.0,8.9989,-1.0571,100.9375,1.3468,True,True,True,0.7141,0.4147,15,31,5
whisper-base,phase2,1106,method_1106_counter,counter,1745.0,238.0,34.4903,-1.0491,140.9375,2.7126,True,True,True,0.3382,-0.2786,15,88,5
whisper-base,phase2,1676,method_1676_counter,counter,1745.0,1234.0,5.9986,-1.0437,160.9375,1.4965,True,True,True,0.4266,-0.2515,15,18,5
whisper-base,phase2,1720,method_1720,regular,1467.0,2691.0,10.5033,-1.0332,100.9375,1.7691,True,True,True,0.2335,-0.2719,15,40,5
whisper-base,phase2,1679,method_1679,regular,1234.0,2263.0,10.4987,-1.0098,100.9375,1.3839,True,True,True,0.3579,0.1237,15,162,3
whisper-base,phase2,1066,method_1066_counter,counter,1745.0,218.0,36.0099,-1.0094,140.9375,2.5867,True,True,True,0.3009,-0.3204,15,8,6
whisper-base,phase2,1721,method_1721,regular,1467.0,2934.0,12.0,-1.0092,100.9375,2.0587,True,True,True,0.21,-0.336,15,103,4
whisper-base,phase2,1183,method_1183_counter,counter,1745.0,283.0,31.4922,-1.0087,140.9375,2.5341,True,True,True,0.2883,-0.3102,15,129,4
whisper-base,phase2,1273,method_1273,regular,336.0,7611.0,54.0186,-1.0009,120.75,1.2537,True,True,True,0.7829,0.5009,15,50,5
whisper-base,phase2,1739,method_1739,regular,1600.0,2934.0,10.4976,-0.9943,100.875,2.3855,True,True,True,0.1151,-0.5156,15,28,5
whisper-base,phase2,1677,method_1677_counter,counter,1903.0,1234.0,7.4992,-0.9792,160.875,1.2971,True,True,True,0.2544,-0.5399,15,64,5
whisper-base,phase2,1032,method_1032_counter,counter,3200.0,200.0,48.0,-0.9776,180.875,1.5243,True,True,True,0.6009,0.0184,15,119,4
whisper-base,phase2,1740,method_1740_counter,counter,3200.0,1600.0,12.0,-0.9672,180.875,2.0214,True,True,True,1.0746,0.3864,15,128,4
whisper-base,phase2,1116,method_1116,regular,238.0,4150.0,49.4889,-0.9663,161.125,0.5956,True,True,True,0.1534,-0.887,15,180,2
whisper-base,phase2,1518,method_1518_counter,counter,4150.0,673.0,31.4932,-0.9626,100.9375,1.546,True,True,True,0.7239,0.456,15,80,5
whisper-base,phase2,1032,method_1032,regular,200.0,3200.0,48.0,-0.9517,101.125,1.9179,True,True,True,0.1946,-0.1697,15,49,5
whisper-base,phase2,1551,method_1551,regular,734.0,6979.0,38.99,-0.9479,100.875,0.9331,True,True,True,0.533,0.049,15,125,4
whisper-base,phase2,1614,method_1614,regular,951.0,2468.0,16.5099,-0.9437,100.875,2.4343,True,True,True,0.4997,0.3541,15,78,5
whisper-base,phase2,1703,method_1703,regular,1345.0,3200.0,15.0056,-0.9077,100.875,2.3317,True,True,True,0.277,-0.2801,15,34,5
whisper-base,phase2,1880,method_1880,regular,4150.0,6400.0,7.4995,-0.9007,100.9375,1.14,True,True,True,0.747,0.354,15,109,4
whisper-base,phase2,1843,method_1843,regular,2934.0,4935.0,9.0022,-0.8993,120.9375,0.6474,True,True,True,0.5908,-0.0878,15,120,4
whisper-base,phase2,1835,method_1835,regular,2691.0,6400.0,14.9992,-0.8893,120.875,0.9253,True,True,True,0.4625,0.042,15,115,4
whisper-base,phase2,1155,method_1155_counter,counter,4150.0,259.0,48.025,-0.8869,100.9375,1.3509,True,True,True,0.6313,0.3332,15,112,4
whisper-base,phase2,1807,method_1807,regular,2263.0,4935.0,13.4978,-0.8687,140.875,1.0929,True,True,True,0.0958,-0.3659,15,42,5
whisper-base,phase2,1649,method_1649,regular,1037.0,6979.0,33.0073,-0.8617,100.875,1.1839,True,True,True,0.5407,0.3773,15,66,5
whisper-base,phase2,1515,method_1515_counter,counter,3200.0,673.0,26.9927,-0.8615,200.875,1.3401,True,True,True,0.4818,-0.0454,15,142,3
whisper-base,phase2,1136,method_1136_counter,counter,800.0,259.0,19.5246,-0.8605,100.9375,1.894,True,True,True,0.2883,-0.2172,15,75,5
whisper-base,phase2,1754,method_1754,regular,1745.0,2468.0,6.0014,-0.8564,100.9375,1.9356,True,True,True,0.3691,-0.1001,15,118,4
whisper-base,phase2,1703,method_1703_counter,counter,3200.0,1345.0,15.0056,-0.8355,200.875,1.8583,True,True,True,0.9243,0.3307,15,143,3
whisper-base,phase2,1587,method_1587,regular,872.0,1903.0,13.5105,-0.8321,100.9375,1.7332,True,True,True,0.5652,0.3866,15,152,3
whisper-base,phase2,1116,method_1116_counter,counter,4150.0,238.0,49.4889,-0.8282,100.9375,2.2537,True,True,True,0.6949,0.4075,15,56,5
whisper-base,phase2,1636,method_1636,regular,1037.0,2263.0,13.5098,-0.818,100.875,1.6525,True,True,True,0.3994,0.3722,15,127,4
whisper-base,phase2,1619,method_1619_counter,counter,3805.0,951.0,24.0046,-0.8051,100.875,2.1549,True,True,True,0.5166,0.1744,15,194,2
whisper-base,phase2,1809,method_1809,regular,2263.0,5869.0,16.4985,-0.7791,120.875,1.5035,True,True,True,0.2241,-0.1739,15,9,6
whisper-base,phase2,1675,method_1675_counter,counter,1600.0,1234.0,4.4968,-0.7778,120.875,1.425,True,True,True,0.1352,-0.4762,15,121,4
whisper-base,phase2,1790,method_1790_counter,counter,3805.0,2075.0,10.4974,-0.7747,100.875,2.2775,True,True,True,0.5536,0.2503,15,85,5
whisper-base,phase2,1701,method_1701,regular,1345.0,2691.0,12.0064,-0.7728,100.875,2.4951,True,True,True,0.274,-0.3053,15,20,5
whisper-base,phase2,1619,method_1619,regular,951.0,3805.0,24.0046,-0.7649,220.875,1.2699,True,True,True,0.9331,-0.0636,15,145,3
whisper-base,phase2,1808,method_1808,regular,2263.0,5382.0,14.9989,-0.7406,140.875,1.6694,False,True,True,0.0462,-0.1453,15,73,5
whisper-base,phase2,1739,method_1739_counter,counter,2934.0,1600.0,10.4976,-0.7269,180.9375,2.6653,False,True,True,0.9778,0.4629,15,191,2
whisper-base,phase2,1073,method_1073,regular,218.0,3200.0,46.5081,-0.6393,101.125,3.7374,False,True,True,0.1006,-0.0323,15,110,4
whisper-base,phase2,1034,method_1034,regular,200.0,3805.0,50.9979,-0.6341,201.125,0.9183,False,True,True,0.3749,-0.6242,15,181,2
whisper-base,phase2,1557,method_1557,regular,800.0,1234.0,7.5032,-0.6129,100.9375,1.6453,False,True,True,0.4554,0.2034,15,53,5
whisper-base,phase2,1105,method_1105,regular,238.0,1600.0,32.9885,-0.6073,161.125,2.2403,False,True,True,0.424,0.4251,15,210,2
whisper-base,phase2,1568,method_1568_counter,counter,3200.0,800.0,24.0,-0.5779,200.875,0.9166,False,True,True,0.4945,-0.0983,15,170,2
whisper-base,phase2,1722,method_1722_counter,counter,3200.0,1467.0,13.5024,-0.5739,180.875,2.5804,False,True,True,0.7511,0.3469,15,172,2
whisper-base,phase2,1193,method_1193,regular,283.0,4150.0,46.4908,-0.5732,161.0625,0.9327,False,True,True,-0.0075,-0.5062,15,186,2
whisper-base,phase2,1155,method_1155,regular,259.0,4150.0,48.025,-0.5671,161.125,1.4324,False,True,True,0.0273,-0.4116,15,219,1
whisper-base,phase2,1583,method_1583_counter,counter,1345.0,872.0,7.5025,-0.5572,140.875,1.7712,False,True,False,-0.1218,-0.3907,15,198,2
whisper-base,phase2,1791,method_1791,regular,2075.0,4150.0,12.0,-0.55,200.9375,0.1322,False,False,False,-0.0522,-0.8043,15,211,2
whisper-base,phase2,1755,method_1755,regular,1745.0,2691.0,7.499,-0.5359,100.9375,2.7645,False,True,True,0.1727,-0.2746,15,44,5
whisper-base,phase2,1024,method_1024,regular,200.0,1600.0,36.0,-0.5145,161.125,2.098,False,True,True,0.4435,0.4578,15,200,2
whisper-base,phase2,1887,method_1887,regular,4525.0,6979.0,7.5012,-0.4593,100.875,1.3605,False,True,True,0.3173,0.4117,15,36,5
whisper-base,phase2,1504,method_1504_counter,counter,1234.0,673.0,10.496,-0.4524,140.9375,1.7012,False,True,True,-0.1529,-0.2983,15,209,2
whisper-base,phase2,1101,method_1101_counter,counter,1131.0,238.0,26.9828,-0.4423,100.9375,5.4499,False,True,True,0.2072,0.0037,15,159,3
whisper-base,phase2,1518,method_1518,regular,673.0,4150.0,31.4932,-0.4377,220.8125,0.7937,False,True,False,0.3733,-0.8642,15,236,1
whisper-base,phase2,1583,method_1583,regular,872.0,1345.0,7.5025,-0.3874,220.9375,4.2584,False,True,True,1.1048,0.4133,15,108,4
whisper-base,phase2,1587,method_1587_counter,counter,1903.0,872.0,13.5105,-0.3483,160.875,3.1038,False,True,False,-0.4407,-0.8224,15,237,1
whisper-base,phase2,1701,method_1701_counter,counter,2691.0,1345.0,12.0064,-0.3418,200.875,1.8207,False,True,True,0.41,0.146,15,160,3
whisper-base,phase2,1677,method_1677,regular,1234.0,1903.0,7.4992,-0.3277,100.9375,3.2636,False,True,True,0.1585,-0.126,15,249,1
whisper-base,phase2,1810,method_1810,regular,2263.0,6400.0,17.998,-0.3139,200.875,1.2336,False,True,True,0.0504,-0.1332,15,62,5
whisper-base,phase2,1738,method_1738_counter,counter,2691.0,1600.0,9.0008,-0.3129,180.875,3.3009,False,True,True,0.4556,0.2699,15,245,1
whisper-base,phase2,1790,method_1790,regular,2075.0,3805.0,10.4974,-0.2938,220.9375,0.4198,False,False,False,-0.244,-0.6265,15,161,3
whisper-base,phase2,1721,method_1721_counter,counter,2934.0,1467.0,12.0,-0.2844,200.9375,26.4821,False,True,False,0.6883,0.3158,15,148,3
whisper-base,phase2,1679,method_1679_counter,counter,2263.0,1234.0,10.4987,-0.2602,160.875,2.4733,False,True,True,-0.0414,-0.1377,15,27,5
whisper-base,phase2,1776,method_1776_counter,counter,4150.0,1903.0,13.498,-0.2469,100.9375,5.4315,False,True,True,0.3834,0.1478,15,134,3
whisper-base,phase2,1737,method_1737_counter,counter,2468.0,1600.0,7.5032,-0.2467,180.9375,3.1888,False,True,True,0.3902,0.1746,15,248,1
whisper-base,phase2,1636,method_1636_counter,counter,2263.0,1037.0,13.5098,-0.2421,160.875,3.0952,False,True,False,-0.283,-0.4967,15,79,5
whisper-base,phase2,1144,method_1144,regular,259.0,1600.0,31.5246,-0.2099,161.125,8.8715,False,True,True,0.3051,0.297,15,238,1
whisper-base,phase2,1230,method_1230,regular,308.0,4150.0,45.0253,-0.1686,161.0625,3.4208,False,True,False,-0.3197,-0.4855,15,204,2
whisper-base,phase2,1614,method_1614_counter,counter,2468.0,951.0,16.5099,-0.1651,180.9375,5.4747,False,True,False,-0.3675,-0.5279,15,241,1
whisper-base,phase2,1791,method_1791_counter,counter,4150.0,2075.0,12.0,-0.1535,100.9375,6.8395,False,True,True,0.252,0.4076,15,133,3
whisper-base,phase2,1106,method_1106,regular,238.0,1745.0,34.4903,-0.1123,161.125,5.3275,False,True,True,-0.0535,0.23,15,179,2
whisper-base,phase2,1880,method_1880_counter,counter,6400.0,4150.0,7.4995,-0.0966,220.875,0.0,False,False,False,-0.0083,-0.6792,15,243,1
whisper-base,phase2,1515,method_1515,regular,673.0,3200.0,26.9927,-0.0855,100.8125,0.0,False,False,False,-0.3504,-0.3878,15,15,5
whisper-base,phase2,1432,method_1432,regular,519.0,4525.0,37.4893,-0.0853,121.0,16.1793,False,True,False,-0.5133,-0.5469,15,176,2
whisper-base,phase2,1565,method_1565_counter,counter,2468.0,800.0,19.5032,-0.0551,200.9375,3.1569,False,True,False,-0.1195,-0.4875,15,206,2
whisper-base,phase2,1754,method_1754_counter,counter,2468.0,1745.0,6.0014,-0.0454,220.9375,3.4832,False,True,False,0.3696,-0.0193,15,212,2
whisper-base,phase2,1174,method_1174,regular,283.0,800.0,17.9904,-0.0227,161.0625,0.0,False,False,False,-0.2377,0.0478,15,138,3
whisper-base,phase2,1887,method_1887_counter,counter,6979.0,4525.0,7.5012,-0.0017,180.875,0.0,False,False,False,-0.3795,-0.5248,15,199,2
whisper-base,phase2,1504,method_1504,regular,673.0,1234.0,10.496,0.0062,180.8125,12.4797,False,True,True,0.0862,0.017,15,55,5
whisper-base,phase2,1755,method_1755_counter,counter,2691.0,1745.0,7.499,0.0191,220.875,0.0,False,False,False,0.4998,0.051,15,247,1
whisper-base,phase2,1557,method_1557_counter,counter,1234.0,800.0,7.5032,0.0219,140.9375,2.2594,False,True,False,-0.368,-0.2726,15,208,2
whisper-base,phase2,1699,method_1699_counter,counter,2263.0,1345.0,9.0076,0.0721,200.875,0.0,False,False,False,-0.2407,-0.2291,15,48,5
whisper-base,phase2,1720,method_1720_counter,counter,2691.0,1467.0,10.5033,0.0805,180.875,0.0,False,False,False,0.1376,0.1167,15,207,2
whisper-base,phase2,1808,method_1808_counter,counter,5382.0,2263.0,14.9989,0.0812,100.9375,12.8848,False,True,True,-0.2418,0.1342,15,132,3
whisper-base,phase2,1809,method_1809_counter,counter,5869.0,2263.0,16.4985,0.0853,100.9375,0.0,False,False,False,-0.3091,0.0518,15,197,2
whisper-base,phase2,1136,method_1136,regular,259.0,800.0,19.5246,0.0952,161.125,0.0,False,False,False,-0.2628,0.1368,15,190,2
whisper-base,phase2,1743,method_1743_counter,counter,4150.0,1600.0,16.5005,0.103,160.9375,0.0,False,False,False,0.5846,0.3202,15,192,2
whisper-base,phase2,1807,method_1807_counter,counter,4935.0,2263.0,13.4978,0.1089,100.9375,17.9828,False,True,True,-0.0682,0.2573,15,188,2
whisper-base,phase2,1266,method_1266,regular,336.0,4150.0,43.5189,0.1161,120.75,0.0,False,False,False,-0.4457,-0.4548,15,196,2
whisper-base,phase2,1273,method_1273_counter,counter,7611.0,336.0,54.0186,0.1469,100.8125,47.8027,False,True,True,0.1256,0.5169,15,250,0
whisper-base,phase2,1401,method_1401,regular,476.0,4525.0,38.9866,0.1486,120.9375,0.0,False,False,False,-0.6503,-0.3812,15,166,2
whisper-base,phase2,1183,method_1183,regular,283.0,1745.0,31.4922,0.1637,161.0625,0.0,False,False,False,-0.154,0.1726,15,175,2
whisper-base,phase2,1675,method_1675,regular,1234.0,1600.0,4.4968,0.1937,180.9375,6.8681,False,True,False,0.1594,-0.0732,15,251,0
whisper-base,phase2,1066,method_1066,regular,218.0,1745.0,36.0099,0.231,161.125,0.0,False,False,False,-0.1735,0.2166,15,147,3
whisper-base,phase2,1145,method_1145,regular,259.0,1745.0,33.0264,0.2338,161.125,0.0,False,False,False,-0.1434,0.2407,15,203,2
whisper-base,phase2,1810,method_1810_counter,counter,6400.0,2263.0,17.998,0.2393,100.875,0.0,False,False,False,-0.3494,0.0588,15,246,1
whisper-base,phase2,1613,method_1613_counter,counter,2263.0,951.0,15.0086,0.2832,180.875,0.0,False,False,False,-0.8239,-0.531,15,151,3
whisper-base,phase2,1684,method_1684,regular,1234.0,3490.0,17.9986,0.3037,220.9375,-0.945,False,False,False,-0.322,-0.3567,15,185,2
whisper-base,phase2,1649,method_1649_counter,counter,6979.0,1037.0,33.0073,0.3195,180.875,0.0,False,False,False,-0.6349,-0.1096,15,184,2
whisper-base,phase2,1676,method_1676,regular,1234.0,1745.0,5.9986,0.3296,220.9375,3.2643,False,True,False,-0.1348,-0.2999,15,235,1
whisper-base,phase2,1881,method_1881_counter,counter,6979.0,4150.0,8.9989,0.3883,180.875,0.0,False,False,False,-0.6736,-0.6988,15,233,1
whisper-base,phase2,1747,method_1747_counter,counter,5869.0,1600.0,22.5005,0.3975,180.9375,0.0,False,False,False,-0.0724,-0.1358,15,234,1
whisper-base,phase2,1746,method_1746_counter,counter,5382.0,1600.0,21.0008,0.4442,180.9375,0.0,False,False,False,-0.1056,-0.089,15,163,3
whisper-base,phase2,1718,method_1718_counter,counter,2263.0,1467.0,7.5044,0.4533,220.875,0.0,False,False,False,-0.4905,-0.249,15,117,4
whisper-base,phase2,1301,method_1301,regular,367.0,4150.0,41.9911,0.4559,120.75,0.0,False,False,False,-0.7859,-0.6055,15,153,3
whisper-base,phase2,1200,method_1200_counter,counter,7611.0,283.0,56.9905,0.4715,100.8125,0.0,False,False,False,-0.0505,0.3661,15,214,2
whisper-base,phase2,1843,method_1843_counter,counter,4935.0,2934.0,9.0022,0.4812,100.9375,0.0,False,False,False,-0.4449,-0.5147,15,239,1
whisper-base,phase2,1626,method_1626_counter,counter,6979.0,951.0,34.506,0.5079,180.875,0.0,False,False,False,-0.9603,-0.2211,15,225,1
whisper-base,phase2,1418,method_1418,regular,519.0,1345.0,16.4856,0.525,221.0,0.0,False,False,False,-0.1106,-0.3753,15,111,4
whisper-base,phase2,1825,method_1825_counter,counter,7611.0,2468.0,19.4969,0.5312,100.8125,0.0,False,False,False,-0.3018,0.1237,15,144,3
whisper-base,phase2,1812,method_1812_counter,counter,7611.0,2263.0,20.9982,0.5356,100.8125,0.0,False,False,False,-0.3049,0.2267,15,136,3
whisper-base,phase2,1835,method_1835_counter,counter,6400.0,2691.0,14.9992,0.5498,100.875,0.0,False,False,False,-0.3992,-0.387,15,216,1
whisper-base,phase2,1400,method_1400,regular,476.0,4150.0,37.4889,0.556,220.9375,0.0,False,False,False,-0.3706,-0.5835,15,171,2
whisper-base,phase2,1621,method_1621_counter,counter,4525.0,951.0,27.0048,0.5779,180.875,0.0,False,False,False,-0.3336,0.4682,15,137,3
whisper-base,phase2,1525,method_1525_counter,counter,7611.0,673.0,41.9929,0.5804,100.8125,0.0,False,False,False,-0.1869,0.1114,15,201,2
whisper-base,phase2,1650,method_1650_counter,counter,7611.0,1037.0,34.508,0.5924,160.8125,0.0,False,False,False,-0.6729,-0.0839,15,158,3
whisper-base,phase2,1794,method_1794_counter,counter,5382.0,2075.0,16.5004,0.5972,180.9375,0.0,False,False,False,-0.3586,0.0607,15,168,2
whisper-base,phase2,1123,method_1123_counter,counter,7611.0,238.0,59.9886,0.661,100.8125,0.0,False,False,False,-0.0355,0.293,15,205,2
whisper-base,phase2,1748,method_1748_counter,counter,6400.0,1600.0,24.0,0.6677,180.875,0.0,False,False,False,-0.331,-0.1407,15,232,1
whisper-base,phase2,1874,method_1874_counter,counter,6979.0,3805.0,10.5015,0.6738,220.875,0.0,False,False,False,-0.8419,-0.8047,15,226,1
whisper-base,phase2,1749,method_1749_counter,counter,6979.0,1600.0,25.4994,0.7115,180.875,0.0,False,False,False,-0.5071,-0.0613,15,230,1
whisper-base,phase2,1577,method_1577_counter,counter,6979.0,800.0,37.4994,0.7128,180.875,0.0,False,False,False,-0.8872,-0.1252,15,215,1
whisper-base,phase2,1487,method_1487,regular,617.0,3200.0,28.4968,0.7618,221.0,0.0,False,False,False,-0.5588,-0.5588,15,35,5
whisper-base,phase2,1414,method_1414,regular,519.0,951.0,10.4845,0.7648,181.0,0.0,False,False,False,-1.0997,-0.7009,15,173,2
whisper-base,phase2,1710,method_1710_counter,counter,5869.0,1345.0,25.5061,0.7688,220.9375,0.0,False,False,False,-0.1064,-0.0099,15,218,1
whisper-base,phase2,1744,method_1744_counter,counter,4525.0,1600.0,17.9982,0.7814,180.875,0.0,False,False,False,0.1639,0.1366,15,100,4
whisper-base,phase2,1443,method_1443,regular,566.0,872.0,7.4823,0.8014,181.0,0.0,False,False,False,-1.0228,-0.5428,15,157,3
whisper-base,phase2,1763,method_1763_counter,counter,5382.0,1745.0,19.499,0.8052,100.9375,0.0,False,False,False,-0.5559,-0.1507,15,228,1
whisper-base,phase2,1601,method_1601_counter,counter,6400.0,872.0,34.5081,0.8157,180.875,0.0,False,False,False,-1.0372,-0.3098,15,189,2
whisper-base,phase2,1709,method_1709_counter,counter,5382.0,1345.0,24.0064,0.8253,180.9375,0.0,False,False,False,-0.2363,0.0479,15,174,2
whisper-base,phase2,1602,method_1602_counter,counter,6979.0,872.0,36.0074,0.8278,180.875,0.0,False,False,False,-1.1627,-0.2305,15,222,1
whisper-base,phase2,1793,method_1793_counter,counter,4935.0,2075.0,14.9993,0.8626,220.9375,0.0,False,False,False,0.2805,0.2735,15,254,0
whisper-base,phase2,1778,method_1778_counter,counter,4935.0,1903.0,16.4973,0.8626,220.9375,0.0,False,False,False,0.035,-0.1926,15,229,1
whisper-base,phase2,1764,method_1764_counter,counter,5869.0,1745.0,20.9987,0.8646,100.9375,0.0,False,False,False,-0.6051,-0.2573,15,252,0
whisper-base,phase2,1797,method_1797_counter,counter,6979.0,2075.0,20.9989,0.8656,180.875,0.0,False,False,False,-0.7177,0.1482,15,223,1
whisper-base,phase2,1745,method_1745_counter,counter,4935.0,1600.0,19.4997,0.8838,180.9375,0.0,False,False,False,-0.1038,-0.1674,15,195,2
whisper-base,phase2,1762,method_1762_counter,counter,4935.0,1745.0,17.9979,0.8839,100.9375,0.0,False,False,False,-0.5286,-0.2157,15,244,1
whisper-base,phase2,1729,method_1729_counter,counter,5869.0,1467.0,24.003,0.8985,180.9375,0.0,False,False,False,-0.3767,-0.1169,15,224,1
whisper-base,phase2,1796,method_1796_counter,counter,6400.0,2075.0,19.4995,0.9239,100.875,0.0,False,False,False,-0.6477,0.0279,15,240,1
whisper-base,phase2,1387,method_1387,regular,476.0,1345.0,17.9829,0.9265,220.9375,0.0,False,False,False,-0.4809,-0.3573,15,140,3
whisper-base,phase2,1042,method_1042_counter,counter,7611.0,200.0,63.0002,0.9327,100.8125,0.0,False,False,False,-0.2135,0.2292,15,141,3
whisper-base,phase2,1355,method_1355,regular,436.0,1345.0,19.5025,0.9386,220.875,0.0,False,False,False,-0.4971,-0.3803,15,99,4
whisper-base,phase2,1848,method_1848_counter,counter,7611.0,2934.0,16.5026,0.9399,100.8125,0.0,False,False,False,-0.644,-0.2919,15,131,3
whisper-base,phase2,1324,method_1324,regular,400.0,1600.0,24.0,0.9617,180.8125,0.0,False,False,False,-0.7847,-0.2616,15,182,2
whisper-base,phase2,1318,method_1318,regular,400.0,951.0,14.9933,1.0079,180.8125,0.0,False,False,False,-1.3464,-0.7446,15,187,2
whisper-base,phase2,1708,method_1708_counter,counter,4935.0,1345.0,22.5053,1.0138,220.9375,0.0,False,False,False,-0.2163,-0.0032,15,220,1
whisper-base,phase2,1750,method_1750_counter,counter,7611.0,1600.0,27.0002,1.0343,160.8125,0.0,False,False,False,-0.6418,0.0349,15,164,2
whisper-base,phase2,1551,method_1551_counter,counter,6979.0,734.0,38.99,1.0381,100.875,0.0,False,False,False,-0.5356,-0.0322,15,217,1
whisper-base,phase2,1765,method_1765_counter,counter,6400.0,1745.0,22.4981,1.0439,100.875,0.0,False,False,False,-0.6596,-0.1952,15,202,2
whisper-base,phase2,1712,method_1712_counter,counter,6979.0,1345.0,28.505,1.0658,180.875,0.0,False,False,False,-0.5901,0.0981,15,193,2
whisper-base,phase2,1882,method_1882_counter,counter,7611.0,4150.0,10.4997,1.0689,180.8125,0.0,False,False,False,-1.4201,-0.7642,15,165,2
whisper-base,phase2,1627,method_1627_counter,counter,7611.0,951.0,36.0068,1.1005,180.8125,0.0,False,False,False,-1.4176,-0.2226,15,213,2
whisper-base,phase2,1552,method_1552_counter,counter,7611.0,734.0,40.4908,1.1022,100.8125,0.0,False,False,False,-0.5464,-0.0446,15,154,3
whisper-base,phase2,1783,method_1783_counter,counter,7611.0,1903.0,23.9977,1.1199,100.8125,0.0,False,False,False,-0.556,0.0101,15,169,2
whisper-base,phase2,1730,method_1730_counter,counter,6400.0,1467.0,25.5024,1.1394,180.875,0.0,False,False,False,-0.6228,-0.1371,15,231,1
whisper-base,phase2,1713,method_1713_counter,counter,7611.0,1345.0,30.0058,1.2068,160.8125,0.0,False,False,False,-0.7992,-0.0259,15,126,4
whisper-base,phase2,1383,method_1383,regular,476.0,951.0,11.9818,1.2177,180.9375,0.0,False,False,False,-1.4885,-0.7965,15,167,2
whisper-base,phase2,1603,method_1603_counter,counter,7611.0,872.0,37.5082,1.2262,160.8125,0.0,False,False,False,-1.1789,-0.2287,15,242,1
whisper-base,phase2,1578,method_1578_counter,counter,7611.0,800.0,39.0002,1.2914,180.8125,0.0,False,False,False,-1.3742,-0.1471,15,227,1
whisper-base,phase2,1767,method_1767_counter,counter,7611.0,1745.0,25.4983,1.3058,100.8125,0.0,False,False,False,-0.6938,-0.1076,15,139,3
whisper-base,phase2,1766,method_1766_counter,counter,6979.0,1745.0,23.9975,1.3312,100.875,0.0,False,False,False,-0.7127,-0.123,15,253,0
whisper-base,phase2,1727,method_1727_counter,counter,4935.0,1467.0,21.0022,1.3366,220.9375,0.0,False,False,False,-0.539,-0.1397,15,221,1
whisper-base,phase2,1323,method_1323,regular,400.0,1467.0,22.4976,1.3711,180.8125,0.0,False,False,False,-1.0659,-0.4035,15,178,2
whisper-base,phase2,1798,method_1798_counter,counter,7611.0,2075.0,22.4997,1.4249,180.8125,0.0,False,False,False,-1.1803,0.1484,15,135,3
whisper-base,phase2,1875,method_1875_counter,counter,7611.0,3805.0,12.0023,1.4383,180.8125,0.0,False,False,False,-1.5931,-0.7476,15,149,3
whisper-base,phase2,1382,method_1382,regular,476.0,872.0,10.4804,1.4882,180.9375,0.0,False,False,False,-1.5764,-0.753,15,183,2
whisper-medium,literature,43,method_43,regular,633.0,700.0,1.7418,-9.6088,170.875,0.948,True,True,True,2.1718,-1.9251,15,26,2
whisper-medium,literature,44,method_44_counter,counter,1000.0,633.0,7.9167,-5.6856,170.875,1.2027,True,True,True,-0.4662,-3.9011,15,27,2
whisper-medium,literature,20,method_20,regular,1000.0,1850.0,10.6503,-2.3015,120.875,1.742,True,True,True,1.2591,-0.2364,15,1,5
whisper-medium,literature,44,method_44,regular,633.0,1000.0,7.9167,-2.2786,150.875,1.5048,True,True,True,2.2224,-0.8811,15,18,3
whisper-medium,literature,17,method_17,regular,1000.0,1850.0,10.6503,-2.2335,100.875,2.6511,True,True,True,1.3448,-1.2002,15,10,3
whisper-medium,literature,21,method_21,regular,1000.0,1850.0,10.6503,-2.1975,120.875,1.8849,True,True,True,1.184,-0.0864,15,2,5
whisper-medium,literature,53,method_53,regular,1000.0,1200.0,3.1564,-2.1929,160.875,2.8041,True,True,True,1.6501,-0.4394,15,34,2
whisper-medium,literature,60,method_60,regular,1000.0,1500.0,7.0196,-2.0927,160.875,4.6708,True,True,True,1.8236,-0.8169,15,6,4
whisper-medium,literature,19,method_19,regular,1000.0,1850.0,10.6503,-2.0113,100.875,2.8265,True,True,True,1.2232,-1.2024,15,13,3
whisper-medium,literature,18,method_18,regular,1000.0,1850.0,10.6503,-2.0078,100.875,2.8087,True,True,True,1.31,-1.0488,15,11,3
whisper-medium,literature,72,method_72,regular,1000.0,1200.0,3.1564,-1.7837,140.875,1.3263,True,True,True,0.9082,-1.1114,15,8,4
whisper-medium,literature,75,method_75,regular,1000.0,1200.0,3.1564,-1.7726,140.875,1.3304,True,True,True,0.9175,-1.121,15,7,4
whisper-medium,literature,31,method_31,regular,1000.0,1200.0,3.1564,-1.759,160.875,3.1941,True,True,True,1.4944,-0.5162,15,28,2
whisper-medium,literature,28,method_28,regular,1000.0,1200.0,3.1564,-1.7324,160.875,2.9875,True,True,True,1.4334,-0.5303,15,29,2
whisper-medium,literature,29,method_29,regular,1000.0,1200.0,3.1564,-1.7003,160.875,3.2266,True,True,True,1.4131,-0.5021,15,30,2
whisper-medium,literature,30,method_30,regular,1000.0,1200.0,3.1564,-1.6967,160.875,3.0418,True,True,True,1.4737,-0.4699,15,31,2
whisper-medium,literature,32,method_32,regular,1000.0,1200.0,3.1564,-1.678,160.875,3.2549,True,True,True,1.4589,-0.4408,15,32,2
whisper-medium,literature,9,method_9,regular,600.0,1000.0,8.8436,-1.3918,171.0,3.2731,True,True,True,1.7264,-0.6466,15,14,3
whisper-medium,literature,12,method_12,regular,1000.0,1200.0,3.1564,-1.2769,100.875,1.9252,True,True,True,1.3346,-0.6821,15,40,2
whisper-medium,literature,10,method_10,regular,1000.0,1122.0,1.9929,-1.0972,160.875,7.306,True,True,True,0.6609,-0.3961,15,42,2
whisper-medium,literature,74,method_74_counter,counter,1500.0,1000.0,7.0196,-1.0389,160.9375,1.6889,True,True,False,0.1271,-1.0152,15,39,2
whisper-medium,literature,74,method_74,regular,1000.0,1500.0,7.0196,-1.0297,100.875,2.0355,True,True,False,-0.5433,-1.9203,15,22,3
whisper-medium,literature,37,method_37_counter,counter,1050.0,1000.0,0.8447,-0.9809,140.875,1.446,True,True,False,0.5875,-1.2779,15,43,2
whisper-medium,literature,27,method_27_counter,counter,1064.0,1000.0,1.074,-0.9663,180.875,2.477,True,True,True,0.466,-0.1186,15,45,1
whisper-medium,literature,33,method_33_counter,counter,1200.0,1000.0,3.1564,-0.9378,140.9375,1.0818,True,True,False,0.0529,-1.3175,15,33,2
whisper-medium,literature,27,method_27,regular,1000.0,1064.0,1.074,-0.8821,200.875,0.3475,False,False,False,-0.0221,-1.5437,15,35,2
whisper-medium,literature,37,method_37,regular,1000.0,1050.0,0.8447,-0.7761,180.875,3.0673,True,True,True,-0.4866,-1.453,15,41,2
whisper-medium,literature,10,method_10_counter,counter,1122.0,1000.0,1.9929,-0.6842,180.9375,0.6699,False,True,False,-0.5948,-3.0462,15,44,1
whisper-medium,literature,33,method_33,regular,1000.0,1200.0,3.1564,-0.6628,200.875,1.8036,False,True,False,0.3764,-1.2479,15,36,2
whisper-medium,literature,20,method_20_counter,counter,1850.0,1000.0,10.6503,-0.5901,120.9375,1.7094,False,True,False,-0.234,-1.6739,15,17,3
whisper-medium,literature,53,method_53_counter,counter,1200.0,1000.0,3.1564,-0.5843,180.9375,2.9707,False,True,False,-1.4573,-3.6869,15,12,3
whisper-medium,literature,29,method_29_counter,counter,1200.0,1000.0,3.1564,-0.5749,180.9375,1.3425,False,True,False,-1.1002,-3.9219,15,21,3
whisper-medium,literature,32,method_32_counter,counter,1200.0,1000.0,3.1564,-0.5602,180.9375,1.3957,False,True,False,-1.1183,-3.9314,15,25,3
whisper-medium,literature,31,method_31_counter,counter,1200.0,1000.0,3.1564,-0.5532,180.9375,1.3869,False,True,False,-1.1065,-3.8969,15,23,3
whisper-medium,literature,30,method_30_counter,counter,1200.0,1000.0,3.1564,-0.5411,180.9375,1.4263,False,True,False,-1.1233,-3.9194,15,20,3
whisper-medium,literature,28,method_28_counter,counter,1200.0,1000.0,3.1564,-0.5334,180.9375,1.445,False,True,False,-1.1043,-3.8796,15,24,3
whisper-medium,literature,21,method_21_counter,counter,1850.0,1000.0,10.6503,-0.4166,120.9375,1.9216,False,True,False,-0.326,-1.6263,15,16,3
whisper-medium,literature,75,method_75_counter,counter,1200.0,1000.0,3.1564,-0.37,220.9375,3.9271,False,True,False,-0.2863,-1.8968,15,46,1
whisper-medium,literature,9,method_9_counter,counter,1000.0,600.0,8.8436,-0.3611,210.875,6.108,False,True,False,2.0016,-1.381,15,38,2
whisper-medium,literature,72,method_72_counter,counter,1200.0,1000.0,3.1564,-0.3393,220.9375,3.7662,False,True,False,-0.3114,-1.8866,15,47,1
whisper-medium,literature,55,method_55,regular,1000.0,2000.0,12.0,-0.2625,160.875,9.4825,False,True,True,1.1901,1.5817,15,19,3
whisper-medium,literature,60,method_60_counter,counter,1500.0,1000.0,7.0196,-0.1646,200.9375,1.2872,False,True,False,-0.8351,-3.7708,15,9,3
whisper-medium,literature,55,method_55_counter,counter,2000.0,1000.0,12.0,0.0796,120.9375,4.3089,False,True,False,-1.5335,-2.4136,15,15,3
whisper-medium,literature,12,method_12_counter,counter,1200.0,1000.0,3.1564,0.156,220.9375,1.9754,False,True,False,-1.5552,-4.1245,15,37,2
whisper-medium,literature,17,method_17_counter,counter,1850.0,1000.0,10.6503,0.6206,140.9375,4.798,False,True,False,-2.4398,-3.5135,15,4,4
whisper-medium,literature,18,method_18_counter,counter,1850.0,1000.0,10.6503,0.6253,140.9375,4.3585,False,True,False,-2.5033,-3.5769,15,5,4
whisper-medium,literature,19,method_19_counter,counter,1850.0,1000.0,10.6503,0.7766,140.9375,4.4809,False,True,False,-2.5695,-3.562,15,3,4
whisper-medium,literature,43,method_43_counter,counter,700.0,633.0,1.7418,1.3871,210.875,0.0,False,False,False,0.5601,1.2291,15,48,0
whisper-medium,phase2,1722,method_1722,regular,1467.0,3200.0,13.5024,-4.6716,180.9375,2.34,True,True,True,6.3712,0.1668,15,14,5
whisper-medium,phase2,1568,method_1568,regular,800.0,3200.0,24.0,-3.9987,180.9375,2.5502,True,True,True,8.4068,2.0389,15,19,5
whisper-medium,phase2,1721,method_1721,regular,1467.0,2934.0,12.0,-3.9867,180.9375,2.378,True,True,True,5.8241,-0.026,15,103,4
whisper-medium,phase2,1729,method_1729,regular,1467.0,5869.0,24.003,-3.8283,180.9375,2.4958,True,True,True,5.2468,-0.58,15,26,5
whisper-medium,phase2,1727,method_1727,regular,1467.0,4935.0,21.0022,-3.6206,180.9375,2.7682,True,True,True,5.7536,-0.1542,15,32,5
whisper-medium,phase2,1720,method_1720,regular,1467.0,2691.0,10.5033,-3.6018,180.9375,2.3695,True,True,True,3.957,-0.5143,15,40,5
whisper-medium,phase2,1767,method_1767,regular,1745.0,7611.0,25.4983,-3.5821,180.9375,3.2581,True,True,True,5.546,0.2509,15,94,4
whisper-medium,phase2,1565,method_1565,regular,800.0,2468.0,19.5032,-3.4986,180.9375,2.3488,True,True,True,6.2508,1.3605,15,98,4
whisper-medium,phase2,1355,method_1355,regular,436.0,1345.0,19.5025,-3.3854,180.875,2.0147,True,True,True,2.9002,0.255,15,99,4
whisper-medium,phase2,1387,method_1387,regular,476.0,1345.0,17.9829,-3.353,180.9375,1.8786,True,True,True,2.97,0.3048,15,140,3
whisper-medium,phase2,1557,method_1557,regular,800.0,1234.0,7.5032,-3.3361,180.9375,1.9312,True,True,True,2.8271,-0.1882,15,53,5
whisper-medium,phase2,1766,method_1766,regular,1745.0,6979.0,23.9975,-3.3083,180.9375,3.4968,True,True,True,5.4634,0.5445,15,7,6
whisper-medium,phase2,1730,method_1730,regular,1467.0,6400.0,25.5024,-3.2863,180.9375,3.1341,True,True,True,6.4658,-0.4556,15,25,5
whisper-medium,phase2,1703,method_1703,regular,1345.0,3200.0,15.0056,-3.2458,180.875,2.7716,True,True,True,5.1424,0.422,15,34,5
whisper-medium,phase2,1764,method_1764,regular,1745.0,5869.0,20.9987,-3.1603,180.9375,3.2779,True,True,True,4.5398,-0.0138,15,38,5
whisper-medium,phase2,1383,method_1383,regular,476.0,951.0,11.9818,-3.074,180.9375,1.9199,True,True,True,2.3581,-0.9946,15,167,2
whisper-medium,phase2,1619,method_1619,regular,951.0,3805.0,24.0046,-3.0181,180.875,3.386,True,True,True,5.9931,0.7016,15,145,3
whisper-medium,phase2,1587,method_1587,regular,872.0,1903.0,13.5105,-3.0004,180.9375,2.5144,True,True,True,3.3214,-0.2401,15,152,3
whisper-medium,phase2,1583,method_1583,regular,872.0,1345.0,7.5025,-2.9235,180.9375,2.3614,True,True,True,2.649,-1.0188,15,108,4
whisper-medium,phase2,1776,method_1776,regular,1903.0,4150.0,13.498,-2.9014,180.875,4.142,True,True,True,5.0921,0.6336,15,67,5
whisper-medium,phase2,1783,method_1783,regular,1903.0,7611.0,23.9977,-2.892,180.875,4.0651,True,True,True,4.4551,0.0415,15,29,5
whisper-medium,phase2,1740,method_1740,regular,1600.0,3200.0,12.0,-2.8832,180.875,3.2649,True,True,True,2.2247,-1.7297,15,10,5
whisper-medium,phase2,1713,method_1713,regular,1345.0,7611.0,30.0058,-2.8185,180.875,3.0798,True,True,True,5.0566,0.4001,15,93,4
whisper-medium,phase2,1718,method_1718,regular,1467.0,2263.0,7.5044,-2.7701,180.9375,2.5797,True,True,True,3.1704,-0.6128,15,68,5
whisper-medium,phase2,1273,method_1273,regular,336.0,7611.0,54.0186,-2.7634,180.75,3.2931,True,True,True,5.8434,1.7757,15,50,5
whisper-medium,phase2,1174,method_1174_counter,counter,800.0,283.0,17.9904,-2.7149,180.9375,2.9669,True,True,True,4.9872,-1.7207,15,76,5
whisper-medium,phase2,1650,method_1650,regular,1037.0,7611.0,34.508,-2.7115,180.875,3.6335,True,True,True,4.3303,1.2056,15,30,5
whisper-medium,phase2,1701,method_1701,regular,1345.0,2691.0,12.0064,-2.6335,180.875,2.5513,True,True,True,3.283,-0.3615,15,20,5
whisper-medium,phase2,1712,method_1712,regular,1345.0,6979.0,28.505,-2.6207,180.875,3.2618,True,True,True,5.4403,0.4276,15,41,5
whisper-medium,phase2,1578,method_1578,regular,800.0,7611.0,39.0002,-2.6034,180.9375,3.3143,True,True,True,6.7824,1.1712,15,24,5
whisper-medium,phase2,1763,method_1763,regular,1745.0,5382.0,19.499,-2.5948,180.9375,4.0757,True,True,True,4.6612,0.677,15,70,5
whisper-medium,phase2,1762,method_1762,regular,1745.0,4935.0,17.9979,-2.5823,180.9375,4.4657,True,True,True,5.8484,0.8918,15,12,5
whisper-medium,phase2,1504,method_1504,regular,673.0,1234.0,10.496,-2.5552,180.8125,2.0522,True,True,True,3.3709,1.7764,15,55,5
whisper-medium,phase2,1738,method_1738,regular,1600.0,2691.0,9.0008,-2.5407,160.875,1.5201,True,True,False,0.4901,-5.0511,15,22,5
whisper-medium,phase2,1649,method_1649,regular,1037.0,6979.0,33.0073,-2.5399,180.875,4.1906,True,True,True,5.3682,1.4773,15,66,5
whisper-medium,phase2,1401,method_1401,regular,476.0,4525.0,38.9866,-2.5285,200.9375,4.8063,True,True,True,6.8049,1.4093,15,166,2
whisper-medium,phase2,1323,method_1323,regular,400.0,1467.0,22.4976,-2.5208,180.8125,2.3399,True,True,True,1.8055,-0.4415,15,178,2
whisper-medium,phase2,1755,method_1755,regular,1745.0,2691.0,7.499,-2.5087,180.9375,3.1605,True,True,True,2.7583,-0.8062,15,44,5
whisper-medium,phase2,1750,method_1750,regular,1600.0,7611.0,27.0002,-2.4949,160.875,1.6109,True,True,True,2.1011,-2.4368,15,2,6
whisper-medium,phase2,1710,method_1710,regular,1345.0,5869.0,25.5061,-2.4672,180.875,2.8897,True,True,True,4.1917,-0.181,15,16,5
whisper-medium,phase2,1778,method_1778,regular,1903.0,4935.0,16.4973,-2.4598,180.875,4.641,True,True,True,4.6894,0.4568,15,146,3
whisper-medium,phase2,1400,method_1400,regular,476.0,4150.0,37.4889,-2.4307,200.9375,4.5098,True,True,True,6.3304,0.8444,15,171,2
whisper-medium,phase2,1627,method_1627,regular,951.0,7611.0,36.0068,-2.4254,180.875,3.8695,True,True,True,5.5071,0.6519,15,3,6
whisper-medium,phase2,1032,method_1032,regular,200.0,3200.0,48.0,-2.4206,141.125,3.0,True,True,True,3.5714,1.8573,15,49,5
whisper-medium,phase2,1737,method_1737,regular,1600.0,2468.0,7.5032,-2.4008,160.875,1.5186,True,True,False,0.5002,-4.3536,15,13,5
whisper-medium,phase2,1418,method_1418,regular,519.0,1345.0,16.4856,-2.3787,181.0,2.3466,True,True,True,3.3335,1.3276,15,111,4
whisper-medium,phase2,1809,method_1809,regular,2263.0,5869.0,16.4985,-2.2928,160.875,2.848,True,True,True,2.7808,-0.2449,15,9,6
whisper-medium,phase2,1765,method_1765,regular,1745.0,6400.0,22.4981,-2.2776,180.9375,5.151,True,True,True,6.0392,0.6307,15,11,5
whisper-medium,phase2,1812,method_1812,regular,2263.0,7611.0,20.9982,-2.2773,160.875,3.2543,True,True,True,3.1381,0.4944,15,1,6
whisper-medium,phase2,1749,method_1749,regular,1600.0,6979.0,25.4994,-2.2707,180.875,4.1,True,True,True,2.824,-0.9708,15,101,4
whisper-medium,phase2,1603,method_1603,regular,872.0,7611.0,37.5082,-2.2604,180.9375,3.5628,True,True,True,5.9528,0.2372,15,4,6
whisper-medium,phase2,1577,method_1577,regular,800.0,6979.0,37.4994,-2.2545,180.9375,4.1789,True,True,True,7.4567,1.5824,15,113,4
whisper-medium,phase2,1882,method_1882_counter,counter,7611.0,4150.0,10.4997,-2.2511,120.8125,2.0261,True,True,True,1.3345,-0.5053,15,165,2
whisper-medium,phase2,1382,method_1382,regular,476.0,872.0,10.4804,-2.1942,180.9375,1.9522,True,True,True,1.1681,-1.7018,15,183,2
whisper-medium,phase2,1754,method_1754,regular,1745.0,2468.0,6.0014,-2.1873,180.9375,3.1448,True,True,True,2.6666,-0.1803,15,118,4
whisper-medium,phase2,1677,method_1677_counter,counter,1903.0,1234.0,7.4992,-2.1872,160.875,1.8946,True,True,False,1.3159,-2.3319,15,64,5
whisper-medium,phase2,1739,method_1739,regular,1600.0,2934.0,10.4976,-2.1649,160.875,1.7769,True,True,True,2.4137,-1.2478,15,28,5
whisper-medium,phase2,1614,method_1614,regular,951.0,2468.0,16.5099,-2.1556,180.875,4.0715,True,True,True,4.2459,1.1008,15,78,5
whisper-medium,phase2,1621,method_1621,regular,951.0,4525.0,27.0048,-2.1241,180.875,4.2748,True,True,True,5.4177,0.8406,15,114,4
whisper-medium,phase2,1684,method_1684,regular,1234.0,3490.0,17.9986,-2.1144,180.9375,3.9691,True,True,True,4.051,2.0537,15,185,2
whisper-medium,phase2,1626,method_1626,regular,951.0,6979.0,34.506,-2.1029,180.875,4.6137,True,True,True,6.0561,0.9051,15,105,4
whisper-medium,phase2,1848,method_1848_counter,counter,7611.0,2934.0,16.5026,-2.093,120.8125,1.93,True,True,False,-0.3265,-5.969,15,131,3
whisper-medium,phase2,1613,method_1613,regular,951.0,2263.0,15.0086,-2.074,180.875,4.0591,True,True,True,3.7518,0.9429,15,58,5
whisper-medium,phase2,1708,method_1708,regular,1345.0,4935.0,22.5053,-2.05,180.875,3.7769,True,True,True,5.1729,0.4976,15,47,5
whisper-medium,phase2,1743,method_1743,regular,1600.0,4150.0,16.5005,-2.0297,180.875,4.135,True,True,True,2.1997,-0.6266,15,107,4
whisper-medium,phase2,1747,method_1747,regular,1600.0,5869.0,22.5005,-2.0227,160.875,2.0753,True,True,False,1.6555,-3.5198,15,23,5
whisper-medium,phase2,1318,method_1318,regular,400.0,951.0,14.9933,-2.0202,180.8125,2.4637,True,True,True,1.4403,-0.6184,15,187,2
whisper-medium,phase2,1808,method_1808,regular,2263.0,5382.0,14.9989,-2.0165,160.875,3.5368,True,True,True,3.1301,0.5468,15,73,5
whisper-medium,phase2,1679,method_1679_counter,counter,2263.0,1234.0,10.4987,-1.9719,160.875,2.6675,True,True,False,0.5531,-2.4218,15,27,5
whisper-medium,phase2,1136,method_1136_counter,counter,800.0,259.0,19.5246,-1.9622,180.9375,4.3975,True,True,True,5.9702,-0.6771,15,75,5
whisper-medium,phase2,1709,method_1709,regular,1345.0,5382.0,24.0064,-1.9414,180.875,3.7114,True,True,True,4.286,0.3745,15,72,5
whisper-medium,phase2,1875,method_1875_counter,counter,7611.0,3805.0,12.0023,-1.9402,120.8125,2.4712,True,True,True,1.0556,-1.102,15,149,3
whisper-medium,phase2,1301,method_1301,regular,367.0,4150.0,41.9911,-1.9271,180.75,3.8504,True,True,True,5.5411,1.8801,15,153,3
whisper-medium,phase2,1487,method_1487,regular,617.0,3200.0,28.4968,-1.8751,201.0,5.7525,True,True,True,6.3738,2.2599,15,35,5
whisper-medium,phase2,1676,method_1676_counter,counter,1745.0,1234.0,5.9986,-1.8645,180.9375,1.9908,True,True,True,0.9476,-1.3998,15,18,5
whisper-medium,phase2,1042,method_1042_counter,counter,7611.0,200.0,63.0002,-1.8602,120.8125,2.4463,True,True,False,0.122,-6.2756,15,141,3
whisper-medium,phase2,1414,method_1414,regular,519.0,951.0,10.4845,-1.8435,181.0,2.8313,True,True,True,2.5519,0.4337,15,173,2
whisper-medium,phase2,1744,method_1744,regular,1600.0,4525.0,17.9982,-1.8397,180.875,4.5809,True,True,True,2.3547,-0.7603,15,45,5
whisper-medium,phase2,1432,method_1432,regular,519.0,4525.0,37.4893,-1.8358,201.0,6.3709,True,True,True,6.9952,1.3591,15,176,2
whisper-medium,phase2,1101,method_1101,regular,238.0,1131.0,26.9828,-1.8132,141.125,2.1095,True,True,False,0.0886,-2.008,15,77,5
whisper-medium,phase2,1699,method_1699,regular,1345.0,2263.0,9.0076,-1.8001,180.875,3.1684,True,True,True,2.6009,-0.2143,15,92,4
whisper-medium,phase2,1745,method_1745,regular,1600.0,4935.0,19.4997,-1.7981,180.875,4.6675,True,True,True,2.2361,-1.3165,15,17,5
whisper-medium,phase2,1699,method_1699_counter,counter,2263.0,1345.0,9.0076,-1.7503,160.875,3.1445,True,True,False,0.5787,-2.2462,15,48,5
whisper-medium,phase2,1552,method_1552,regular,734.0,7611.0,40.4908,-1.7344,200.875,7.0243,True,True,True,6.492,1.4409,15,104,4
whisper-medium,phase2,1746,method_1746,regular,1600.0,5382.0,21.0008,-1.7313,160.875,2.4929,True,True,False,1.8559,-2.801,15,43,5
whisper-medium,phase2,1887,method_1887_counter,counter,6979.0,4525.0,7.5012,-1.7096,100.875,1.6836,True,True,True,1.2007,-1.2177,15,199,2
whisper-medium,phase2,1874,method_1874_counter,counter,6979.0,3805.0,10.5015,-1.684,100.875,1.9661,True,True,True,0.9127,-0.9039,15,226,1
whisper-medium,phase2,1807,method_1807,regular,2263.0,4935.0,13.4978,-1.6831,160.875,4.8766,True,True,True,3.9035,0.2582,15,42,5
whisper-medium,phase2,1551,method_1551,regular,734.0,6979.0,38.99,-1.6655,200.875,8.7627,True,True,True,7.5406,1.4565,15,125,4
whisper-medium,phase2,1515,method_1515,regular,673.0,3200.0,26.9927,-1.6575,200.8125,7.1921,True,True,True,6.5341,2.3034,15,15,5
whisper-medium,phase2,1748,method_1748,regular,1600.0,6400.0,24.0,-1.6502,180.875,5.4185,True,True,True,2.7866,-1.1102,15,97,4
whisper-medium,phase2,1200,method_1200,regular,283.0,7611.0,56.9905,-1.5978,201.0625,6.0558,True,True,True,4.8966,1.7737,15,57,5
whisper-medium,phase2,1749,method_1749_counter,counter,6979.0,1600.0,25.4994,-1.592,100.875,2.0933,True,True,False,-1.0292,-5.0188,15,230,1
whisper-medium,phase2,1066,method_1066_counter,counter,1745.0,218.0,36.0099,-1.5703,180.9375,5.7016,True,True,True,3.3238,-1.0054,15,8,6
whisper-medium,phase2,1266,method_1266,regular,336.0,4150.0,43.5189,-1.5693,180.75,5.1237,True,True,True,5.6453,2.2599,15,196,2
whisper-medium,phase2,1602,method_1602,regular,872.0,6979.0,36.0074,-1.5543,180.9375,5.5871,True,True,True,6.6464,0.6849,15,122,4
whisper-medium,phase2,1042,method_1042,regular,200.0,7611.0,63.0002,-1.5381,141.125,3.344,True,True,True,3.3191,1.5621,15,74,5
whisper-medium,phase2,1636,method_1636,regular,1037.0,2263.0,13.5098,-1.5365,180.875,4.1566,True,True,True,2.0623,1.4357,15,127,4
whisper-medium,phase2,1739,method_1739_counter,counter,2934.0,1600.0,10.4976,-1.5272,140.9375,3.3886,True,True,False,-0.3432,-3.4831,15,191,2
whisper-medium,phase2,1034,method_1034,regular,200.0,3805.0,50.9979,-1.5097,141.125,4.2994,True,True,True,3.3101,1.6971,15,181,2
whisper-medium,phase2,1145,method_1145_counter,counter,1745.0,259.0,33.0264,-1.4975,180.9375,5.815,True,True,False,2.773,-1.3271,15,86,5
whisper-medium,phase2,1024,method_1024,regular,200.0,1600.0,36.0,-1.4938,141.125,3.5175,True,True,True,1.2944,-0.3211,15,200,2
whisper-medium,phase2,1324,method_1324,regular,400.0,1600.0,24.0,-1.4853,180.8125,4.7592,True,True,True,3.0314,1.3994,15,182,2
whisper-medium,phase2,1174,method_1174,regular,283.0,800.0,17.9904,-1.4824,141.0625,1.9674,True,True,True,0.159,-1.5406,15,138,3
whisper-medium,phase2,1825,method_1825,regular,2468.0,7611.0,19.4969,-1.4736,160.9375,4.7574,True,True,False,1.4656,-1.1268,15,21,5
whisper-medium,phase2,1881,method_1881_counter,counter,6979.0,4150.0,8.9989,-1.4535,100.875,1.9188,True,True,True,0.6952,-1.3014,15,233,1
whisper-medium,phase2,1750,method_1750_counter,counter,7611.0,1600.0,27.0002,-1.4128,120.8125,2.5428,True,True,False,-1.0089,-6.3592,15,164,2
whisper-medium,phase2,1073,method_1073,regular,218.0,3200.0,46.5081,-1.3595,141.125,3.9323,True,True,True,2.8154,0.9137,15,110,4
whisper-medium,phase2,1810,method_1810,regular,2263.0,6400.0,17.998,-1.3284,180.875,8.5322,True,True,False,4.3648,-0.0846,15,62,5
whisper-medium,phase2,1525,method_1525,regular,673.0,7611.0,41.9929,-1.2769,200.8125,8.8951,True,True,True,6.1749,1.2474,15,6,6
whisper-medium,phase2,1518,method_1518,regular,673.0,4150.0,31.4932,-1.2718,200.8125,8.1552,True,True,True,5.9114,1.8474,15,236,1
whisper-medium,phase2,1825,method_1825_counter,counter,7611.0,2468.0,19.4969,-1.2699,100.8125,2.5912,True,True,False,-0.3224,-5.6018,15,144,3
whisper-medium,phase2,1123,method_1123_counter,counter,7611.0,238.0,59.9886,-1.2671,120.8125,3.3397,True,True,False,-0.2982,-7.1794,15,205,2
whisper-medium,phase2,1443,method_1443_counter,counter,872.0,566.0,7.4823,-1.2581,180.9375,3.0169,True,True,True,2.0095,-0.9833,15,123,4
whisper-medium,phase2,1183,method_1183,regular,283.0,1745.0,31.4922,-1.2382,141.0625,3.0669,True,True,True,1.5033,0.1817,15,175,2
whisper-medium,phase2,1144,method_1144,regular,259.0,1600.0,31.5246,-1.2167,141.125,4.0796,True,True,True,2.1989,1.0232,15,238,1
whisper-medium,phase2,1145,method_1145,regular,259.0,1745.0,33.0264,-1.2138,141.125,2.6941,True,True,False,0.6653,-1.6031,15,203,2
whisper-medium,phase2,1798,method_1798,regular,2075.0,7611.0,22.4997,-1.1892,160.9375,3.898,True,True,True,1.71,-0.7961,15,33,5
whisper-medium,phase2,1382,method_1382_counter,counter,872.0,476.0,10.4804,-1.1534,180.9375,3.5097,True,True,True,2.0661,-1.1293,15,130,4
whisper-medium,phase2,1843,method_1843_counter,counter,4935.0,2934.0,9.0022,-1.1441,120.9375,1.9986,True,True,False,-0.0089,-2.6538,15,239,1
whisper-medium,phase2,1106,method_1106_counter,counter,1745.0,238.0,34.4903,-1.1377,180.9375,6.8,True,True,True,2.1923,-0.6421,15,88,5
whisper-medium,phase2,1882,method_1882,regular,4150.0,7611.0,10.4997,-1.1271,160.9375,2.0272,True,True,False,-0.785,-2.4357,15,5,6
whisper-medium,phase2,1636,method_1636_counter,counter,2263.0,1037.0,13.5098,-1.1079,140.875,1.6869,True,True,False,0.6995,-1.7486,15,79,5
whisper-medium,phase2,1101,method_1101_counter,counter,1131.0,238.0,26.9828,-1.1005,120.9375,3.6009,True,True,False,2.8848,-1.829,15,159,3
whisper-medium,phase2,1123,method_1123,regular,238.0,7611.0,59.9886,-1.0956,161.125,5.4518,True,True,True,3.6644,1.0782,15,63,5
whisper-medium,phase2,1798,method_1798_counter,counter,7611.0,2075.0,22.4997,-1.0233,120.8125,2.7082,True,True,False,-0.9377,-5.2568,15,135,3
whisper-medium,phase2,1790,method_1790,regular,2075.0,3805.0,10.4974,-1.0087,100.9375,4.5606,True,True,True,2.7305,0.9022,15,161,3
whisper-medium,phase2,1797,method_1797,regular,2075.0,6979.0,20.9989,-1.0015,160.9375,5.5696,True,True,True,2.469,-0.1681,15,71,5
whisper-medium,phase2,1649,method_1649_counter,counter,6979.0,1037.0,33.0073,-0.9951,100.875,3.24,True,True,False,-1.5684,-6.2153,15,184,2
whisper-medium,phase2,1875,method_1875,regular,3805.0,7611.0,12.0023,-0.9812,160.875,2.1294,True,True,False,-0.8411,-2.5203,15,46,5
whisper-medium,phase2,1650,method_1650_counter,counter,7611.0,1037.0,34.508,-0.9561,120.8125,3.4083,True,True,False,-1.2824,-6.7447,15,158,3
whisper-medium,phase2,1601,method_1601,regular,872.0,6400.0,34.5081,-0.9164,200.9375,20.6513,True,True,False,7.6129,0.5901,15,96,4
whisper-medium,phase2,1843,method_1843,regular,2934.0,4935.0,9.0022,-0.912,140.9375,5.1371,True,True,False,1.0196,-1.7251,15,120,4
whisper-medium,phase2,1105,method_1105,regular,238.0,1600.0,32.9885,-0.9045,141.125,5.9063,True,True,True,1.6274,0.308,15,210,2
whisper-medium,phase2,1136,method_1136,regular,259.0,800.0,19.5246,-0.9027,201.125,1.8359,True,True,False,-0.4481,-1.3893,15,190,2
whisper-medium,phase2,1712,method_1712_counter,counter,6979.0,1345.0,28.505,-0.8797,100.875,4.0452,True,True,False,-1.8523,-6.8307,15,193,2
whisper-medium,phase2,1767,method_1767_counter,counter,7611.0,1745.0,25.4983,-0.8759,120.8125,2.9696,True,True,False,-1.3827,-6.2851,15,139,3
whisper-medium,phase2,1738,method_1738_counter,counter,2691.0,1600.0,9.0008,-0.8747,140.875,4.5883,True,True,False,0.6942,-0.9091,15,245,1
whisper-medium,phase2,1794,method_1794,regular,2075.0,5382.0,16.5004,-0.8742,160.9375,5.0593,True,True,False,1.7617,-0.439,15,89,5
whisper-medium,phase2,1754,method_1754_counter,counter,2468.0,1745.0,6.0014,-0.8713,140.9375,3.1201,True,True,False,-0.7438,-3.9681,15,212,2
whisper-medium,phase2,1144,method_1144_counter,counter,1600.0,259.0,31.5246,-0.8566,160.875,4.8841,True,True,False,-0.006,-5.9838,15,37,5
whisper-medium,phase2,1443,method_1443,regular,566.0,872.0,7.4823,-0.855,141.0,1.335,True,True,False,0.6595,-1.1337,15,157,3
whisper-medium,phase2,1318,method_1318_counter,counter,951.0,400.0,14.9933,-0.8521,120.875,2.8627,True,True,False,2.0407,-1.1887,15,87,5
whisper-medium,phase2,1874,method_1874,regular,3805.0,6979.0,10.5015,-0.8484,160.875,4.3958,True,True,False,-0.4884,-2.1472,15,52,5
whisper-medium,phase2,1835,method_1835,regular,2691.0,6400.0,14.9992,-0.8476,160.875,12.4824,True,True,False,2.5795,0.1387,15,115,4
whisper-medium,phase2,1887,method_1887,regular,4525.0,6979.0,7.5012,-0.8449,160.875,2.0511,True,True,False,-0.3132,-1.1878,15,36,5
whisper-medium,phase2,1812,method_1812_counter,counter,7611.0,2263.0,20.9982,-0.8439,100.8125,3.0217,True,True,False,-0.5551,-5.3239,15,136,3
whisper-medium,phase2,1200,method_1200_counter,counter,7611.0,283.0,56.9905,-0.8434,120.8125,4.7343,True,True,False,-0.8521,-7.8025,15,214,2
whisper-medium,phase2,1713,method_1713_counter,counter,7611.0,1345.0,30.0058,-0.8388,100.8125,4.0852,True,True,False,-0.7487,-6.6358,15,126,4
whisper-medium,phase2,1737,method_1737_counter,counter,2468.0,1600.0,7.5032,-0.8317,140.9375,4.3186,True,True,False,0.9096,-0.6541,15,248,1
whisper-medium,phase2,1066,method_1066,regular,218.0,1745.0,36.0099,-0.8161,101.125,3.1275,True,True,False,-0.4853,-2.9205,15,147,3
whisper-medium,phase2,1881,method_1881,regular,4150.0,6979.0,8.9989,-0.7874,160.9375,4.2617,True,True,False,-0.3694,-1.7267,15,31,5
whisper-medium,phase2,1718,method_1718_counter,counter,2263.0,1467.0,7.5044,-0.7784,160.875,5.4343,True,True,False,-0.0479,-2.2257,15,117,4
whisper-medium,phase2,1791,method_1791,regular,2075.0,4150.0,12.0,-0.7768,100.9375,4.422,True,True,True,2.5384,0.086,15,211,2
whisper-medium,phase2,1740,method_1740_counter,counter,3200.0,1600.0,12.0,-0.7707,140.875,4.9465,True,True,False,-1.2386,-3.8247,15,128,4
whisper-medium,phase2,1675,method_1675_counter,counter,1600.0,1234.0,4.4968,-0.7185,160.875,2.4246,False,True,False,-1.8282,-5.8381,15,121,4
whisper-medium,phase2,1679,method_1679,regular,1234.0,2263.0,10.4987,-0.6991,180.9375,7.8184,False,True,True,1.6266,1.2816,15,162,3
whisper-medium,phase2,1106,method_1106,regular,238.0,1745.0,34.4903,-0.6839,101.125,4.5144,False,True,False,0.2982,-1.4645,15,179,2
whisper-medium,phase2,1684,method_1684_counter,counter,3490.0,1234.0,17.9986,-0.6757,140.875,5.7046,False,True,False,-2.6205,-7.7046,15,155,3
whisper-medium,phase2,1525,method_1525_counter,counter,7611.0,673.0,41.9929,-0.6206,120.8125,5.9979,False,True,False,-0.9295,-6.2876,15,201,2
whisper-medium,phase2,1183,method_1183_counter,counter,1745.0,283.0,31.4922,-0.5992,160.9375,8.4852,False,True,False,2.3065,-0.9412,15,129,4
whisper-medium,phase2,1578,method_1578_counter,counter,7611.0,800.0,39.0002,-0.5968,120.8125,7.1766,False,True,False,-1.231,-6.3116,15,227,1
whisper-medium,phase2,1791,method_1791_counter,counter,4150.0,2075.0,12.0,-0.5919,160.9375,2.5564,False,True,False,-2.7007,-5.6874,15,133,3
whisper-medium,phase2,1743,method_1743_counter,counter,4150.0,1600.0,16.5005,-0.575,200.9375,3.7643,False,True,False,-2.8421,-3.9218,15,192,2
whisper-medium,phase2,1024,method_1024_counter,counter,1600.0,200.0,36.0,-0.5693,160.875,8.2546,False,True,False,-0.1664,-4.6802,15,51,5
whisper-medium,phase2,1880,method_1880,regular,4150.0,6400.0,7.4995,-0.5475,140.9375,5.576,False,True,False,0.1418,-1.4985,15,109,4
whisper-medium,phase2,1748,method_1748_counter,counter,6400.0,1600.0,24.0,-0.5431,100.875,3.0844,False,True,False,-0.6628,-2.5041,15,232,1
whisper-medium,phase2,1230,method_1230,regular,308.0,4150.0,45.0253,-0.505,181.0625,14.1045,False,True,True,5.1754,2.8132,15,204,2
whisper-medium,phase2,1783,method_1783_counter,counter,7611.0,1903.0,23.9977,-0.4937,120.8125,3.8208,False,True,False,-1.1963,-5.5004,15,169,2
whisper-medium,phase2,1793,method_1793,regular,2075.0,4935.0,14.9993,-0.4772,160.9375,10.7733,False,True,False,2.3464,-0.0571,15,91,5
whisper-medium,phase2,1105,method_1105_counter,counter,1600.0,238.0,32.9885,-0.4619,160.875,7.1532,False,True,False,-0.35,-5.1061,15,95,4
whisper-medium,phase2,1790,method_1790_counter,counter,3805.0,2075.0,10.4974,-0.4512,160.875,2.6276,False,True,False,-2.8722,-6.0079,15,85,5
whisper-medium,phase2,1627,method_1627_counter,counter,7611.0,951.0,36.0068,-0.4303,120.8125,7.5637,False,True,False,-1.3164,-6.8464,15,213,2
whisper-medium,phase2,1323,method_1323_counter,counter,1467.0,400.0,22.4976,-0.4196,180.9375,13.9177,False,True,False,1.9722,0.0474,15,150,3
whisper-medium,phase2,1383,method_1383_counter,counter,951.0,476.0,11.9818,-0.3981,120.875,4.2152,False,True,False,1.1901,-0.9916,15,84,5
whisper-medium,phase2,1766,method_1766_counter,counter,6979.0,1745.0,23.9975,-0.3901,100.875,6.1026,False,True,False,-2.5131,-6.5766,15,253,0
whisper-medium,phase2,1703,method_1703_counter,counter,3200.0,1345.0,15.0056,-0.3745,140.875,11.6138,False,True,False,-2.3918,-7.2642,15,143,3
whisper-medium,phase2,1587,method_1587_counter,counter,1903.0,872.0,13.5105,-0.3348,160.875,10.9566,False,True,False,0.6488,-0.4849,15,237,1
whisper-medium,phase2,1675,method_1675,regular,1234.0,1600.0,4.4968,-0.2992,120.9375,7.3763,False,True,True,1.2993,1.5846,15,251,0
whisper-medium,phase2,1626,method_1626_counter,counter,6979.0,951.0,34.506,-0.2876,100.875,9.656,False,True,False,-1.8393,-6.7715,15,225,1
whisper-medium,phase2,1755,method_1755_counter,counter,2691.0,1745.0,7.499,-0.2766,140.875,8.6165,False,True,False,-1.1767,-3.6985,15,247,1
whisper-medium,phase2,1880,method_1880_counter,counter,6400.0,4150.0,7.4995,-0.273,180.875,7.6343,False,True,False,0.212,-0.4342,15,243,1
whisper-medium,phase2,1552,method_1552_counter,counter,7611.0,734.0,40.4908,-0.2606,120.8125,15.8153,False,True,False,-1.3635,-6.5895,15,154,3
whisper-medium,phase2,1414,method_1414_counter,counter,951.0,519.0,10.4845,-0.2306,120.875,7.5558,False,True,False,0.7441,-0.9727,15,82,5
whisper-medium,phase2,1745,method_1745_counter,counter,4935.0,1600.0,19.4997,-0.217,200.9375,5.6912,False,True,False,-2.9318,-4.5538,15,195,2
whisper-medium,phase2,1701,method_1701_counter,counter,2691.0,1345.0,12.0064,-0.2083,160.875,36.1461,False,True,False,-1.3554,-3.7429,15,160,3
whisper-medium,phase2,1613,method_1613_counter,counter,2263.0,951.0,15.0086,-0.1949,160.875,23.4779,False,True,False,0.0261,-2.1093,15,151,3
whisper-medium,phase2,1747,method_1747_counter,counter,5869.0,1600.0,22.5005,-0.1819,140.9375,17.891,False,True,False,-1.4366,-3.9632,15,234,1
whisper-medium,phase2,1797,method_1797_counter,counter,6979.0,2075.0,20.9989,-0.1792,100.875,6.9611,False,True,False,-2.092,-5.3766,15,223,1
whisper-medium,phase2,1796,method_1796,regular,2075.0,6400.0,19.4995,-0.1259,180.9375,75.9178,False,True,False,2.6579,-0.3982,15,124,4
whisper-medium,phase2,1835,method_1835_counter,counter,6400.0,2691.0,14.9992,-0.1213,100.875,23.75,False,True,False,-1.2272,-4.6308,15,216,1
whisper-medium,phase2,1848,method_1848,regular,2934.0,7611.0,16.5026,-0.116,160.9375,80.7099,False,True,False,-0.2234,-1.6561,15,106,4
whisper-medium,phase2,1721,method_1721_counter,counter,2934.0,1467.0,12.0,-0.1063,140.9375,33.1049,False,True,False,-2.0847,-6.4159,15,148,3
whisper-medium,phase2,1603,method_1603_counter,counter,7611.0,872.0,37.5082,-0.1022,120.8125,36.5422,False,True,False,-1.4931,-6.4594,15,242,1
whisper-medium,phase2,1193,method_1193,regular,283.0,4150.0,46.4908,-0.0514,141.0625,42.4073,False,True,True,4.3433,2.542,15,186,2
whisper-medium,phase2,1720,method_1720_counter,counter,2691.0,1467.0,10.5033,-0.0365,140.875,33.5088,False,True,False,-0.95,-3.6581,15,207,2
whisper-medium,phase2,1710,method_1710_counter,counter,5869.0,1345.0,25.5061,-0.0292,140.9375,0.0,False,False,False,-1.7933,-5.652,15,218,1
whisper-medium,phase2,1746,method_1746_counter,counter,5382.0,1600.0,21.0008,-0.021,100.9375,308.6467,False,True,False,-1.3785,-3.8504,15,163,3
whisper-medium,phase2,1744,method_1744_counter,counter,4525.0,1600.0,17.9982,0.0075,200.875,59.2162,False,True,False,-3.5473,-5.6527,15,100,4
whisper-medium,phase2,1796,method_1796_counter,counter,6400.0,2075.0,19.4995,0.018,160.875,17.7952,False,True,False,-2.3815,-4.7513,15,240,1
whisper-medium,phase2,1155,method_1155,regular,259.0,4150.0,48.025,0.0226,141.125,175.4702,False,True,True,4.2431,2.3887,15,219,1
whisper-medium,phase2,1793,method_1793_counter,counter,4935.0,2075.0,14.9993,0.0229,200.9375,8.5118,False,True,False,-3.1631,-5.4245,15,254,0
whisper-medium,phase2,1778,method_1778_counter,counter,4935.0,1903.0,16.4973,0.0924,200.9375,18.3531,False,True,False,-2.7658,-5.989,15,229,1
whisper-medium,phase2,1034,method_1034_counter,counter,3805.0,200.0,50.9979,0.0964,140.875,0.0,False,False,False,-1.6716,-6.4328,15,65,5
whisper-medium,phase2,1355,method_1355_counter,counter,1345.0,436.0,19.5025,0.1013,120.875,0.0,False,False,False,0.9011,-0.6984,15,69,5
whisper-medium,phase2,1794,method_1794_counter,counter,5382.0,2075.0,16.5004,0.104,200.9375,15.286,False,True,False,-3.0002,-5.3727,15,168,2
whisper-medium,phase2,1676,method_1676,regular,1234.0,1745.0,5.9986,0.1477,120.9375,0.0,False,False,False,0.0306,-1.3109,15,235,1
whisper-medium,phase2,1776,method_1776_counter,counter,4150.0,1903.0,13.498,0.1482,160.9375,0.0,False,False,False,-2.996,-6.1075,15,134,3
whisper-medium,phase2,1273,method_1273_counter,counter,7611.0,336.0,54.0186,0.1527,120.8125,0.0,False,False,False,-1.0362,-7.789,15,250,0
whisper-medium,phase2,1387,method_1387_counter,counter,1345.0,476.0,17.9829,0.1715,120.875,0.0,False,False,False,0.5336,-0.7327,15,59,5
whisper-medium,phase2,1709,method_1709_counter,counter,5382.0,1345.0,24.0064,0.1726,100.9375,0.0,False,False,False,-1.7346,-5.4671,15,174,2
whisper-medium,phase2,1729,method_1729_counter,counter,5869.0,1467.0,24.003,0.2476,100.9375,0.0,False,False,False,-1.391,-5.2828,15,224,1
whisper-medium,phase2,1116,method_1116,regular,238.0,4150.0,49.4889,0.2562,141.125,0.0,False,False,False,3.2806,1.8769,15,180,2
whisper-medium,phase2,1677,method_1677,regular,1234.0,1903.0,7.4992,0.2611,160.9375,0.0,False,False,False,-0.1569,-0.9062,15,249,1
whisper-medium,phase2,1763,method_1763_counter,counter,5382.0,1745.0,19.499,0.2733,200.9375,0.0,False,False,False,-3.5942,-6.0937,15,228,1
whisper-medium,phase2,1808,method_1808_counter,counter,5382.0,2263.0,14.9989,0.2757,100.9375,0.0,False,False,False,-1.9633,-5.1917,15,132,3
whisper-medium,phase2,1722,method_1722_counter,counter,3200.0,1467.0,13.5024,0.2759,140.875,0.0,False,False,False,-2.3863,-6.9376,15,172,2
whisper-medium,phase2,1577,method_1577_counter,counter,6979.0,800.0,37.4994,0.2994,100.875,0.0,False,False,False,-1.8849,-5.7819,15,215,1
whisper-medium,phase2,1809,method_1809_counter,counter,5869.0,2263.0,16.4985,0.3039,100.9375,0.0,False,False,False,-1.641,-3.8153,15,197,2
whisper-medium,phase2,1418,method_1418_counter,counter,1345.0,519.0,16.4856,0.3063,100.875,0.0,False,False,False,0.3051,-0.7513,15,83,5
whisper-medium,phase2,1764,method_1764_counter,counter,5869.0,1745.0,20.9987,0.3407,100.9375,0.0,False,False,False,-2.0273,-5.2517,15,252,0
whisper-medium,phase2,1762,method_1762_counter,counter,4935.0,1745.0,17.9979,0.3585,200.9375,0.0,False,False,False,-3.7345,-5.9528,15,244,1
whisper-medium,phase2,1807,method_1807_counter,counter,4935.0,2263.0,13.4978,0.3586,160.9375,0.0,False,False,False,-2.7974,-5.251,15,188,2
whisper-medium,phase2,1730,method_1730_counter,counter,6400.0,1467.0,25.5024,0.3653,100.875,0.0,False,False,False,-2.0819,-6.2677,15,231,1
whisper-medium,phase2,1504,method_1504_counter,counter,1234.0,673.0,10.496,0.3735,120.9375,0.0,False,False,False,0.0083,-0.3762,15,209,2
whisper-medium,phase2,1810,method_1810_counter,counter,6400.0,2263.0,17.998,0.3908,160.875,0.0,False,False,False,-2.6357,-4.8385,15,246,1
whisper-medium,phase2,1155,method_1155_counter,counter,4150.0,259.0,48.025,0.4192,160.9375,0.0,False,False,False,-2.8113,-8.1583,15,112,4
whisper-medium,phase2,1032,method_1032_counter,counter,3200.0,200.0,48.0,0.4679,120.875,0.0,False,False,False,-1.2682,-6.0994,15,119,4
whisper-medium,phase2,1765,method_1765_counter,counter,6400.0,1745.0,22.4981,0.4854,100.875,0.0,False,False,False,-2.4843,-6.249,15,202,2
whisper-medium,phase2,1116,method_1116_counter,counter,4150.0,238.0,49.4889,0.5065,140.9375,0.0,False,False,False,-1.7656,-7.0156,15,56,5
whisper-medium,phase2,1230,method_1230_counter,counter,4150.0,308.0,45.0253,0.5095,160.9375,0.0,False,False,False,-2.7285,-8.1179,15,61,5
whisper-medium,phase2,1614,method_1614_counter,counter,2468.0,951.0,16.5099,0.5785,140.9375,0.0,False,False,False,-0.6849,-3.7536,15,241,1
whisper-medium,phase2,1602,method_1602_counter,counter,6979.0,872.0,36.0074,0.6989,100.875,0.0,False,False,False,-2.1321,-6.0977,15,222,1
whisper-medium,phase2,1324,method_1324_counter,counter,1600.0,400.0,24.0,0.7349,160.875,0.0,False,False,False,-0.9181,-5.4842,15,102,4
whisper-medium,phase2,1266,method_1266_counter,counter,4150.0,336.0,43.5189,0.7883,160.9375,0.0,False,False,False,-2.5523,-7.6522,15,39,5
whisper-medium,phase2,1073,method_1073_counter,counter,3200.0,218.0,46.5081,0.7938,120.875,0.0,False,False,False,-1.1664,-6.5646,15,156,3
whisper-medium,phase2,1551,method_1551_counter,counter,6979.0,734.0,38.99,0.956,100.875,0.0,False,False,False,-2.0923,-6.0453,15,217,1
whisper-medium,phase2,1400,method_1400_counter,counter,4150.0,476.0,37.4889,1.0026,160.9375,0.0,False,False,False,-2.1922,-5.9603,15,116,4
whisper-medium,phase2,1708,method_1708_counter,counter,4935.0,1345.0,22.5053,1.0056,200.9375,0.0,False,False,False,-4.1418,-5.7467,15,220,1
whisper-medium,phase2,1301,method_1301_counter,counter,4150.0,367.0,41.9911,1.0636,160.9375,0.0,False,False,False,-2.5334,-7.7067,15,54,5
whisper-medium,phase2,1727,method_1727_counter,counter,4935.0,1467.0,21.0022,1.0653,180.9375,0.0,False,False,False,-3.1733,-5.4119,15,221,1
whisper-medium,phase2,1557,method_1557_counter,counter,1234.0,800.0,7.5032,1.0906,120.9375,0.0,False,False,False,-0.6297,-0.4128,15,208,2
whisper-medium,phase2,1193,method_1193_counter,counter,4150.0,283.0,46.4908,1.1102,160.9375,0.0,False,False,False,-2.8778,-7.8924,15,60,5
whisper-medium,phase2,1621,method_1621_counter,counter,4525.0,951.0,27.0048,1.1364,160.875,0.0,False,False,False,-3.4165,-7.0056,15,137,3
whisper-medium,phase2,1619,method_1619_counter,counter,3805.0,951.0,24.0046,1.1433,160.875,0.0,False,False,False,-3.6102,-7.1698,15,194,2
whisper-medium,phase2,1601,method_1601_counter,counter,6400.0,872.0,34.5081,1.1828,120.875,0.0,False,False,False,-2.2212,-5.6385,15,189,2
whisper-medium,phase2,1583,method_1583_counter,counter,1345.0,872.0,7.5025,1.268,120.875,0.0,False,False,False,-0.7639,-0.5458,15,198,2
whisper-medium,phase2,1518,method_1518_counter,counter,4150.0,673.0,31.4932,1.3071,200.9375,0.0,False,False,False,-2.6222,-5.7941,15,80,5
whisper-medium,phase2,1432,method_1432_counter,counter,4525.0,519.0,37.4893,1.5542,200.875,0.0,False,False,False,-3.0183,-5.799,15,90,5
whisper-medium,phase2,1487,method_1487_counter,counter,3200.0,617.0,28.4968,1.6662,120.875,0.0,False,False,False,-2.0682,-6.2822,15,177,2
whisper-medium,phase2,1401,method_1401_counter,counter,4525.0,476.0,38.9866,1.7411,200.875,0.0,False,False,False,-2.9376,-5.655,15,81,5
whisper-medium,phase2,1565,method_1565_counter,counter,2468.0,800.0,19.5032,1.827,120.9375,0.0,False,False,False,-1.2043,-2.4801,15,206,2
whisper-medium,phase2,1515,method_1515_counter,counter,3200.0,673.0,26.9927,1.9727,200.875,0.0,False,False,False,-3.0594,-6.614,15,142,3
whisper-medium,phase2,1568,method_1568_counter,counter,3200.0,800.0,24.0,2.3572,200.875,0.0,False,False,False,-3.5429,-6.0161,15,170,2
whisper-small,literature,21,method_21,regular,1000.0,1850.0,10.6503,-1.4879,160.875,1.5588,True,True,True,0.7403,0.1827,15,2,5
whisper-small,literature,20,method_20,regular,1000.0,1850.0,10.6503,-1.4839,160.875,1.5641,True,True,True,0.7423,0.193,15,1,5
whisper-small,literature,60,method_60,regular,1000.0,1500.0,7.0196,-1.3235,220.875,1.5692,True,True,True,1.3511,-0.012,15,6,4
whisper-small,literature,55,method_55,regular,1000.0,2000.0,12.0,-1.3201,160.875,1.8912,True,True,True,0.6764,0.1127,15,19,3
whisper-small,literature,19,method_19_counter,counter,1850.0,1000.0,10.6503,-1.1875,140.9375,1.4012,True,True,False,0.488,-0.8736,15,3,4
whisper-small,literature,18,method_18_counter,counter,1850.0,1000.0,10.6503,-1.1714,140.9375,1.4247,True,True,False,0.4904,-0.859,15,5,4
whisper-small,literature,17,method_17_counter,counter,1850.0,1000.0,10.6503,-1.1598,140.9375,1.4334,True,True,False,0.4877,-0.8545,15,4,4
whisper-small,literature,9,method_9,regular,600.0,1000.0,8.8436,-1.0808,171.0,1.2943,True,True,True,0.5623,0.0661,15,14,3
whisper-small,literature,44,method_44,regular,633.0,1000.0,7.9167,-0.9924,210.875,1.3068,True,True,True,0.5856,-0.2463,15,18,3
whisper-small,literature,30,method_30_counter,counter,1200.0,1000.0,3.1564,-0.9741,140.9375,1.6212,True,True,True,0.2616,-0.2613,15,20,3
whisper-small,literature,29,method_29_counter,counter,1200.0,1000.0,3.1564,-0.971,140.9375,1.6334,True,True,True,0.2582,-0.2618,15,21,3
whisper-small,literature,31,method_31_counter,counter,1200.0,1000.0,3.1564,-0.9689,140.9375,1.6255,True,True,True,0.262,-0.2612,15,23,3
whisper-small,literature,28,method_28_counter,counter,1200.0,1000.0,3.1564,-0.9672,140.9375,1.633,True,True,True,0.2586,-0.2631,15,24,3
whisper-small,literature,32,method_32_counter,counter,1200.0,1000.0,3.1564,-0.9626,140.9375,1.6364,True,True,True,0.2576,-0.2619,15,25,3
whisper-small,literature,53,method_53_counter,counter,1200.0,1000.0,3.1564,-0.9162,100.9375,1.5655,True,True,True,0.7436,-0.1822,15,12,3
whisper-small,literature,10,method_10_counter,counter,1122.0,1000.0,1.9929,-0.7274,180.9375,1.3416,False,True,True,0.9329,0.2287,15,44,1
whisper-small,literature,55,method_55_counter,counter,2000.0,1000.0,12.0,-0.6689,220.9375,1.7374,False,True,True,1.1286,-0.3663,15,15,3
whisper-small,literature,31,method_31,regular,1000.0,1200.0,3.1564,-0.5717,180.875,1.1457,False,True,True,0.3479,-0.0571,15,28,2
whisper-small,literature,32,method_32,regular,1000.0,1200.0,3.1564,-0.5715,180.875,1.1359,False,True,True,0.345,-0.0597,15,32,2
whisper-small,literature,28,method_28,regular,1000.0,1200.0,3.1564,-0.5691,180.875,1.14,False,True,True,0.3424,-0.0607,15,29,2
whisper-small,literature,30,method_30,regular,1000.0,1200.0,3.1564,-0.565,180.875,1.1422,False,True,True,0.3419,-0.0561,15,31,2
whisper-small,literature,29,method_29,regular,1000.0,1200.0,3.1564,-0.5595,180.875,1.1369,False,True,True,0.3365,-0.0563,15,30,2
whisper-small,literature,44,method_44_counter,counter,1000.0,633.0,7.9167,-0.4664,150.875,2.6064,False,True,True,0.0958,0.0122,15,27,2
whisper-small,literature,33,method_33,regular,1000.0,1200.0,3.1564,-0.4436,140.875,1.7971,False,True,True,0.1959,-0.0394,15,36,2
whisper-small,literature,27,method_27,regular,1000.0,1064.0,1.074,-0.4314,120.875,5.4965,False,True,False,0.0226,-0.4372,15,35,2
whisper-small,literature,60,method_60_counter,counter,1500.0,1000.0,7.0196,-0.405,140.9375,3.9946,False,True,False,0.0382,-0.553,15,9,3
whisper-small,literature,37,method_37_counter,counter,1050.0,1000.0,0.8447,-0.3558,180.875,1.9467,False,True,True,0.4371,0.3245,15,43,2
whisper-small,literature,12,method_12,regular,1000.0,1200.0,3.1564,-0.3408,140.875,1.7784,False,True,True,-0.0398,-0.1881,15,40,2
whisper-small,literature,43,method_43_counter,counter,700.0,633.0,1.7418,-0.2982,150.875,2.0914,False,True,True,0.1296,0.0121,15,48,0
whisper-small,literature,43,method_43,regular,633.0,700.0,1.7418,-0.294,210.875,0.7736,False,True,True,0.2328,-0.0739,15,26,2
whisper-small,literature,19,method_19,regular,1000.0,1850.0,10.6503,-0.247,100.875,4.646,False,True,True,-0.1422,-0.2193,15,13,3
whisper-small,literature,18,method_18,regular,1000.0,1850.0,10.6503,-0.2263,100.875,4.8991,False,True,True,-0.1329,-0.1829,15,11,3
whisper-small,literature,17,method_17,regular,1000.0,1850.0,10.6503,-0.2256,100.875,4.8729,False,True,True,-0.123,-0.161,15,10,3
whisper-small,literature,21,method_21_counter,counter,1850.0,1000.0,10.6503,-0.2081,220.9375,1.8238,False,True,False,0.3199,-0.3529,15,16,3
whisper-small,literature,20,method_20_counter,counter,1850.0,1000.0,10.6503,-0.1999,220.9375,1.9109,False,True,False,0.3219,-0.3472,15,17,3
whisper-small,literature,37,method_37,regular,1000.0,1050.0,0.8447,-0.1879,120.875,3.4287,False,True,False,-0.1969,-0.5499,15,41,2
whisper-small,literature,10,method_10,regular,1000.0,1122.0,1.9929,-0.1172,120.875,7.27,False,True,False,-0.2611,-0.6293,15,42,2
whisper-small,literature,53,method_53,regular,1000.0,1200.0,3.1564,-0.0582,200.875,3.3593,False,True,False,0.0678,-0.2458,15,34,2
whisper-small,literature,74,method_74_counter,counter,1500.0,1000.0,7.0196,-0.0381,100.9375,0.0,False,False,False,0.1706,-0.0017,15,39,2
whisper-small,literature,9,method_9_counter,counter,1000.0,600.0,8.8436,0.007,110.875,0.0,False,False,False,-0.1596,0.0371,15,38,2
whisper-small,literature,72,method_72,regular,1000.0,1200.0,3.1564,0.0221,100.875,1.7052,False,True,True,0.0807,-0.0039,15,8,4
whisper-small,literature,75,method_75,regular,1000.0,1200.0,3.1564,0.0237,100.875,1.7097,False,True,True,0.0749,-0.0116,15,7,4
whisper-small,literature,33,method_33_counter,counter,1200.0,1000.0,3.1564,0.0384,220.9375,20.7019,False,True,True,0.3578,0.0544,15,33,2
whisper-small,literature,12,method_12_counter,counter,1200.0,1000.0,3.1564,0.0896,100.9375,0.0,False,False,False,0.0252,-0.2538,15,37,2
whisper-small,literature,75,method_75_counter,counter,1200.0,1000.0,3.1564,0.1022,220.9375,5.0587,False,True,False,-0.2532,-0.1415,15,46,1
whisper-small,literature,72,method_72_counter,counter,1200.0,1000.0,3.1564,0.1065,220.9375,5.3109,False,True,False,-0.2543,-0.1475,15,47,1
whisper-small,literature,74,method_74,regular,1000.0,1500.0,7.0196,0.1096,120.875,0.8085,False,True,True,0.096,-0.0401,15,22,3
whisper-small,literature,27,method_27_counter,counter,1064.0,1000.0,1.074,0.254,160.875,2.0501,False,True,True,0.1161,0.3119,15,45,1
whisper-small,phase2,1812,method_1812,regular,2263.0,7611.0,20.9982,-3.3269,200.875,1.3486,True,True,True,3.5784,0.3975,15,1,6
whisper-small,phase2,1578,method_1578,regular,800.0,7611.0,39.0002,-3.1318,220.9375,1.592,True,True,True,4.1337,1.127,15,24,5
whisper-small,phase2,1525,method_1525,regular,673.0,7611.0,41.9929,-3.054,200.8125,1.6315,True,True,True,4.0584,1.1348,15,6,6
whisper-small,phase2,1882,method_1882,regular,4150.0,7611.0,10.4997,-2.9654,200.9375,1.2691,True,True,True,3.0989,0.5497,15,5,6
whisper-small,phase2,1552,method_1552,regular,734.0,7611.0,40.4908,-2.9346,200.875,1.6642,True,True,True,3.9543,1.2047,15,104,4
whisper-small,phase2,1798,method_1798,regular,2075.0,7611.0,22.4997,-2.9191,200.9375,1.4452,True,True,True,3.3846,0.7713,15,33,5
whisper-small,phase2,1603,method_1603,regular,872.0,7611.0,37.5082,-2.8745,200.9375,1.834,True,True,True,4.3724,1.497,15,4,6
whisper-small,phase2,1627,method_1627,regular,951.0,7611.0,36.0068,-2.8592,220.875,1.8719,True,True,True,4.7088,1.5355,15,3,6
whisper-small,phase2,1825,method_1825,regular,2468.0,7611.0,19.4969,-2.8416,200.9375,1.3492,True,True,True,3.1877,0.5216,15,21,5
whisper-small,phase2,1848,method_1848,regular,2934.0,7611.0,16.5026,-2.7169,200.9375,1.4808,True,True,True,3.1215,0.3655,15,106,4
whisper-small,phase2,1650,method_1650,regular,1037.0,7611.0,34.508,-2.5794,220.875,1.8986,True,True,True,4.3041,1.4113,15,30,5
whisper-small,phase2,1750,method_1750,regular,1600.0,7611.0,27.0002,-2.5701,140.875,0.9288,True,True,True,2.0848,0.918,15,2,6
whisper-small,phase2,1875,method_1875,regular,3805.0,7611.0,12.0023,-2.5212,200.875,1.0982,True,True,True,2.3994,0.321,15,46,5
whisper-small,phase2,1713,method_1713,regular,1345.0,7611.0,30.0058,-2.3533,220.875,1.7826,True,True,True,3.7776,0.9189,15,93,4
whisper-small,phase2,1767,method_1767,regular,1745.0,7611.0,25.4983,-2.2033,160.9375,0.9136,True,True,True,2.3767,1.1728,15,94,4
whisper-small,phase2,1273,method_1273,regular,336.0,7611.0,54.0186,-2.1795,200.75,2.0969,True,True,True,3.5482,1.2861,15,50,5
whisper-small,phase2,1783,method_1783,regular,1903.0,7611.0,23.9977,-2.1366,200.875,1.7694,True,True,True,3.0516,1.0737,15,29,5
whisper-small,phase2,1200,method_1200,regular,283.0,7611.0,56.9905,-1.9156,201.0625,1.9921,True,True,True,2.9071,1.0536,15,57,5
whisper-small,phase2,1116,method_1116_counter,counter,4150.0,238.0,49.4889,-1.8934,100.9375,0.5872,True,True,True,0.6485,-0.4943,15,56,5
whisper-small,phase2,1105,method_1105_counter,counter,1600.0,238.0,32.9885,-1.7454,140.875,1.1981,True,True,True,0.979,0.0513,15,95,4
whisper-small,phase2,1808,method_1808,regular,2263.0,5382.0,14.9989,-1.7099,200.875,1.3809,True,True,True,1.6243,0.3222,15,73,5
whisper-small,phase2,1193,method_1193_counter,counter,4150.0,283.0,46.4908,-1.7057,100.9375,0.8777,True,True,True,0.4979,-0.6273,15,60,5
whisper-small,phase2,1024,method_1024_counter,counter,1600.0,200.0,36.0,-1.6956,140.875,1.3104,True,True,True,0.9616,0.0247,15,51,5
whisper-small,phase2,1144,method_1144_counter,counter,1600.0,259.0,31.5246,-1.6695,140.875,1.3848,True,True,True,0.8771,0.0075,15,37,5
whisper-small,phase2,1155,method_1155_counter,counter,4150.0,259.0,48.025,-1.6653,100.9375,0.6245,True,True,True,0.5129,-0.5607,15,112,4
whisper-small,phase2,1042,method_1042,regular,200.0,7611.0,63.0002,-1.6155,201.125,1.8251,True,True,True,2.2194,0.6687,15,74,5
whisper-small,phase2,1400,method_1400_counter,counter,4150.0,476.0,37.4889,-1.5853,100.9375,1.7353,True,True,True,0.2114,-0.8183,15,116,4
whisper-small,phase2,1743,method_1743_counter,counter,4150.0,1600.0,16.5005,-1.5648,100.9375,1.2187,True,True,True,0.2345,-0.3579,15,192,2
whisper-small,phase2,1776,method_1776_counter,counter,4150.0,1903.0,13.498,-1.542,100.9375,1.1497,True,True,True,0.1985,-0.6298,15,134,3
whisper-small,phase2,1101,method_1101_counter,counter,1131.0,238.0,26.9828,-1.5365,220.9375,1.8144,True,True,True,2.5364,0.5934,15,159,3
whisper-small,phase2,1810,method_1810,regular,2263.0,6400.0,17.998,-1.5272,200.875,1.3948,True,True,True,1.2868,0.32,15,62,5
whisper-small,phase2,1718,method_1718_counter,counter,2263.0,1467.0,7.5044,-1.5222,200.875,1.047,True,True,True,0.9933,-0.4393,15,117,4
whisper-small,phase2,1324,method_1324_counter,counter,1600.0,400.0,24.0,-1.517,140.875,1.6581,True,True,True,0.7002,-0.196,15,102,4
whisper-small,phase2,1323,method_1323_counter,counter,1467.0,400.0,22.4976,-1.5113,140.9375,1.7616,True,True,True,0.7845,-0.0571,15,150,3
whisper-small,phase2,1791,method_1791_counter,counter,4150.0,2075.0,12.0,-1.5083,100.9375,1.3585,True,True,True,0.2001,-0.5159,15,133,3
whisper-small,phase2,1809,method_1809,regular,2263.0,5869.0,16.4985,-1.5045,200.875,1.2657,True,True,True,1.1774,0.2223,15,9,6
whisper-small,phase2,1749,method_1749,regular,1600.0,6979.0,25.4994,-1.4517,140.875,1.6059,True,True,True,1.1319,0.5885,15,101,4
whisper-small,phase2,1418,method_1418,regular,519.0,1345.0,16.4856,-1.4253,201.0,2.0762,True,True,False,1.0799,-0.3392,15,111,4
whisper-small,phase2,1073,method_1073_counter,counter,3200.0,218.0,46.5081,-1.4175,180.875,0.9005,True,True,True,0.5065,-1.0589,15,156,3
whisper-small,phase2,1123,method_1123,regular,238.0,7611.0,59.9886,-1.3697,221.125,1.9681,True,True,True,2.436,0.8611,15,63,5
whisper-small,phase2,1807,method_1807,regular,2263.0,4935.0,13.4978,-1.3575,180.875,1.2312,True,True,True,1.4505,0.1797,15,42,5
whisper-small,phase2,1136,method_1136_counter,counter,800.0,259.0,19.5246,-1.3574,180.9375,1.3721,True,True,True,1.49,0.1154,15,75,5
whisper-small,phase2,1881,method_1881,regular,4150.0,6979.0,8.9989,-1.3498,100.9375,0.5714,True,True,True,0.6394,0.0841,15,31,5
whisper-small,phase2,1699,method_1699_counter,counter,2263.0,1345.0,9.0076,-1.341,200.875,1.353,True,True,True,0.651,-0.1954,15,48,5
whisper-small,phase2,1797,method_1797,regular,2075.0,6979.0,20.9989,-1.3271,200.9375,1.6287,True,True,True,1.491,0.4677,15,71,5
whisper-small,phase2,1794,method_1794,regular,2075.0,5382.0,16.5004,-1.3161,200.9375,1.5702,True,True,True,1.4221,0.5197,15,89,5
whisper-small,phase2,1387,method_1387,regular,476.0,1345.0,17.9829,-1.309,200.9375,2.7281,True,True,False,1.1037,0.0691,15,140,3
whisper-small,phase2,1738,method_1738,regular,1600.0,2691.0,9.0008,-1.3014,140.875,1.9036,True,True,True,0.8571,0.2871,15,22,5
whisper-small,phase2,1739,method_1739,regular,1600.0,2934.0,10.4976,-1.2924,140.875,1.8661,True,True,True,0.8476,0.1804,15,28,5
whisper-small,phase2,1551,method_1551,regular,734.0,6979.0,38.99,-1.287,120.875,0.954,True,True,True,1.3712,0.7898,15,125,4
whisper-small,phase2,1432,method_1432,regular,519.0,4525.0,37.4893,-1.2411,221.0,0.0,False,False,False,1.9815,0.495,15,176,2
whisper-small,phase2,1740,method_1740,regular,1600.0,3200.0,12.0,-1.2368,140.875,1.8613,True,True,True,0.9986,0.4295,15,10,5
whisper-small,phase2,1230,method_1230_counter,counter,4150.0,308.0,45.0253,-1.2225,100.9375,1.0276,True,True,True,0.2135,-0.7395,15,61,5
whisper-small,phase2,1712,method_1712,regular,1345.0,6979.0,28.505,-1.2222,140.875,1.14,True,True,True,1.1736,0.7146,15,41,5
whisper-small,phase2,1720,method_1720,regular,1467.0,2691.0,10.5033,-1.2213,140.9375,1.8794,True,True,True,0.9057,0.3385,15,40,5
whisper-small,phase2,1032,method_1032_counter,counter,3200.0,200.0,48.0,-1.2086,180.875,0.7787,True,True,True,0.382,-0.8888,15,119,4
whisper-small,phase2,1318,method_1318_counter,counter,951.0,400.0,14.9933,-1.1971,160.875,1.4722,True,True,True,1.0338,0.3028,15,87,5
whisper-small,phase2,1880,method_1880,regular,4150.0,6400.0,7.4995,-1.1858,200.9375,1.3609,True,True,True,0.7938,0.041,15,109,4
whisper-small,phase2,1721,method_1721,regular,1467.0,2934.0,12.0,-1.1796,140.9375,1.889,True,True,True,0.9166,0.2147,15,103,4
whisper-small,phase2,1432,method_1432_counter,counter,4525.0,519.0,37.4893,-1.1744,100.875,4.117,True,True,False,-0.0839,-0.9811,15,90,5
whisper-small,phase2,1515,method_1515,regular,673.0,3200.0,26.9927,-1.174,140.8125,1.4434,True,True,True,1.2426,0.6098,15,15,5
whisper-small,phase2,1577,method_1577,regular,800.0,6979.0,37.4994,-1.1726,200.9375,2.3285,True,True,True,1.9735,0.6716,15,113,4
whisper-small,phase2,1034,method_1034_counter,counter,3805.0,200.0,50.9979,-1.171,100.875,0.6175,True,True,True,0.2823,-0.9901,15,65,5
whisper-small,phase2,1355,method_1355_counter,counter,1345.0,436.0,19.5025,-1.1597,140.875,1.6671,True,True,True,0.4478,0.0466,15,69,5
whisper-small,phase2,1401,method_1401_counter,counter,4525.0,476.0,38.9866,-1.1581,100.875,3.9951,True,True,False,-0.1914,-1.0913,15,81,5
whisper-small,phase2,1266,method_1266_counter,counter,4150.0,336.0,43.5189,-1.1357,100.9375,1.1856,True,True,True,0.1046,-0.816,15,39,5
whisper-small,phase2,1301,method_1301_counter,counter,4150.0,367.0,41.9911,-1.1349,100.9375,1.3548,True,True,True,0.0816,-0.8774,15,54,5
whisper-small,phase2,1746,method_1746,regular,1600.0,5382.0,21.0008,-1.128,140.875,1.8185,True,True,True,1.1303,0.5037,15,43,5
whisper-small,phase2,1744,method_1744_counter,counter,4525.0,1600.0,17.9982,-1.1277,100.875,1.7155,True,True,True,-0.0909,-0.5161,15,100,4
whisper-small,phase2,1722,method_1722,regular,1467.0,3200.0,13.5024,-1.1257,140.9375,1.909,True,True,True,1.0505,0.4329,15,14,5
whisper-small,phase2,1745,method_1745,regular,1600.0,4935.0,19.4997,-1.1024,140.875,1.77,True,True,True,1.0446,0.4474,15,17,5
whisper-small,phase2,1747,method_1747,regular,1600.0,5869.0,22.5005,-1.1,140.875,1.9935,True,True,True,0.9349,0.4033,15,23,5
whisper-small,phase2,1355,method_1355,regular,436.0,1345.0,19.5025,-1.0951,200.875,4.3674,True,True,False,0.8844,0.1362,15,99,4
whisper-small,phase2,1701,method_1701,regular,1345.0,2691.0,12.0064,-1.0882,140.875,1.3691,True,True,True,0.9378,0.4971,15,20,5
whisper-small,phase2,1748,method_1748,regular,1600.0,6400.0,24.0,-1.0865,140.875,2.0252,True,True,True,0.9742,0.4778,15,97,4
whisper-small,phase2,1626,method_1626,regular,951.0,6979.0,34.506,-1.078,120.875,0.7535,True,True,True,1.4644,1.0635,15,105,4
whisper-small,phase2,1796,method_1796,regular,2075.0,6400.0,19.4995,-1.0726,200.9375,1.7226,True,True,True,1.0589,0.4743,15,124,4
whisper-small,phase2,1174,method_1174_counter,counter,800.0,283.0,17.9904,-1.0544,180.9375,1.3319,True,True,True,1.1574,0.035,15,76,5
whisper-small,phase2,1703,method_1703,regular,1345.0,3200.0,15.0056,-1.0528,140.875,1.2951,True,True,True,1.0972,0.5588,15,34,5
whisper-small,phase2,1887,method_1887,regular,4525.0,6979.0,7.5012,-1.047,100.875,0.9864,True,True,True,0.3042,-0.07,15,36,5
whisper-small,phase2,1183,method_1183_counter,counter,1745.0,283.0,31.4922,-1.0396,140.9375,1.2334,True,True,True,0.6401,0.1721,15,129,4
whisper-small,phase2,1679,method_1679_counter,counter,2263.0,1234.0,10.4987,-1.0375,200.875,1.3527,True,True,True,0.2929,-0.4715,15,27,5
whisper-small,phase2,1383,method_1383_counter,counter,951.0,476.0,11.9818,-1.0355,120.875,1.2822,True,True,True,0.8663,0.5374,15,84,5
whisper-small,phase2,1790,method_1790_counter,counter,3805.0,2075.0,10.4974,-1.0301,100.875,2.0616,True,True,False,-0.2149,-0.8799,15,85,5
whisper-small,phase2,1106,method_1106_counter,counter,1745.0,238.0,34.4903,-1.0241,140.9375,1.0466,True,True,True,0.8503,0.346,15,88,5
whisper-small,phase2,1754,method_1754_counter,counter,2468.0,1745.0,6.0014,-1.0,200.9375,0.8531,True,True,True,0.4348,-0.5689,15,212,2
whisper-small,phase2,1066,method_1066_counter,counter,1745.0,218.0,36.0099,-1.0,140.9375,1.0254,True,True,True,0.8408,0.2156,15,8,6
whisper-small,phase2,1602,method_1602,regular,872.0,6979.0,36.0074,-0.9971,200.9375,3.1089,True,True,True,2.3881,1.0709,15,122,4
whisper-small,phase2,1727,method_1727,regular,1467.0,4935.0,21.0022,-0.9966,140.9375,1.7491,True,True,True,1.0207,0.4221,15,32,5
whisper-small,phase2,1387,method_1387_counter,counter,1345.0,476.0,17.9829,-0.9963,140.875,2.0009,True,True,True,0.3375,0.0974,15,59,5
whisper-small,phase2,1487,method_1487,regular,617.0,3200.0,28.4968,-0.9961,221.0,2.357,True,True,True,1.8636,0.6886,15,35,5
whisper-small,phase2,1145,method_1145_counter,counter,1745.0,259.0,33.0264,-0.9714,140.9375,1.2835,True,True,True,0.7613,0.1933,15,86,5
whisper-small,phase2,1708,method_1708,regular,1345.0,4935.0,22.5053,-0.9673,140.875,1.097,True,True,True,1.1329,0.5375,15,47,5
whisper-small,phase2,1613,method_1613,regular,951.0,2263.0,15.0086,-0.963,120.875,1.5905,True,True,True,0.7533,0.6808,15,58,5
whisper-small,phase2,1720,method_1720_counter,counter,2691.0,1467.0,10.5033,-0.9597,200.875,0.8604,True,True,True,0.3667,-0.6588,15,207,2
whisper-small,phase2,1730,method_1730,regular,1467.0,6400.0,25.5024,-0.9595,140.9375,2.042,True,True,True,0.9367,0.4673,15,25,5
whisper-small,phase2,1793,method_1793,regular,2075.0,4935.0,14.9993,-0.9585,200.9375,1.818,True,True,True,1.2638,0.4719,15,91,5
whisper-small,phase2,1504,method_1504,regular,673.0,1234.0,10.496,-0.942,200.8125,1.2917,True,True,True,0.7585,-0.2426,15,55,5
whisper-small,phase2,1401,method_1401,regular,476.0,4525.0,38.9866,-0.9389,220.9375,0.0,False,False,False,2.0035,0.5642,15,166,2
whisper-small,phase2,1835,method_1835,regular,2691.0,6400.0,14.9992,-0.9389,200.875,1.5253,True,True,True,0.7963,0.1936,15,115,4
whisper-small,phase2,1709,method_1709,regular,1345.0,5382.0,24.0064,-0.9259,140.875,1.2639,True,True,True,1.1733,0.6022,15,72,5
whisper-small,phase2,1729,method_1729,regular,1467.0,5869.0,24.003,-0.923,140.9375,2.0477,True,True,True,0.8684,0.3886,15,26,5
whisper-small,phase2,1601,method_1601,regular,872.0,6400.0,34.5081,-0.9216,120.9375,1.1855,True,True,True,1.3163,0.9171,15,96,4
whisper-small,phase2,1414,method_1414_counter,counter,951.0,519.0,10.4845,-0.9213,120.875,1.4229,True,True,True,0.8877,0.5667,15,82,5
whisper-small,phase2,1443,method_1443,regular,566.0,872.0,7.4823,-0.9197,221.0,1.573,True,True,False,0.61,-0.572,15,157,3
whisper-small,phase2,1568,method_1568,regular,800.0,3200.0,24.0,-0.9196,220.9375,2.2209,True,True,True,1.4962,0.5505,15,19,5
whisper-small,phase2,1565,method_1565,regular,800.0,2468.0,19.5032,-0.9157,220.9375,2.0257,True,True,True,1.109,0.5085,15,98,4
whisper-small,phase2,1583,method_1583,regular,872.0,1345.0,7.5025,-0.9108,200.9375,2.2366,True,True,True,1.5124,0.6551,15,108,4
whisper-small,phase2,1766,method_1766,regular,1745.0,6979.0,23.9975,-0.9084,160.9375,1.7311,True,True,True,1.2187,0.9108,15,7,6
whisper-small,phase2,1874,method_1874,regular,3805.0,6979.0,10.5015,-0.8928,100.875,0.8003,True,True,True,0.3621,-0.2059,15,52,5
whisper-small,phase2,1557,method_1557,regular,800.0,1234.0,7.5032,-0.8885,200.9375,2.002,True,True,True,0.6557,-0.1757,15,53,5
whisper-small,phase2,1737,method_1737,regular,1600.0,2468.0,7.5032,-0.8721,140.875,2.0553,True,True,True,0.6272,0.3148,15,13,5
whisper-small,phase2,1518,method_1518_counter,counter,4150.0,673.0,31.4932,-0.8646,100.9375,1.7687,True,True,True,-0.1922,-0.7789,15,80,5
whisper-small,phase2,1710,method_1710,regular,1345.0,5869.0,25.5061,-0.861,140.875,1.4595,True,True,True,0.943,0.4756,15,16,5
whisper-small,phase2,1755,method_1755_counter,counter,2691.0,1745.0,7.499,-0.8428,200.875,0.8946,True,True,True,0.1516,-0.7486,15,247,1
whisper-small,phase2,1684,method_1684_counter,counter,3490.0,1234.0,17.9986,-0.8275,100.875,1.5301,True,True,True,-0.2469,-1.1182,15,155,3
whisper-small,phase2,1649,method_1649,regular,1037.0,6979.0,33.0073,-0.8272,140.875,1.6077,True,True,True,1.3546,1.0031,15,66,5
whisper-small,phase2,1418,method_1418_counter,counter,1345.0,519.0,16.4856,-0.8168,140.875,2.3763,True,True,True,0.3506,0.1025,15,83,5
whisper-small,phase2,1721,method_1721_counter,counter,2934.0,1467.0,12.0,-0.8105,200.9375,1.2705,True,True,False,0.24,-0.8278,15,148,3
whisper-small,phase2,1636,method_1636_counter,counter,2263.0,1037.0,13.5098,-0.8098,180.875,1.3363,True,True,False,0.0729,-0.6504,15,79,5
whisper-small,phase2,1763,method_1763,regular,1745.0,5382.0,19.499,-0.8041,160.9375,1.8697,True,True,True,1.2605,0.7954,15,70,5
whisper-small,phase2,1677,method_1677,regular,1234.0,1903.0,7.4992,-0.7888,220.9375,1.7435,True,True,True,1.1345,0.1811,15,249,1
whisper-small,phase2,1701,method_1701_counter,counter,2691.0,1345.0,12.0064,-0.7845,200.875,1.486,True,True,True,0.0752,-0.4888,15,160,3
whisper-small,phase2,1718,method_1718,regular,1467.0,2263.0,7.5044,-0.7764,120.9375,2.3269,True,True,True,0.5942,0.2627,15,68,5
whisper-small,phase2,1843,method_1843,regular,2934.0,4935.0,9.0022,-0.7687,200.9375,2.109,True,True,True,1.1034,0.0799,15,120,4
whisper-small,phase2,1382,method_1382_counter,counter,872.0,476.0,10.4804,-0.7632,120.9375,1.4175,True,True,True,0.6673,0.4034,15,130,4
whisper-small,phase2,1755,method_1755,regular,1745.0,2691.0,7.499,-0.7542,140.9375,2.3206,True,True,True,0.8904,0.6538,15,44,5
whisper-small,phase2,1614,method_1614,regular,951.0,2468.0,16.5099,-0.7515,220.875,2.92,True,True,True,1.7016,0.8744,15,78,5
whisper-small,phase2,1679,method_1679,regular,1234.0,2263.0,10.4987,-0.7408,120.9375,2.1154,False,True,True,0.5983,0.5834,15,162,3
whisper-small,phase2,1722,method_1722_counter,counter,3200.0,1467.0,13.5024,-0.7385,200.875,1.8463,False,True,False,-0.2874,-1.1975,15,172,2
whisper-small,phase2,1737,method_1737_counter,counter,2468.0,1600.0,7.5032,-0.7276,180.9375,1.34,False,True,True,0.429,-0.2386,15,248,1
whisper-small,phase2,1587,method_1587,regular,872.0,1903.0,13.5105,-0.7247,220.9375,2.7507,False,True,True,1.5682,0.7256,15,152,3
whisper-small,phase2,1619,method_1619,regular,951.0,3805.0,24.0046,-0.7171,220.875,4.4533,False,True,True,2.275,1.0079,15,145,3
whisper-small,phase2,1699,method_1699,regular,1345.0,2263.0,9.0076,-0.6613,120.875,2.4677,False,True,True,0.5384,0.3943,15,92,4
whisper-small,phase2,1621,method_1621,regular,951.0,4525.0,27.0048,-0.6613,220.875,5.0471,False,True,True,2.0697,0.8306,15,114,4
whisper-small,phase2,1762,method_1762,regular,1745.0,4935.0,17.9979,-0.6544,160.9375,1.8231,False,True,True,1.1091,0.7787,15,12,5
whisper-small,phase2,1754,method_1754,regular,1745.0,2468.0,6.0014,-0.6423,160.9375,2.0882,False,True,True,0.6846,0.6799,15,118,4
whisper-small,phase2,1557,method_1557_counter,counter,1234.0,800.0,7.5032,-0.642,140.9375,2.406,False,True,True,0.2218,0.1076,15,208,2
whisper-small,phase2,1400,method_1400,regular,476.0,4150.0,37.4889,-0.6008,220.9375,0.0,False,False,False,1.4838,0.4339,15,171,2
whisper-small,phase2,1764,method_1764,regular,1745.0,5869.0,20.9987,-0.5838,160.9375,2.2988,False,True,True,0.9609,0.6848,15,38,5
whisper-small,phase2,1738,method_1738_counter,counter,2691.0,1600.0,9.0008,-0.5501,200.875,1.5722,False,True,True,0.1329,-0.4366,15,245,1
whisper-small,phase2,1765,method_1765,regular,1745.0,6400.0,22.4981,-0.5449,160.9375,2.4697,False,True,True,1.0176,0.7917,15,11,5
whisper-small,phase2,1778,method_1778,regular,1903.0,4935.0,16.4973,-0.522,160.875,1.9448,False,True,True,0.8669,0.5017,15,146,3
whisper-small,phase2,1843,method_1843_counter,counter,4935.0,2934.0,9.0022,-0.512,100.9375,5.0929,False,True,False,-0.0221,-0.383,15,239,1
whisper-small,phase2,1414,method_1414,regular,519.0,951.0,10.4845,-0.5002,201.0,0.0,False,False,False,0.4068,-0.4822,15,173,2
whisper-small,phase2,1794,method_1794_counter,counter,5382.0,2075.0,16.5004,-0.495,100.9375,6.762,False,True,False,-0.3876,-0.4952,15,168,2
whisper-small,phase2,1778,method_1778_counter,counter,4935.0,1903.0,16.4973,-0.475,100.9375,2.505,False,True,True,-0.4664,-0.6569,15,229,1
whisper-small,phase2,1747,method_1747_counter,counter,5869.0,1600.0,22.5005,-0.4541,100.9375,4.2932,False,True,True,-0.2011,-0.1394,15,234,1
whisper-small,phase2,1793,method_1793_counter,counter,4935.0,2075.0,14.9993,-0.4465,100.9375,4.0878,False,True,True,-0.492,-0.624,15,254,0
whisper-small,phase2,1636,method_1636,regular,1037.0,2263.0,13.5098,-0.4392,120.875,3.2885,False,True,True,0.4486,0.5366,15,127,4
whisper-small,phase2,1518,method_1518,regular,673.0,4150.0,31.4932,-0.3998,220.8125,8.8673,False,True,True,1.1135,0.4622,15,236,1
whisper-small,phase2,1383,method_1383,regular,476.0,951.0,11.9818,-0.3863,200.9375,0.0,False,False,False,0.3125,-0.25,15,167,2
whisper-small,phase2,1746,method_1746_counter,counter,5382.0,1600.0,21.0008,-0.3851,100.9375,6.0447,False,True,False,-0.4484,-0.4994,15,163,3
whisper-small,phase2,1613,method_1613_counter,counter,2263.0,951.0,15.0086,-0.3658,200.875,2.4733,False,True,False,-0.5493,-0.9111,15,151,3
whisper-small,phase2,1676,method_1676,regular,1234.0,1745.0,5.9986,-0.3598,220.9375,2.4774,False,True,True,0.8049,0.2112,15,235,1
whisper-small,phase2,1621,method_1621_counter,counter,4525.0,951.0,27.0048,-0.3524,100.875,5.5333,False,True,False,-0.6403,-1.2745,15,137,3
whisper-small,phase2,1745,method_1745_counter,counter,4935.0,1600.0,19.4997,-0.3304,100.9375,3.9975,False,True,False,-0.5777,-0.6948,15,195,2
whisper-small,phase2,1583,method_1583_counter,counter,1345.0,872.0,7.5025,-0.3292,140.875,3.9816,False,True,False,-0.3052,-0.6137,15,198,2
whisper-small,phase2,1790,method_1790,regular,2075.0,3805.0,10.4974,-0.3263,200.9375,3.5133,False,True,True,0.7368,0.2876,15,161,3
whisper-small,phase2,1764,method_1764_counter,counter,5869.0,1745.0,20.9987,-0.3262,100.9375,3.6335,False,True,True,-0.2405,-0.2517,15,252,0
whisper-small,phase2,1710,method_1710_counter,counter,5869.0,1345.0,25.5061,-0.3213,100.9375,3.4894,False,True,True,-0.3324,-0.4123,15,218,1
whisper-small,phase2,1443,method_1443_counter,counter,872.0,566.0,7.4823,-0.3189,120.9375,2.3117,False,True,True,0.5893,0.5213,15,123,4
whisper-small,phase2,1763,method_1763_counter,counter,5382.0,1745.0,19.499,-0.3114,100.9375,4.6768,False,True,False,-0.4633,-0.6004,15,228,1
whisper-small,phase2,1835,method_1835_counter,counter,6400.0,2691.0,14.9992,-0.3082,100.875,81.7314,False,True,False,0.1003,-0.1957,15,216,1
whisper-small,phase2,1809,method_1809_counter,counter,5869.0,2263.0,16.4985,-0.3016,100.9375,20.8009,False,True,True,-0.099,-0.1096,15,197,2
whisper-small,phase2,1709,method_1709_counter,counter,5382.0,1345.0,24.0064,-0.3014,100.9375,4.1322,False,True,False,-0.5073,-0.7523,15,174,2
whisper-small,phase2,1382,method_1382,regular,476.0,872.0,10.4804,-0.2983,200.9375,0.0,False,False,False,0.2152,-0.4402,15,183,2
whisper-small,phase2,1675,method_1675,regular,1234.0,1600.0,4.4968,-0.2948,180.9375,2.8741,False,True,True,0.7309,0.3841,15,251,0
whisper-small,phase2,1619,method_1619_counter,counter,3805.0,951.0,24.0046,-0.2891,100.875,5.4562,False,True,False,-0.6007,-1.4357,15,194,2
whisper-small,phase2,1504,method_1504_counter,counter,1234.0,673.0,10.496,-0.2834,140.9375,4.0422,False,True,True,0.3138,0.3742,15,209,2
whisper-small,phase2,1796,method_1796_counter,counter,6400.0,2075.0,19.4995,-0.2749,100.875,17.2367,False,True,False,-0.2548,-0.3836,15,240,1
whisper-small,phase2,1708,method_1708_counter,counter,4935.0,1345.0,22.5053,-0.2566,100.9375,3.0271,False,True,False,-0.6442,-0.9447,15,220,1
whisper-small,phase2,1748,method_1748_counter,counter,6400.0,1600.0,24.0,-0.2464,100.875,9.1414,False,True,False,-0.2651,-0.1588,15,232,1
whisper-small,phase2,1744,method_1744,regular,1600.0,4525.0,17.9982,-0.241,220.875,6.8821,False,True,True,0.9584,0.4969,15,45,5
whisper-small,phase2,1808,method_1808_counter,counter,5382.0,2263.0,14.9989,-0.2394,100.9375,73.8421,False,True,False,-0.3533,-0.3105,15,132,3
whisper-small,phase2,1762,method_1762_counter,counter,4935.0,1745.0,17.9979,-0.2389,100.9375,3.2955,False,True,False,-0.6286,-0.8177,15,244,1
whisper-small,phase2,1807,method_1807_counter,counter,4935.0,2263.0,13.4978,-0.2237,100.9375,8.1381,False,True,False,-0.4664,-0.437,15,188,2
whisper-small,phase2,1765,method_1765_counter,counter,6400.0,1745.0,22.4981,-0.1136,100.875,10.9823,False,True,False,-0.301,-0.3084,15,202,2
whisper-small,phase2,1797,method_1797_counter,counter,6979.0,2075.0,20.9989,-0.0931,100.875,0.0,False,False,False,-0.3824,-0.4607,15,223,1
whisper-small,phase2,1676,method_1676_counter,counter,1745.0,1234.0,5.9986,-0.0799,160.9375,5.651,False,True,False,-0.2569,-0.3593,15,18,5
whisper-small,phase2,1740,method_1740_counter,counter,3200.0,1600.0,12.0,-0.0746,100.875,6.0555,False,True,False,-0.5244,-0.8563,15,128,4
whisper-small,phase2,1515,method_1515_counter,counter,3200.0,673.0,26.9927,-0.0596,180.875,0.0,False,False,False,-1.0014,-1.4222,15,142,3
whisper-small,phase2,1677,method_1677_counter,counter,1903.0,1234.0,7.4992,-0.0311,200.875,14.231,False,True,False,-0.4618,-0.4334,15,64,5
whisper-small,phase2,1675,method_1675_counter,counter,1600.0,1234.0,4.4968,-0.0307,220.875,676.911,False,True,False,-0.5554,-0.6199,15,121,4
whisper-small,phase2,1810,method_1810_counter,counter,6400.0,2263.0,17.998,-0.0282,100.875,0.0,False,False,False,-0.2222,-0.1852,15,246,1
whisper-small,phase2,1749,method_1749_counter,counter,6979.0,1600.0,25.4994,-0.0277,100.875,0.0,False,False,False,-0.4054,-0.3431,15,230,1
whisper-small,phase2,1703,method_1703_counter,counter,3200.0,1345.0,15.0056,-0.0054,100.875,5.0083,False,True,False,-0.6678,-0.9647,15,143,3
whisper-small,phase2,1684,method_1684,regular,1234.0,3490.0,17.9986,0.0232,220.9375,9.6504,False,True,True,1.3021,0.8657,15,185,2
whisper-small,phase2,1614,method_1614_counter,counter,2468.0,951.0,16.5099,0.0443,180.9375,0.0,False,False,False,-0.6663,-0.8622,15,241,1
whisper-small,phase2,1568,method_1568_counter,counter,3200.0,800.0,24.0,0.0518,100.875,7.326,False,True,False,-0.8843,-1.2945,15,170,2
whisper-small,phase2,1577,method_1577_counter,counter,6979.0,800.0,37.4994,0.0607,100.875,0.0,False,False,False,-0.6714,-0.8346,15,215,1
whisper-small,phase2,1791,method_1791,regular,2075.0,4150.0,12.0,0.0615,200.9375,0.0,False,False,False,0.198,0.074,15,211,2
whisper-small,phase2,1565,method_1565_counter,counter,2468.0,800.0,19.5032,0.0707,100.9375,0.0,False,False,False,-0.3543,-0.448,15,206,2
whisper-small,phase2,1766,method_1766_counter,counter,6979.0,1745.0,23.9975,0.0767,100.875,0.0,False,False,False,-0.402,-0.3821,15,253,0
whisper-small,phase2,1729,method_1729_counter,counter,5869.0,1467.0,24.003,0.1049,100.9375,86.149,False,True,False,-0.459,-0.4433,15,224,1
whisper-small,phase2,1649,method_1649_counter,counter,6979.0,1037.0,33.0073,0.1141,100.875,0.0,False,False,False,-0.6042,-1.0112,15,184,2
whisper-small,phase2,1743,method_1743,regular,1600.0,4150.0,16.5005,0.15,220.875,0.0,False,False,False,0.4459,0.3502,15,107,4
whisper-small,phase2,1739,method_1739_counter,counter,2934.0,1600.0,10.4976,0.1597,100.9375,8.0687,False,True,True,-0.4537,-0.5544,15,191,2
whisper-small,phase2,1712,method_1712_counter,counter,6979.0,1345.0,28.505,0.1631,100.875,0.0,False,False,False,-0.5461,-0.6487,15,193,2
whisper-small,phase2,1727,method_1727_counter,counter,4935.0,1467.0,21.0022,0.1924,100.9375,9.3577,False,True,False,-0.7935,-0.9159,15,221,1
whisper-small,phase2,1587,method_1587_counter,counter,1903.0,872.0,13.5105,0.2318,160.875,0.0,False,False,False,-0.8431,-1.0161,15,237,1
whisper-small,phase2,1183,method_1183,regular,283.0,1745.0,31.4922,0.2606,201.0625,0.0,False,False,False,-0.3141,-0.1427,15,175,2
whisper-small,phase2,1324,method_1324,regular,400.0,1600.0,24.0,0.2607,100.8125,5.6124,False,True,True,-0.2206,-0.0133,15,182,2
whisper-small,phase2,1032,method_1032,regular,200.0,3200.0,48.0,0.2864,141.125,0.0,False,False,False,0.0861,0.1798,15,49,5
whisper-small,phase2,1487,method_1487_counter,counter,3200.0,617.0,28.4968,0.3333,100.875,0.0,False,False,False,-0.9182,-1.3497,15,177,2
whisper-small,phase2,1730,method_1730_counter,counter,6400.0,1467.0,25.5024,0.3395,100.875,0.0,False,False,False,-0.523,-0.395,15,231,1
whisper-small,phase2,1887,method_1887_counter,counter,6979.0,4525.0,7.5012,0.3616,180.875,0.0,False,False,False,-0.3445,-0.0061,15,199,2
whisper-small,phase2,1301,method_1301,regular,367.0,4150.0,41.9911,0.4257,120.75,0.0,False,False,False,0.3176,0.436,15,153,3
whisper-small,phase2,1601,method_1601_counter,counter,6400.0,872.0,34.5081,0.4872,100.875,0.0,False,False,False,-0.7927,-0.8626,15,189,2
whisper-small,phase2,1024,method_1024,regular,200.0,1600.0,36.0,0.513,101.125,0.0,False,False,False,-0.5531,-0.2563,15,200,2
whisper-small,phase2,1874,method_1874_counter,counter,6979.0,3805.0,10.5015,0.5277,220.875,0.0,False,False,False,-0.4814,-0.0433,15,226,1
whisper-small,phase2,1776,method_1776,regular,1903.0,4150.0,13.498,0.5626,160.875,0.0,False,False,False,-0.0596,0.287,15,67,5
whisper-small,phase2,1145,method_1145,regular,259.0,1745.0,33.0264,0.5842,221.125,0.0,False,False,False,-0.6191,-0.2147,15,203,2
whisper-small,phase2,1266,method_1266,regular,336.0,4150.0,43.5189,0.6096,120.75,0.0,False,False,False,0.2433,0.4642,15,196,2
whisper-small,phase2,1880,method_1880_counter,counter,6400.0,4150.0,7.4995,0.6141,220.875,0.0,False,False,False,-0.5308,-0.2467,15,243,1
whisper-small,phase2,1602,method_1602_counter,counter,6979.0,872.0,36.0074,0.6392,100.875,0.0,False,False,False,-0.9369,-1.1715,15,222,1
whisper-small,phase2,1230,method_1230,regular,308.0,4150.0,45.0253,0.6646,221.0625,0.0,False,False,False,0.3366,0.4345,15,204,2
whisper-small,phase2,1106,method_1106,regular,238.0,1745.0,34.4903,0.6668,201.125,0.0,False,False,False,-0.848,-0.2987,15,179,2
whisper-small,phase2,1551,method_1551_counter,counter,6979.0,734.0,38.99,0.6898,100.875,0.0,False,False,False,-0.9222,-0.9349,15,217,1
whisper-small,phase2,1105,method_1105,regular,238.0,1600.0,32.9885,0.8021,201.125,0.0,False,False,False,-0.7757,-0.1933,15,210,2
whisper-small,phase2,1626,method_1626_counter,counter,6979.0,951.0,34.506,0.8032,100.875,0.0,False,False,False,-0.9862,-1.1659,15,225,1
whisper-small,phase2,1101,method_1101,regular,238.0,1131.0,26.9828,0.8065,161.125,0.0,False,False,False,-1.2881,-0.9299,15,77,5
whisper-small,phase2,1123,method_1123_counter,counter,7611.0,238.0,59.9886,0.8075,100.8125,0.0,False,False,False,-0.8063,-0.8735,15,205,2
whisper-small,phase2,1323,method_1323,regular,400.0,1467.0,22.4976,0.8094,100.8125,70.8056,False,True,False,-0.512,-0.3586,15,178,2
whisper-small,phase2,1144,method_1144,regular,259.0,1600.0,31.5246,0.8183,221.125,0.0,False,False,False,-0.5055,-0.038,15,238,1
whisper-small,phase2,1193,method_1193,regular,283.0,4150.0,46.4908,0.829,221.0625,0.0,False,False,False,-0.1477,0.2786,15,186,2
whisper-small,phase2,1073,method_1073,regular,218.0,3200.0,46.5081,0.8471,221.125,83.8677,False,True,True,-0.1419,0.31,15,110,4
whisper-small,phase2,1066,method_1066,regular,218.0,1745.0,36.0099,0.8736,221.125,0.0,False,False,False,-0.9999,-0.2162,15,147,3
whisper-small,phase2,1174,method_1174,regular,283.0,800.0,17.9904,0.8759,101.0625,0.0,False,False,False,-0.6719,-0.3992,15,138,3
whisper-small,phase2,1034,method_1034,regular,200.0,3805.0,50.9979,0.8794,221.125,0.0,False,False,False,-0.2215,0.1366,15,181,2
whisper-small,phase2,1042,method_1042_counter,counter,7611.0,200.0,63.0002,0.9197,120.8125,0.0,False,False,False,-0.9596,-0.963,15,141,3
whisper-small,phase2,1881,method_1881_counter,counter,6979.0,4150.0,8.9989,0.9758,220.875,0.0,False,False,False,-1.1148,-0.2524,15,233,1
whisper-small,phase2,1136,method_1136,regular,259.0,800.0,19.5246,1.0079,161.125,0.0,False,False,False,-1.1356,-0.4731,15,190,2
whisper-small,phase2,1848,method_1848_counter,counter,7611.0,2934.0,16.5026,1.0268,120.8125,0.0,False,False,False,-0.936,-0.7111,15,131,3
whisper-small,phase2,1200,method_1200_counter,counter,7611.0,283.0,56.9905,1.0468,100.8125,0.0,False,False,False,-0.9376,-0.9303,15,214,2
whisper-small,phase2,1155,method_1155,regular,259.0,4150.0,48.025,1.1089,221.125,0.0,False,False,False,-0.276,0.2231,15,219,1
whisper-small,phase2,1783,method_1783_counter,counter,7611.0,1903.0,23.9977,1.1479,100.8125,0.0,False,False,False,-0.9564,-0.771,15,169,2
whisper-small,phase2,1798,method_1798_counter,counter,7611.0,2075.0,22.4997,1.1865,100.8125,0.0,False,False,False,-1.0652,-0.8436,15,135,3
whisper-small,phase2,1116,method_1116,regular,238.0,4150.0,49.4889,1.2031,221.125,0.0,False,False,False,-0.6125,0.1706,15,180,2
whisper-small,phase2,1318,method_1318,regular,400.0,951.0,14.9933,1.2035,100.8125,0.0,False,False,False,-0.871,-0.647,15,187,2
whisper-small,phase2,1750,method_1750_counter,counter,7611.0,1600.0,27.0002,1.2116,100.8125,0.0,False,False,False,-1.1144,-0.7911,15,164,2
whisper-small,phase2,1767,method_1767_counter,counter,7611.0,1745.0,25.4983,1.3258,100.8125,0.0,False,False,False,-1.0828,-0.8165,15,139,3
whisper-small,phase2,1578,method_1578_counter,counter,7611.0,800.0,39.0002,1.3406,100.8125,0.0,False,False,False,-1.4535,-1.2414,15,227,1
whisper-small,phase2,1650,method_1650_counter,counter,7611.0,1037.0,34.508,1.3472,100.8125,0.0,False,False,False,-1.3123,-1.3246,15,158,3
whisper-small,phase2,1713,method_1713_counter,counter,7611.0,1345.0,30.0058,1.4102,100.8125,0.0,False,False,False,-1.2336,-1.0367,15,126,4
whisper-small,phase2,1812,method_1812_counter,counter,7611.0,2263.0,20.9982,1.4614,100.8125,0.0,False,False,False,-1.0661,-0.7098,15,136,3
whisper-small,phase2,1825,method_1825_counter,counter,7611.0,2468.0,19.4969,1.6073,100.8125,0.0,False,False,False,-0.9988,-0.6765,15,144,3
whisper-small,phase2,1273,method_1273_counter,counter,7611.0,336.0,54.0186,1.7222,100.8125,0.0,False,False,False,-1.3701,-1.1209,15,250,0
whisper-small,phase2,1603,method_1603_counter,counter,7611.0,872.0,37.5082,1.8704,100.8125,0.0,False,False,False,-1.6798,-1.5922,15,242,1
whisper-small,phase2,1525,method_1525_counter,counter,7611.0,673.0,41.9929,1.899,100.8125,0.0,False,False,False,-1.6949,-1.3069,15,201,2
whisper-small,phase2,1875,method_1875_counter,counter,7611.0,3805.0,12.0023,1.9371,120.8125,0.0,False,False,False,-1.2711,-0.421,15,149,3
whisper-small,phase2,1552,method_1552_counter,counter,7611.0,734.0,40.4908,2.0115,100.8125,0.0,False,False,False,-1.721,-1.3612,15,154,3
whisper-small,phase2,1627,method_1627_counter,counter,7611.0,951.0,36.0068,2.061,100.8125,0.0,False,False,False,-1.6954,-1.499,15,213,2
whisper-small,phase2,1882,method_1882_counter,counter,7611.0,4150.0,10.4997,2.2716,120.8125,0.0,False,False,False,-1.5529,-0.6294,15,165,2
whisper-tiny,literature,19,method_19_counter,counter,1850.0,1000.0,10.6503,-2.6455,140.9375,1.4382,True,True,True,0.2418,-1.8315,15,3,4
whisper-tiny,literature,18,method_18_counter,counter,1850.0,1000.0,10.6503,-2.6406,140.9375,1.419,True,True,True,0.2319,-1.855,15,5,4
whisper-tiny,literature,17,method_17_counter,counter,1850.0,1000.0,10.6503,-2.6344,140.9375,1.414,True,True,True,0.2297,-1.8666,15,4,4
whisper-tiny,literature,60,method_60_counter,counter,1500.0,1000.0,7.0196,-2.5115,140.9375,1.6479,True,True,True,2.3886,-0.9184,15,9,3
whisper-tiny,literature,55,method_55_counter,counter,2000.0,1000.0,12.0,-2.1677,220.9375,0.8932,True,True,True,1.9228,-0.7182,15,15,3
whisper-tiny,literature,20,method_20_counter,counter,1850.0,1000.0,10.6503,-1.6819,220.9375,1.0079,True,True,True,1.5894,-0.7184,15,17,3
whisper-tiny,literature,21,method_21_counter,counter,1850.0,1000.0,10.6503,-1.6767,220.9375,1.012,True,True,True,1.5912,-0.709,15,16,3
whisper-tiny,literature,55,method_55,regular,1000.0,2000.0,12.0,-1.5126,100.875,2.0812,True,True,True,0.7835,-0.159,15,19,3
whisper-tiny,literature,21,method_21,regular,1000.0,1850.0,10.6503,-1.3389,120.875,2.351,True,True,True,0.5989,-0.0769,15,2,5
whisper-tiny,literature,20,method_20,regular,1000.0,1850.0,10.6503,-1.3369,120.875,2.3552,True,True,True,0.6014,-0.0745,15,1,5
whisper-tiny,literature,74,method_74_counter,counter,1500.0,1000.0,7.0196,-1.2514,220.9375,1.7193,True,True,True,0.8443,-0.9485,15,39,2
whisper-tiny,literature,44,method_44,regular,633.0,1000.0,7.9167,-1.1013,190.875,2.002,True,True,True,1.4179,-0.28,15,18,3
whisper-tiny,literature,9,method_9_counter,counter,1000.0,600.0,8.8436,-0.9542,130.875,1.5784,True,True,True,0.725,0.1883,15,38,2
whisper-tiny,literature,72,method_72,regular,1000.0,1200.0,3.1564,-0.8026,100.875,0.9222,True,True,True,0.3055,-0.244,15,8,4
whisper-tiny,literature,75,method_75,regular,1000.0,1200.0,3.1564,-0.7961,100.875,0.9244,True,True,True,0.3013,-0.244,15,7,4
whisper-tiny,literature,10,method_10,regular,1000.0,1122.0,1.9929,-0.784,120.875,1.8132,True,True,True,-0.0173,-0.3821,15,42,2
whisper-tiny,literature,27,method_27,regular,1000.0,1064.0,1.074,-0.7397,100.875,0.6748,False,True,True,-0.0172,-0.6144,15,35,2
whisper-tiny,literature,44,method_44_counter,counter,1000.0,633.0,7.9167,-0.7079,110.875,2.1067,False,True,False,-0.289,-0.7278,15,27,2
whisper-tiny,literature,53,method_53_counter,counter,1200.0,1000.0,3.1564,-0.6779,140.9375,1.4683,False,True,True,0.224,-0.3255,15,12,3
whisper-tiny,literature,33,method_33,regular,1000.0,1200.0,3.1564,-0.677,140.875,1.0854,False,True,True,0.2674,-0.1613,15,36,2
whisper-tiny,literature,10,method_10_counter,counter,1122.0,1000.0,1.9929,-0.499,200.9375,1.4479,False,True,True,0.4734,-0.2796,15,44,1
whisper-tiny,literature,43,method_43_counter,counter,700.0,633.0,1.7418,-0.4672,110.875,1.7297,False,True,True,0.1476,-0.1695,15,48,0
whisper-tiny,literature,31,method_31_counter,counter,1200.0,1000.0,3.1564,-0.4242,140.9375,3.1844,False,True,True,0.1424,-0.1027,15,23,3
whisper-tiny,literature,32,method_32_counter,counter,1200.0,1000.0,3.1564,-0.4209,140.9375,3.2219,False,True,True,0.1455,-0.0916,15,25,3
whisper-tiny,literature,28,method_28_counter,counter,1200.0,1000.0,3.1564,-0.4204,140.9375,3.2061,False,True,True,0.1431,-0.0988,15,24,3
whisper-tiny,literature,29,method_29_counter,counter,1200.0,1000.0,3.1564,-0.4176,140.9375,3.2704,False,True,True,0.148,-0.0828,15,21,3
whisper-tiny,literature,30,method_30_counter,counter,1200.0,1000.0,3.1564,-0.4154,140.9375,3.2355,False,True,True,0.1399,-0.1008,15,20,3
whisper-tiny,literature,37,method_37_counter,counter,1050.0,1000.0,0.8447,-0.3733,200.875,1.6386,False,True,True,0.3709,-0.0445,15,43,2
whisper-tiny,literature,43,method_43,regular,633.0,700.0,1.7418,-0.3482,230.875,1.3987,False,True,True,0.5171,-0.1931,15,26,2
whisper-tiny,literature,60,method_60,regular,1000.0,1500.0,7.0196,-0.3322,220.875,-0.2603,False,False,False,-0.8627,-2.3627,15,6,4
whisper-tiny,literature,12,method_12,regular,1000.0,1200.0,3.1564,-0.2624,220.875,0.8543,False,True,True,0.1241,-0.031,15,40,2
whisper-tiny,literature,37,method_37,regular,1000.0,1050.0,0.8447,-0.2086,100.875,4.0195,False,True,True,-0.0747,-0.1792,15,41,2
whisper-tiny,literature,29,method_29,regular,1000.0,1200.0,3.1564,-0.2025,160.875,0.951,False,True,False,0.0532,-0.3205,15,30,2
whisper-tiny,literature,72,method_72_counter,counter,1200.0,1000.0,3.1564,-0.1998,220.9375,0.0,False,False,False,0.2382,-0.6304,15,47,1
whisper-tiny,literature,75,method_75_counter,counter,1200.0,1000.0,3.1564,-0.1963,220.9375,0.0,False,False,False,0.2355,-0.6245,15,46,1
whisper-tiny,literature,32,method_32,regular,1000.0,1200.0,3.1564,-0.1961,160.875,0.9805,False,True,False,0.0499,-0.3127,15,32,2
whisper-tiny,literature,30,method_30,regular,1000.0,1200.0,3.1564,-0.1941,160.875,0.9877,False,True,False,0.0533,-0.3165,15,31,2
whisper-tiny,literature,28,method_28,regular,1000.0,1200.0,3.1564,-0.1938,160.875,0.9891,False,True,False,0.0509,-0.3119,15,29,2
whisper-tiny,literature,31,method_31,regular,1000.0,1200.0,3.1564,-0.1898,160.875,0.9973,False,True,False,0.0511,-0.3091,15,28,2
whisper-tiny,literature,33,method_33_counter,counter,1200.0,1000.0,3.1564,-0.1769,200.9375,1.6547,False,True,False,-0.227,-0.6589,15,33,2
whisper-tiny,literature,53,method_53,regular,1000.0,1200.0,3.1564,-0.163,180.875,0.9574,False,True,False,0.1054,-0.1418,15,34,2
whisper-tiny,literature,12,method_12_counter,counter,1200.0,1000.0,3.1564,-0.0662,180.9375,3.0012,False,True,False,0.0854,-0.3984,15,37,2
whisper-tiny,literature,9,method_9,regular,600.0,1000.0,8.8436,-0.0241,111.0,30.2379,False,True,False,-0.3408,-0.3662,15,14,3
whisper-tiny,literature,74,method_74,regular,1000.0,1500.0,7.0196,0.2767,180.875,1.6604,False,True,True,0.2255,0.0603,15,22,3
whisper-tiny,literature,19,method_19,regular,1000.0,1850.0,10.6503,0.4136,200.875,1.6176,False,True,False,1.3205,0.2439,15,13,3
whisper-tiny,literature,18,method_18,regular,1000.0,1850.0,10.6503,0.4308,200.875,1.5666,False,True,False,1.3283,0.2663,15,11,3
whisper-tiny,literature,17,method_17,regular,1000.0,1850.0,10.6503,0.4428,200.875,1.6085,False,True,False,1.3313,0.2734,15,10,3
whisper-tiny,literature,27,method_27_counter,counter,1064.0,1000.0,1.074,0.452,160.875,0.0,False,False,False,-0.0704,-0.024,15,45,1
whisper-tiny,phase2,1577,method_1577_counter,counter,6979.0,800.0,37.4994,-2.6278,160.875,1.0169,True,True,True,1.7901,-0.248,15,215,1
whisper-tiny,phase2,1721,method_1721_counter,counter,2934.0,1467.0,12.0,-2.6003,180.9375,1.4778,True,True,True,2.0412,-0.1857,15,148,3
whisper-tiny,phase2,1551,method_1551_counter,counter,6979.0,734.0,38.99,-2.4068,160.875,1.0119,True,True,True,1.8599,-0.2308,15,217,1
whisper-tiny,phase2,1703,method_1703_counter,counter,3200.0,1345.0,15.0056,-2.3839,180.875,1.31,True,True,True,1.3255,-0.3316,15,143,3
whisper-tiny,phase2,1515,method_1515_counter,counter,3200.0,673.0,26.9927,-2.3268,180.875,1.733,True,True,True,1.6876,-0.4659,15,142,3
whisper-tiny,phase2,1722,method_1722_counter,counter,3200.0,1467.0,13.5024,-2.3166,180.875,1.1597,True,True,True,1.3114,-0.3154,15,172,2
whisper-tiny,phase2,1568,method_1568_counter,counter,3200.0,800.0,24.0,-2.2935,180.875,1.9992,True,True,True,1.6488,-0.5339,15,170,2
whisper-tiny,phase2,1709,method_1709_counter,counter,5382.0,1345.0,24.0064,-2.2885,180.9375,1.1219,True,True,True,1.4423,-0.1441,15,174,2
whisper-tiny,phase2,1875,method_1875,regular,3805.0,7611.0,12.0023,-2.201,180.875,1.3943,True,True,True,1.4511,-0.4107,15,46,5
whisper-tiny,phase2,1675,method_1675_counter,counter,1600.0,1234.0,4.4968,-2.1572,160.875,1.3542,True,True,True,0.9742,-0.3331,15,121,4
whisper-tiny,phase2,1676,method_1676_counter,counter,1745.0,1234.0,5.9986,-2.1476,160.9375,1.3089,True,True,True,1.3181,-0.1265,15,18,5
whisper-tiny,phase2,1649,method_1649_counter,counter,6979.0,1037.0,33.0073,-2.1427,160.875,1.1742,True,True,True,1.352,-0.5517,15,184,2
whisper-tiny,phase2,1518,method_1518_counter,counter,4150.0,673.0,31.4932,-2.0636,180.9375,1.4475,True,True,True,1.688,-0.3101,15,80,5
whisper-tiny,phase2,1710,method_1710_counter,counter,5869.0,1345.0,25.5061,-2.0285,160.9375,1.0854,True,True,True,1.5134,-0.2217,15,218,1
whisper-tiny,phase2,1684,method_1684_counter,counter,3490.0,1234.0,17.9986,-2.0274,160.875,1.3737,True,True,True,1.4176,-0.3059,15,155,3
whisper-tiny,phase2,1034,method_1034_counter,counter,3805.0,200.0,50.9979,-2.0124,180.875,1.3744,True,True,True,0.8855,-0.8139,15,65,5
whisper-tiny,phase2,1708,method_1708_counter,counter,4935.0,1345.0,22.5053,-1.9957,180.9375,1.1988,True,True,True,1.346,-0.1119,15,220,1
whisper-tiny,phase2,1619,method_1619_counter,counter,3805.0,951.0,24.0046,-1.9654,180.875,1.637,True,True,True,1.1978,-0.763,15,194,2
whisper-tiny,phase2,1727,method_1727_counter,counter,4935.0,1467.0,21.0022,-1.9421,180.9375,1.089,True,True,True,1.3391,-0.0508,15,221,1
whisper-tiny,phase2,1602,method_1602_counter,counter,6979.0,872.0,36.0074,-1.9274,160.875,1.1065,True,True,True,1.1767,-0.4483,15,222,1
whisper-tiny,phase2,1136,method_1136,regular,259.0,800.0,19.5246,-1.926,161.125,1.8375,True,True,True,1.2039,0.3015,15,190,2
whisper-tiny,phase2,1712,method_1712_counter,counter,6979.0,1345.0,28.505,-1.9212,160.875,1.1091,True,True,True,1.3113,-0.1025,15,193,2
whisper-tiny,phase2,1729,method_1729_counter,counter,5869.0,1467.0,24.003,-1.8056,160.9375,1.0292,True,True,True,1.4293,-0.1959,15,224,1
whisper-tiny,phase2,1032,method_1032_counter,counter,3200.0,200.0,48.0,-1.7982,180.875,1.4107,True,True,True,0.6787,-0.8905,15,119,4
whisper-tiny,phase2,1798,method_1798,regular,2075.0,7611.0,22.4997,-1.772,200.9375,1.2757,True,True,True,1.4206,-0.0902,15,33,5
whisper-tiny,phase2,1601,method_1601_counter,counter,6400.0,872.0,34.5081,-1.7496,160.875,0.9686,True,True,True,1.4383,-0.4239,15,189,2
whisper-tiny,phase2,1767,method_1767,regular,1745.0,7611.0,25.4983,-1.745,200.9375,1.217,True,True,True,1.2698,-0.1758,15,94,4
whisper-tiny,phase2,1679,method_1679_counter,counter,2263.0,1234.0,10.4987,-1.7396,160.875,1.1693,True,True,True,1.2933,0.0021,15,27,5
whisper-tiny,phase2,1174,method_1174,regular,283.0,800.0,17.9904,-1.7055,161.0625,2.0981,True,True,True,1.1231,0.2523,15,138,3
whisper-tiny,phase2,1677,method_1677_counter,counter,1903.0,1234.0,7.4992,-1.705,160.875,1.1699,True,True,True,1.0153,-0.2056,15,64,5
whisper-tiny,phase2,1812,method_1812,regular,2263.0,7611.0,20.9982,-1.7014,200.875,1.115,True,True,True,1.1892,-0.1994,15,1,6
whisper-tiny,phase2,1626,method_1626_counter,counter,6979.0,951.0,34.506,-1.6961,160.875,1.1809,True,True,True,1.0782,-0.5436,15,225,1
whisper-tiny,phase2,1578,method_1578_counter,counter,7611.0,800.0,39.0002,-1.6719,160.8125,1.0636,True,True,True,1.0107,-0.5488,15,227,1
whisper-tiny,phase2,1101,method_1101,regular,238.0,1131.0,26.9828,-1.6589,161.125,2.2358,True,True,True,0.8299,0.1535,15,77,5
whisper-tiny,phase2,1613,method_1613_counter,counter,2263.0,951.0,15.0086,-1.6589,200.875,1.4103,True,True,True,1.3872,-0.4392,15,151,3
whisper-tiny,phase2,1324,method_1324_counter,counter,1600.0,400.0,24.0,-1.6528,140.875,0.8732,True,True,True,0.8161,-0.2339,15,102,4
whisper-tiny,phase2,1882,method_1882,regular,4150.0,7611.0,10.4997,-1.5844,180.9375,1.4597,True,True,True,1.1016,-0.4675,15,5,6
whisper-tiny,phase2,1730,method_1730_counter,counter,6400.0,1467.0,25.5024,-1.5826,160.875,1.0325,True,True,True,1.5235,0.1295,15,231,1
whisper-tiny,phase2,1636,method_1636_counter,counter,2263.0,1037.0,13.5098,-1.5746,180.875,1.5023,True,True,True,1.5136,-0.2394,15,79,5
whisper-tiny,phase2,1301,method_1301_counter,counter,4150.0,367.0,41.9911,-1.5742,180.9375,1.3692,True,True,True,0.8897,-0.3439,15,54,5
whisper-tiny,phase2,1621,method_1621_counter,counter,4525.0,951.0,27.0048,-1.5499,180.875,1.9969,True,True,True,0.8428,-0.5906,15,137,3
whisper-tiny,phase2,1073,method_1073_counter,counter,3200.0,218.0,46.5081,-1.5416,180.875,1.3148,True,True,True,0.4322,-0.8612,15,156,3
whisper-tiny,phase2,1783,method_1783,regular,1903.0,7611.0,23.9977,-1.522,200.875,1.197,True,True,True,0.9881,-0.1782,15,29,5
whisper-tiny,phase2,1504,method_1504,regular,673.0,1234.0,10.496,-1.4496,120.8125,1.5613,True,True,True,0.5318,-0.032,15,55,5
whisper-tiny,phase2,1266,method_1266_counter,counter,4150.0,336.0,43.5189,-1.4334,180.9375,1.3197,True,True,True,0.7322,-0.4095,15,39,5
whisper-tiny,phase2,1116,method_1116_counter,counter,4150.0,238.0,49.4889,-1.4305,180.9375,1.126,True,True,True,0.5696,-0.7583,15,56,5
whisper-tiny,phase2,1323,method_1323_counter,counter,1467.0,400.0,22.4976,-1.4074,140.9375,1.1761,True,True,True,0.4181,-0.4169,15,150,3
whisper-tiny,phase2,1155,method_1155_counter,counter,4150.0,259.0,48.025,-1.3899,180.9375,1.1584,True,True,True,0.5464,-0.7187,15,112,4
whisper-tiny,phase2,1552,method_1552_counter,counter,7611.0,734.0,40.4908,-1.378,160.8125,1.047,True,True,True,1.0666,-0.5586,15,154,3
whisper-tiny,phase2,1565,method_1565_counter,counter,2468.0,800.0,19.5032,-1.3705,140.9375,0.9296,True,True,True,1.2231,-0.409,15,206,2
whisper-tiny,phase2,1318,method_1318_counter,counter,951.0,400.0,14.9933,-1.3326,220.875,1.383,True,True,True,1.6115,-0.32,15,87,5
whisper-tiny,phase2,1701,method_1701_counter,counter,2691.0,1345.0,12.0064,-1.3227,160.875,1.1286,True,True,True,0.9983,-0.2359,15,160,3
whisper-tiny,phase2,1414,method_1414_counter,counter,951.0,519.0,10.4845,-1.3162,140.875,1.0816,True,True,True,0.4645,-0.1264,15,82,5
whisper-tiny,phase2,1400,method_1400_counter,counter,4150.0,476.0,37.4889,-1.3069,140.9375,1.0129,True,True,True,0.8453,-0.3466,15,116,4
whisper-tiny,phase2,1557,method_1557_counter,counter,1234.0,800.0,7.5032,-1.3064,220.9375,1.2138,True,True,True,1.2048,-0.4589,15,208,2
whisper-tiny,phase2,1739,method_1739_counter,counter,2934.0,1600.0,10.4976,-1.2915,180.9375,2.3669,True,True,True,1.4105,-0.3296,15,191,2
whisper-tiny,phase2,1383,method_1383_counter,counter,951.0,476.0,11.9818,-1.2433,140.875,1.1053,True,True,True,0.3416,-0.2771,15,84,5
whisper-tiny,phase2,1504,method_1504_counter,counter,1234.0,673.0,10.496,-1.2335,220.9375,1.2028,True,True,True,1.1646,-0.3693,15,209,2
whisper-tiny,phase2,1587,method_1587_counter,counter,1903.0,872.0,13.5105,-1.2295,200.875,1.583,True,True,True,0.9115,-0.4655,15,237,1
whisper-tiny,phase2,1515,method_1515,regular,673.0,3200.0,26.9927,-1.2209,100.8125,2.4257,True,True,True,-0.07,-0.2515,15,15,5
whisper-tiny,phase2,1797,method_1797,regular,2075.0,6979.0,20.9989,-1.216,200.9375,1.2356,True,True,True,0.9699,-0.1237,15,71,5
whisper-tiny,phase2,1230,method_1230_counter,counter,4150.0,308.0,45.0253,-1.2133,180.9375,1.2421,True,True,True,0.5837,-0.5309,15,61,5
whisper-tiny,phase2,1487,method_1487,regular,617.0,3200.0,28.4968,-1.212,101.0,1.7244,True,True,True,0.0089,-0.0364,15,35,5
whisper-tiny,phase2,1650,method_1650_counter,counter,7611.0,1037.0,34.508,-1.2052,160.8125,1.4309,True,True,True,0.5128,-0.7525,15,158,3
whisper-tiny,phase2,1699,method_1699_counter,counter,2263.0,1345.0,9.0076,-1.1812,160.875,1.0215,True,True,True,1.0341,-0.0974,15,48,5
whisper-tiny,phase2,1720,method_1720_counter,counter,2691.0,1467.0,10.5033,-1.158,180.875,1.5317,True,True,True,0.9542,-0.1962,15,207,2
whisper-tiny,phase2,1193,method_1193_counter,counter,4150.0,283.0,46.4908,-1.1554,180.9375,1.1424,True,True,True,0.5817,-0.5971,15,60,5
whisper-tiny,phase2,1557,method_1557,regular,800.0,1234.0,7.5032,-1.1539,120.9375,1.6388,True,True,True,0.3719,0.0473,15,53,5
whisper-tiny,phase2,1443,method_1443_counter,counter,872.0,566.0,7.4823,-1.1487,140.9375,0.9984,True,True,True,0.4235,-0.1385,15,123,4
whisper-tiny,phase2,1552,method_1552,regular,734.0,7611.0,40.4908,-1.1427,120.875,2.3233,True,True,True,-0.1578,-0.5274,15,104,4
whisper-tiny,phase2,1713,method_1713_counter,counter,7611.0,1345.0,30.0058,-1.14,160.8125,1.3759,True,True,True,0.6228,-0.5718,15,126,4
whisper-tiny,phase2,1766,method_1766,regular,1745.0,6979.0,23.9975,-1.1255,200.9375,1.6639,True,True,True,0.764,-0.3216,15,7,6
whisper-tiny,phase2,1740,method_1740_counter,counter,3200.0,1600.0,12.0,-1.1188,180.875,1.5038,True,True,True,0.6994,-0.4829,15,128,4
whisper-tiny,phase2,1382,method_1382_counter,counter,872.0,476.0,10.4804,-1.1126,140.9375,1.1322,True,True,True,0.3082,-0.2452,15,130,4
whisper-tiny,phase2,1583,method_1583,regular,872.0,1345.0,7.5025,-1.1113,120.9375,1.2797,True,True,True,0.5811,0.3124,15,108,4
whisper-tiny,phase2,1418,method_1418_counter,counter,1345.0,519.0,16.4856,-1.1108,140.875,1.6406,True,True,True,0.1038,-0.3869,15,83,5
whisper-tiny,phase2,1746,method_1746_counter,counter,5382.0,1600.0,21.0008,-1.1065,180.9375,1.0911,True,True,True,0.8391,-0.1791,15,163,3
whisper-tiny,phase2,1791,method_1791,regular,2075.0,4150.0,12.0,-1.0998,200.9375,1.0195,True,True,True,0.863,-0.4421,15,211,2
whisper-tiny,phase2,1754,method_1754,regular,1745.0,2468.0,6.0014,-1.0983,220.9375,0.9711,True,True,True,0.5559,-0.2801,15,118,4
whisper-tiny,phase2,1183,method_1183_counter,counter,1745.0,283.0,31.4922,-1.0791,220.9375,1.2891,True,True,True,1.2087,-0.1084,15,129,4
whisper-tiny,phase2,1387,method_1387_counter,counter,1345.0,476.0,17.9829,-1.0771,140.875,1.6643,True,True,True,0.0329,-0.5844,15,59,5
whisper-tiny,phase2,1603,method_1603,regular,872.0,7611.0,37.5082,-1.0564,120.9375,2.2161,True,True,True,0.006,-0.3141,15,4,6
whisper-tiny,phase2,1525,method_1525,regular,673.0,7611.0,41.9929,-1.0564,120.8125,2.1112,True,True,True,-0.131,-0.4914,15,6,6
whisper-tiny,phase2,1614,method_1614_counter,counter,2468.0,951.0,16.5099,-1.0431,200.9375,2.1602,True,True,False,0.8287,-0.8019,15,241,1
whisper-tiny,phase2,1603,method_1603_counter,counter,7611.0,872.0,37.5082,-1.0421,160.8125,1.3579,True,True,True,0.4417,-0.6803,15,242,1
whisper-tiny,phase2,1355,method_1355_counter,counter,1345.0,436.0,19.5025,-1.0232,140.875,1.4232,True,True,True,0.0999,-0.606,15,69,5
whisper-tiny,phase2,1764,method_1764,regular,1745.0,5869.0,20.9987,-1.0201,200.9375,2.8284,True,True,True,0.7053,-0.303,15,38,5
whisper-tiny,phase2,1627,method_1627,regular,951.0,7611.0,36.0068,-1.02,120.875,2.0776,True,True,True,0.029,-0.2162,15,3,6
whisper-tiny,phase2,1106,method_1106_counter,counter,1745.0,238.0,34.4903,-1.0196,220.9375,1.1292,True,True,True,0.9517,-0.2324,15,88,5
whisper-tiny,phase2,1825,method_1825,regular,2468.0,7611.0,19.4969,-1.013,120.9375,1.3753,True,True,True,0.358,-0.4372,15,21,5
whisper-tiny,phase2,1621,method_1621,regular,951.0,4525.0,27.0048,-1.0042,120.875,2.2385,True,True,True,-0.2308,-0.5107,15,114,4
whisper-tiny,phase2,1073,method_1073,regular,218.0,3200.0,46.5081,-0.991,101.125,2.3366,True,True,True,0.2118,-0.0281,15,110,4
whisper-tiny,phase2,1145,method_1145_counter,counter,1745.0,259.0,33.0264,-0.9856,220.9375,1.2308,True,True,True,0.8571,-0.1761,15,86,5
whisper-tiny,phase2,1793,method_1793,regular,2075.0,4935.0,14.9993,-0.9814,200.9375,1.0899,True,True,True,0.5581,-0.2952,15,91,5
whisper-tiny,phase2,1809,method_1809,regular,2263.0,5869.0,16.4985,-0.974,200.875,1.3363,True,True,False,0.6537,-0.1749,15,9,6
whisper-tiny,phase2,1790,method_1790,regular,2075.0,3805.0,10.4974,-0.9738,220.9375,1.0441,True,True,True,0.9048,-0.4717,15,161,3
whisper-tiny,phase2,1744,method_1744_counter,counter,4525.0,1600.0,17.9982,-0.9596,180.875,1.5622,True,True,True,0.6399,-0.2914,15,100,4
whisper-tiny,phase2,1762,method_1762,regular,1745.0,4935.0,17.9979,-0.9496,200.9375,1.2209,True,True,True,0.3967,-0.5004,15,12,5
whisper-tiny,phase2,1024,method_1024_counter,counter,1600.0,200.0,36.0,-0.934,140.875,1.4697,True,True,True,0.2404,-0.482,15,51,5
whisper-tiny,phase2,1755,method_1755,regular,1745.0,2691.0,7.499,-0.9337,220.9375,0.9934,True,True,True,0.4298,-0.3992,15,44,5
whisper-tiny,phase2,1032,method_1032,regular,200.0,3200.0,48.0,-0.9303,101.125,2.6331,True,True,True,0.0507,-0.6409,15,49,5
whisper-tiny,phase2,1525,method_1525_counter,counter,7611.0,673.0,41.9929,-0.9254,180.8125,1.1677,True,True,True,0.9211,-0.5771,15,201,2
whisper-tiny,phase2,1848,method_1848,regular,2934.0,7611.0,16.5026,-0.9135,120.9375,1.4312,True,True,True,0.8154,-0.4792,15,106,4
whisper-tiny,phase2,1794,method_1794,regular,2075.0,5382.0,16.5004,-0.9114,200.9375,1.4555,True,True,False,0.604,-0.1842,15,89,5
whisper-tiny,phase2,1807,method_1807,regular,2263.0,4935.0,13.4978,-0.8942,200.875,0.977,True,True,True,0.3157,-0.3896,15,42,5
whisper-tiny,phase2,1401,method_1401_counter,counter,4525.0,476.0,38.9866,-0.8932,140.875,0.9504,True,True,True,0.6505,-0.4377,15,81,5
whisper-tiny,phase2,1796,method_1796,regular,2075.0,6400.0,19.4995,-0.8877,200.9375,4.4709,True,True,False,0.6722,-0.2798,15,124,4
whisper-tiny,phase2,1432,method_1432_counter,counter,4525.0,519.0,37.4893,-0.8789,140.875,0.8573,True,True,True,0.6951,-0.5066,15,90,5
whisper-tiny,phase2,1776,method_1776,regular,1903.0,4150.0,13.498,-0.8748,200.875,0.7042,True,True,True,0.4964,-0.5945,15,67,5
whisper-tiny,phase2,1763,method_1763,regular,1745.0,5382.0,19.499,-0.8553,200.9375,2.6228,True,True,False,0.4311,-0.3777,15,70,5
whisper-tiny,phase2,1887,method_1887_counter,counter,6979.0,4525.0,7.5012,-0.8496,160.875,1.5787,True,True,True,0.3019,-0.1423,15,199,2
whisper-tiny,phase2,1887,method_1887,regular,4525.0,6979.0,7.5012,-0.8489,220.875,1.9088,True,True,False,0.5417,-0.4504,15,36,5
whisper-tiny,phase2,1765,method_1765,regular,1745.0,6400.0,22.4981,-0.8268,200.9375,30.2939,True,True,False,0.4901,-0.4652,15,11,5
whisper-tiny,phase2,1745,method_1745_counter,counter,4935.0,1600.0,19.4997,-0.8192,180.9375,1.2047,True,True,True,0.748,-0.1868,15,195,2
whisper-tiny,phase2,1718,method_1718_counter,counter,2263.0,1467.0,7.5044,-0.8121,160.875,0.8422,True,True,True,0.8558,0.0067,15,117,4
whisper-tiny,phase2,1808,method_1808,regular,2263.0,5382.0,14.9989,-0.8102,200.875,1.1725,True,True,False,0.3587,-0.2659,15,73,5
whisper-tiny,phase2,1810,method_1810,regular,2263.0,6400.0,17.998,-0.7997,200.875,3.1201,True,True,False,0.445,-0.3592,15,62,5
whisper-tiny,phase2,1627,method_1627_counter,counter,7611.0,951.0,36.0068,-0.7983,160.8125,1.9217,True,True,False,0.315,-0.7671,15,213,2
whisper-tiny,phase2,1066,method_1066_counter,counter,1745.0,218.0,36.0099,-0.7843,200.9375,0.8207,True,True,True,0.5945,-0.3059,15,8,6
whisper-tiny,phase2,1744,method_1744,regular,1600.0,4525.0,17.9982,-0.7792,140.875,2.6492,True,True,True,-0.1942,-0.554,15,45,5
whisper-tiny,phase2,1790,method_1790_counter,counter,3805.0,2075.0,10.4974,-0.7769,180.875,2.4548,True,True,True,0.1272,-0.8198,15,85,5
whisper-tiny,phase2,1200,method_1200,regular,283.0,7611.0,56.9905,-0.7699,201.0625,2.8172,True,True,True,0.3248,-0.1411,15,57,5
whisper-tiny,phase2,1750,method_1750,regular,1600.0,7611.0,27.0002,-0.7628,200.875,1.8799,True,True,True,0.5,-0.5367,15,2,6
whisper-tiny,phase2,1587,method_1587,regular,872.0,1903.0,13.5105,-0.7609,120.9375,3.0433,True,True,True,-0.099,0.0864,15,152,3
whisper-tiny,phase2,1808,method_1808_counter,counter,5382.0,2263.0,14.9989,-0.7592,180.9375,1.423,True,True,True,0.2917,-0.3709,15,132,3
whisper-tiny,phase2,1778,method_1778,regular,1903.0,4935.0,16.4973,-0.7496,200.875,1.0535,False,True,True,0.1525,-0.4509,15,146,3
whisper-tiny,phase2,1578,method_1578,regular,800.0,7611.0,39.0002,-0.74,120.9375,3.0853,False,True,True,-0.3308,-0.4556,15,24,5
whisper-tiny,phase2,1551,method_1551,regular,734.0,6979.0,38.99,-0.7378,120.875,4.1961,False,True,True,-0.5858,-0.5726,15,125,4
whisper-tiny,phase2,1881,method_1881,regular,4150.0,6979.0,8.9989,-0.7325,180.9375,2.2094,False,True,False,0.369,-0.5477,15,31,5
whisper-tiny,phase2,1743,method_1743_counter,counter,4150.0,1600.0,16.5005,-0.717,180.9375,1.7089,False,True,True,0.5416,-0.197,15,192,2
whisper-tiny,phase2,1874,method_1874,regular,3805.0,6979.0,10.5015,-0.7089,120.875,1.3617,False,True,True,0.377,-0.5024,15,52,5
whisper-tiny,phase2,1763,method_1763_counter,counter,5382.0,1745.0,19.499,-0.6747,180.9375,1.2497,False,True,True,0.3888,-0.1817,15,228,1
whisper-tiny,phase2,1778,method_1778_counter,counter,4935.0,1903.0,16.4973,-0.6735,180.9375,1.3926,False,True,True,0.4771,-0.3191,15,229,1
whisper-tiny,phase2,1740,method_1740,regular,1600.0,3200.0,12.0,-0.6609,100.875,2.162,False,True,True,-0.0821,-0.421,15,10,5
whisper-tiny,phase2,1794,method_1794_counter,counter,5382.0,2075.0,16.5004,-0.6593,180.9375,1.4809,False,True,True,0.129,-0.3333,15,168,2
whisper-tiny,phase2,1602,method_1602,regular,872.0,6979.0,36.0074,-0.6553,120.9375,3.8245,False,True,True,-0.4148,-0.3305,15,122,4
whisper-tiny,phase2,1042,method_1042,regular,200.0,7611.0,63.0002,-0.6482,121.125,2.7855,False,True,True,0.0625,-0.3716,15,74,5
whisper-tiny,phase2,1418,method_1418,regular,519.0,1345.0,16.4856,-0.6456,181.0,1.4999,False,True,True,0.3356,-0.1159,15,111,4
whisper-tiny,phase2,1881,method_1881_counter,counter,6979.0,4150.0,8.9989,-0.6445,160.875,1.0979,False,True,True,0.2679,-0.1932,15,233,1
whisper-tiny,phase2,1387,method_1387,regular,476.0,1345.0,17.9829,-0.6292,180.9375,1.4248,False,True,True,0.4267,-0.1821,15,140,3
whisper-tiny,phase2,1626,method_1626,regular,951.0,6979.0,34.506,-0.6116,120.875,3.7214,False,True,True,-0.4087,-0.3084,15,105,4
whisper-tiny,phase2,1518,method_1518,regular,673.0,4150.0,31.4932,-0.6041,120.8125,3.0681,False,True,True,-0.573,-0.5721,15,236,1
whisper-tiny,phase2,1105,method_1105_counter,counter,1600.0,238.0,32.9885,-0.5909,140.875,1.3776,False,True,True,0.0242,-0.4817,15,95,4
whisper-tiny,phase2,1745,method_1745,regular,1600.0,4935.0,19.4997,-0.5775,140.875,0.0,False,False,False,-0.2712,-0.6375,15,17,5
whisper-tiny,phase2,1776,method_1776_counter,counter,4150.0,1903.0,13.498,-0.5692,180.9375,2.3976,False,True,True,0.2765,-0.1524,15,134,3
whisper-tiny,phase2,1273,method_1273,regular,336.0,7611.0,54.0186,-0.54,200.75,2.5685,False,True,True,0.304,-0.2406,15,50,5
whisper-tiny,phase2,1619,method_1619,regular,951.0,3805.0,24.0046,-0.5398,220.875,0.8937,False,True,False,0.4846,-0.6381,15,145,3
whisper-tiny,phase2,1809,method_1809_counter,counter,5869.0,2263.0,16.4985,-0.5263,160.9375,1.873,False,True,True,0.4017,-0.4406,15,197,2
whisper-tiny,phase2,1747,method_1747_counter,counter,5869.0,1600.0,22.5005,-0.5234,160.9375,1.5761,False,True,True,0.7751,-0.3159,15,234,1
whisper-tiny,phase2,1783,method_1783_counter,counter,7611.0,1903.0,23.9977,-0.523,100.8125,5.0278,False,True,False,-0.0377,-0.5087,15,169,2
whisper-tiny,phase2,1024,method_1024,regular,200.0,1600.0,36.0,-0.506,201.125,3.1,False,True,True,0.1776,-0.3372,15,200,2
whisper-tiny,phase2,1749,method_1749,regular,1600.0,6979.0,25.4994,-0.4928,220.875,6.345,False,True,False,0.2691,-0.5831,15,101,4
whisper-tiny,phase2,1880,method_1880_counter,counter,6400.0,4150.0,7.4995,-0.49,160.875,0.9355,False,True,True,0.4277,-0.0298,15,243,1
whisper-tiny,phase2,1754,method_1754_counter,counter,2468.0,1745.0,6.0014,-0.4811,120.9375,2.9002,False,True,False,-0.0625,-0.5734,15,212,2
whisper-tiny,phase2,1144,method_1144_counter,counter,1600.0,259.0,31.5246,-0.4788,180.875,1.8244,False,True,False,-0.0572,-0.4776,15,37,5
whisper-tiny,phase2,1583,method_1583_counter,counter,1345.0,872.0,7.5025,-0.4652,220.875,1.911,False,True,False,0.3585,-0.6586,15,198,2
whisper-tiny,phase2,1713,method_1713,regular,1345.0,7611.0,30.0058,-0.4649,200.875,1.2386,False,True,True,0.1645,-0.2959,15,93,4
whisper-tiny,phase2,1123,method_1123,regular,238.0,7611.0,59.9886,-0.4451,121.125,3.3803,False,True,True,0.1613,-0.0733,15,63,5
whisper-tiny,phase2,1807,method_1807_counter,counter,4935.0,2263.0,13.4978,-0.4414,180.9375,2.0887,False,True,True,0.1302,-0.5451,15,188,2
whisper-tiny,phase2,1650,method_1650,regular,1037.0,7611.0,34.508,-0.432,220.875,0.871,False,True,True,0.4005,-0.1813,15,30,5
whisper-tiny,phase2,1601,method_1601,regular,872.0,6400.0,34.5081,-0.4316,120.9375,4.8334,False,True,False,-0.5332,-0.4404,15,96,4
whisper-tiny,phase2,1722,method_1722,regular,1467.0,3200.0,13.5024,-0.4233,100.9375,5.574,False,True,True,-0.2586,-0.3994,15,14,5
whisper-tiny,phase2,1042,method_1042_counter,counter,7611.0,200.0,63.0002,-0.416,180.8125,4.1924,False,True,False,-0.035,-1.0822,15,141,3
whisper-tiny,phase2,1762,method_1762_counter,counter,4935.0,1745.0,17.9979,-0.4116,180.9375,1.4065,False,True,True,0.2919,-0.2379,15,244,1
whisper-tiny,phase2,1737,method_1737,regular,1600.0,2468.0,7.5032,-0.4074,220.875,0.4915,False,False,False,0.0412,-0.5287,15,13,5
whisper-tiny,phase2,1747,method_1747,regular,1600.0,5869.0,22.5005,-0.4052,220.875,0.0,False,False,False,0.2828,-0.5605,15,23,5
whisper-tiny,phase2,1432,method_1432,regular,519.0,4525.0,37.4893,-0.3986,121.0,3.637,False,True,True,-0.5365,-0.321,15,176,2
whisper-tiny,phase2,1066,method_1066,regular,218.0,1745.0,36.0099,-0.3984,101.125,3.2136,False,True,True,0.1938,0.2825,15,147,3
whisper-tiny,phase2,1749,method_1749_counter,counter,6979.0,1600.0,25.4994,-0.3815,160.875,1.5488,False,True,True,0.6358,-0.1922,15,230,1
whisper-tiny,phase2,1793,method_1793_counter,counter,4935.0,2075.0,14.9993,-0.3618,180.9375,2.0339,False,True,True,-0.0115,-0.5134,15,254,0
whisper-tiny,phase2,1743,method_1743,regular,1600.0,4150.0,16.5005,-0.3546,220.875,0.3821,False,False,False,0.1291,-0.7014,15,107,4
whisper-tiny,phase2,1755,method_1755_counter,counter,2691.0,1745.0,7.499,-0.3489,120.875,2.5684,False,True,False,-0.0282,-0.4743,15,247,1
whisper-tiny,phase2,1487,method_1487_counter,counter,3200.0,617.0,28.4968,-0.3417,140.875,1.9949,False,True,False,0.728,-0.4464,15,177,2
whisper-tiny,phase2,1577,method_1577,regular,800.0,6979.0,37.4994,-0.334,120.9375,8.9933,False,True,False,-0.7959,-0.5019,15,113,4
whisper-tiny,phase2,1810,method_1810_counter,counter,6400.0,2263.0,17.998,-0.3294,160.875,1.6586,False,True,True,0.4621,-0.3907,15,246,1
whisper-tiny,phase2,1443,method_1443,regular,566.0,872.0,7.4823,-0.3288,181.0,1.8836,False,True,False,0.1291,-0.2369,15,157,3
whisper-tiny,phase2,1767,method_1767_counter,counter,7611.0,1745.0,25.4983,-0.3211,100.8125,15.0729,False,True,False,-0.1695,-0.6276,15,139,3
whisper-tiny,phase2,1193,method_1193,regular,283.0,4150.0,46.4908,-0.3203,201.0625,7.708,False,True,True,-0.1593,-0.4623,15,186,2
whisper-tiny,phase2,1737,method_1737_counter,counter,2468.0,1600.0,7.5032,-0.3188,120.9375,2.7078,False,True,False,-0.0083,-0.4298,15,248,1
whisper-tiny,phase2,1355,method_1355,regular,436.0,1345.0,19.5025,-0.3168,220.875,2.0131,False,True,True,0.0492,-0.1899,15,99,4
whisper-tiny,phase2,1750,method_1750_counter,counter,7611.0,1600.0,27.0002,-0.3122,100.8125,10.2431,False,True,False,-0.1146,-0.6684,15,164,2
whisper-tiny,phase2,1034,method_1034,regular,200.0,3805.0,50.9979,-0.3079,221.125,0.0,False,False,False,-0.047,-1.07,15,181,2
whisper-tiny,phase2,1145,method_1145,regular,259.0,1745.0,33.0264,-0.3062,101.125,4.7253,False,True,True,0.1514,0.2093,15,203,2
whisper-tiny,phase2,1843,method_1843,regular,2934.0,4935.0,9.0022,-0.3029,120.9375,3.8954,False,True,False,0.2413,-0.4552,15,120,4
whisper-tiny,phase2,1401,method_1401,regular,476.0,4525.0,38.9866,-0.2948,120.9375,4.2441,False,True,False,-0.5387,-0.369,15,166,2
whisper-tiny,phase2,1400,method_1400,regular,476.0,4150.0,37.4889,-0.2912,220.9375,1.4868,False,True,False,-0.1244,-0.3595,15,171,2
whisper-tiny,phase2,1727,method_1727,regular,1467.0,4935.0,21.0022,-0.2868,140.9375,0.0,False,False,False,-0.7089,-0.6351,15,32,5
whisper-tiny,phase2,1273,method_1273_counter,counter,7611.0,336.0,54.0186,-0.2808,160.8125,3.5528,False,True,False,0.0882,-0.6451,15,250,0
whisper-tiny,phase2,1738,method_1738,regular,1600.0,2691.0,9.0008,-0.2744,220.875,-0.0238,False,False,False,-0.1214,-0.5937,15,22,5
whisper-tiny,phase2,1812,method_1812_counter,counter,7611.0,2263.0,20.9982,-0.2687,100.8125,7.3141,False,True,False,-0.2588,-0.65,15,136,3
whisper-tiny,phase2,1230,method_1230,regular,308.0,4150.0,45.0253,-0.2673,201.0625,3.9479,False,True,True,-0.0417,-0.2452,15,204,2
whisper-tiny,phase2,1105,method_1105,regular,238.0,1600.0,32.9885,-0.2671,201.125,5.1447,False,True,True,0.1376,0.1445,15,210,2
whisper-tiny,phase2,1764,method_1764_counter,counter,5869.0,1745.0,20.9987,-0.267,160.9375,1.622,False,True,True,0.4574,-0.3292,15,252,0
whisper-tiny,phase2,1843,method_1843_counter,counter,4935.0,2934.0,9.0022,-0.2663,220.9375,1.1026,False,True,False,0.2066,-0.4784,15,239,1
whisper-tiny,phase2,1797,method_1797_counter,counter,6979.0,2075.0,20.9989,-0.2618,160.875,2.3726,False,True,True,0.0211,-0.3867,15,223,1
whisper-tiny,phase2,1796,method_1796_counter,counter,6400.0,2075.0,19.4995,-0.2606,160.875,1.6834,False,True,True,0.3767,-0.4163,15,240,1
whisper-tiny,phase2,1748,method_1748_counter,counter,6400.0,1600.0,24.0,-0.2583,160.875,1.3336,False,True,True,0.8597,-0.0614,15,232,1
whisper-tiny,phase2,1382,method_1382,regular,476.0,872.0,10.4804,-0.2483,220.9375,45.7346,False,True,False,0.0592,-0.379,15,183,2
whisper-tiny,phase2,1323,method_1323,regular,400.0,1467.0,22.4976,-0.2468,180.8125,4.166,False,True,False,-0.1511,-0.1875,15,178,2
whisper-tiny,phase2,1791,method_1791_counter,counter,4150.0,2075.0,12.0,-0.2401,180.9375,4.0934,False,True,True,-0.2382,-0.3691,15,133,3
whisper-tiny,phase2,1738,method_1738_counter,counter,2691.0,1600.0,9.0008,-0.2323,200.875,3.8112,False,True,False,0.445,-0.3005,15,245,1
whisper-tiny,phase2,1200,method_1200_counter,counter,7611.0,283.0,56.9905,-0.2198,100.8125,12.292,False,True,False,-0.1693,-0.8399,15,214,2
whisper-tiny,phase2,1123,method_1123_counter,counter,7611.0,238.0,59.9886,-0.2183,180.8125,5.8089,False,True,False,-0.1254,-0.9641,15,205,2
whisper-tiny,phase2,1848,method_1848_counter,counter,7611.0,2934.0,16.5026,-0.2175,100.8125,0.0,False,False,False,-0.6076,-0.5471,15,131,3
whisper-tiny,phase2,1174,method_1174_counter,counter,800.0,283.0,17.9904,-0.2117,120.9375,2.9924,False,True,False,-0.5418,-0.4271,15,76,5
whisper-tiny,phase2,1614,method_1614,regular,951.0,2468.0,16.5099,-0.208,220.875,3.435,False,True,False,0.1845,-0.1439,15,78,5
whisper-tiny,phase2,1703,method_1703,regular,1345.0,3200.0,15.0056,-0.2063,220.875,1.2738,False,True,False,-0.0848,-0.5471,15,34,5
whisper-tiny,phase2,1144,method_1144,regular,259.0,1600.0,31.5246,-0.2021,201.125,3.8307,False,True,True,0.1783,0.2423,15,238,1
whisper-tiny,phase2,1568,method_1568,regular,800.0,3200.0,24.0,-0.1668,120.9375,3.0507,False,True,False,-0.6997,-0.5184,15,19,5
whisper-tiny,phase2,1301,method_1301,regular,367.0,4150.0,41.9911,-0.1656,120.75,8.8809,False,True,False,-0.4082,-0.1814,15,153,3
whisper-tiny,phase2,1136,method_1136_counter,counter,800.0,259.0,19.5246,-0.1624,120.9375,3.3339,False,True,False,-0.5897,-0.5085,15,75,5
whisper-tiny,phase2,1266,method_1266,regular,336.0,4150.0,43.5189,-0.1613,120.75,10.1617,False,True,True,-0.2721,-0.145,15,196,2
whisper-tiny,phase2,1414,method_1414,regular,519.0,951.0,10.4845,-0.1581,101.0,10.1155,False,True,False,-0.1373,-0.3001,15,173,2
whisper-tiny,phase2,1155,method_1155,regular,259.0,4150.0,48.025,-0.1541,121.125,9.7487,False,True,True,-0.1491,-0.4257,15,219,1
whisper-tiny,phase2,1766,method_1766_counter,counter,6979.0,1745.0,23.9975,-0.1478,160.875,2.2662,False,True,True,0.2896,-0.2034,15,253,0
whisper-tiny,phase2,1874,method_1874_counter,counter,6979.0,3805.0,10.5015,-0.1467,160.875,1.5841,False,True,True,0.0903,-0.3157,15,226,1
whisper-tiny,phase2,1835,method_1835,regular,2691.0,6400.0,14.9992,-0.1443,120.875,6.8597,False,True,False,-0.2509,-0.4869,15,115,4
whisper-tiny,phase2,1649,method_1649,regular,1037.0,6979.0,33.0073,-0.1145,220.875,0.7877,False,True,False,0.0542,-0.5055,15,66,5
whisper-tiny,phase2,1383,method_1383,regular,476.0,951.0,11.9818,-0.0992,180.9375,20.9997,False,True,False,0.0074,-0.421,15,167,2
whisper-tiny,phase2,1106,method_1106,regular,238.0,1745.0,34.4903,-0.0878,101.125,13.2783,False,True,True,0.0656,0.1468,15,179,2
whisper-tiny,phase2,1684,method_1684,regular,1234.0,3490.0,17.9986,-0.0833,220.9375,-0.0777,False,False,False,-0.1481,-0.5575,15,185,2
whisper-tiny,phase2,1712,method_1712,regular,1345.0,6979.0,28.505,-0.0797,220.875,0.0,False,False,False,-0.1428,-0.5944,15,41,5
whisper-tiny,phase2,1798,method_1798_counter,counter,7611.0,2075.0,22.4997,-0.0732,100.8125,311.8153,False,True,False,-0.4062,-0.6868,15,135,3
whisper-tiny,phase2,1825,method_1825_counter,counter,7611.0,2468.0,19.4969,-0.0718,100.8125,0.0,False,False,False,-0.2566,-0.4925,15,144,3
whisper-tiny,phase2,1613,method_1613,regular,951.0,2263.0,15.0086,-0.0444,120.875,44.3742,False,True,False,-0.4198,-0.185,15,58,5
whisper-tiny,phase2,1765,method_1765_counter,counter,6400.0,1745.0,22.4981,-0.0275,160.875,1.795,False,True,True,0.5527,-0.1978,15,202,2
whisper-tiny,phase2,1880,method_1880,regular,4150.0,6400.0,7.4995,-0.0268,220.9375,28.1063,False,True,False,-0.0295,-0.5141,15,109,4
whisper-tiny,phase2,1835,method_1835_counter,counter,6400.0,2691.0,14.9992,-0.0114,160.875,1.2295,False,True,True,0.422,-0.0119,15,216,1
whisper-tiny,phase2,1710,method_1710,regular,1345.0,5869.0,25.5061,0.0293,220.875,0.0,False,False,False,-0.1986,-0.6305,15,16,5
whisper-tiny,phase2,1882,method_1882_counter,counter,7611.0,4150.0,10.4997,0.0405,220.8125,0.0,False,False,False,0.107,-0.5698,15,165,2
whisper-tiny,phase2,1875,method_1875_counter,counter,7611.0,3805.0,12.0023,0.0441,220.8125,0.0,False,False,False,0.1579,-0.5492,15,149,3
whisper-tiny,phase2,1718,method_1718,regular,1467.0,2263.0,7.5044,0.0463,140.9375,0.0,False,False,False,-0.6291,-0.7801,15,68,5
whisper-tiny,phase2,1183,method_1183,regular,283.0,1745.0,31.4922,0.0508,121.0625,0.0,False,False,False,-0.0625,0.1229,15,175,2
whisper-tiny,phase2,1701,method_1701,regular,1345.0,2691.0,12.0064,0.0554,220.875,19.3386,False,True,False,-0.4083,-0.5945,15,20,5
whisper-tiny,phase2,1324,method_1324,regular,400.0,1600.0,24.0,0.1248,120.8125,0.0,False,False,False,-0.4736,-0.2187,15,182,2
whisper-tiny,phase2,1748,method_1748,regular,1600.0,6400.0,24.0,0.1414,120.875,0.0,False,False,False,-0.3695,-0.6388,15,97,4
whisper-tiny,phase2,1101,method_1101_counter,counter,1131.0,238.0,26.9828,0.149,220.9375,0.0,False,False,False,-0.0651,-0.4301,15,159,3
whisper-tiny,phase2,1720,method_1720,regular,1467.0,2691.0,10.5033,0.1609,220.9375,0.0,False,False,False,-0.6113,-0.4449,15,40,5
whisper-tiny,phase2,1746,method_1746,regular,1600.0,5382.0,21.0008,0.2477,100.875,0.0,False,False,False,-0.3981,-0.6528,15,43,5
whisper-tiny,phase2,1739,method_1739,regular,1600.0,2934.0,10.4976,0.2548,220.875,0.0,False,False,False,-0.4766,-0.8813,15,28,5
whisper-tiny,phase2,1699,method_1699,regular,1345.0,2263.0,9.0076,0.3178,220.875,0.0,False,False,False,-0.7347,-0.4912,15,92,4
whisper-tiny,phase2,1116,method_1116,regular,238.0,4150.0,49.4889,0.3249,101.125,0.0,False,False,False,-0.2412,-0.5796,15,180,2
whisper-tiny,phase2,1708,method_1708,regular,1345.0,4935.0,22.5053,0.3532,120.875,0.0,False,False,False,-0.7137,-0.7879,15,47,5
whisper-tiny,phase2,1565,method_1565,regular,800.0,2468.0,19.5032,0.4089,120.9375,10.2832,False,True,False,-0.7907,-0.4228,15,98,4
whisper-tiny,phase2,1677,method_1677,regular,1234.0,1903.0,7.4992,0.4134,220.9375,0.0,False,False,False,-0.3627,-0.2645,15,249,1
whisper-tiny,phase2,1721,method_1721,regular,1467.0,2934.0,12.0,0.4303,100.9375,0.0,False,False,False,-0.8779,-0.7609,15,103,4
whisper-tiny,phase2,1318,method_1318,regular,400.0,951.0,14.9933,0.4419,100.8125,0.0,False,False,False,-0.2539,-0.3489,15,187,2
whisper-tiny,phase2,1636,method_1636,regular,1037.0,2263.0,13.5098,0.4669,220.875,0.0,False,False,False,-0.6126,-0.3631,15,127,4
whisper-tiny,phase2,1730,method_1730,regular,1467.0,6400.0,25.5024,0.4699,120.9375,0.0,False,False,False,-0.7036,-0.5874,15,25,5
whisper-tiny,phase2,1679,method_1679,regular,1234.0,2263.0,10.4987,0.4733,220.9375,0.0,False,False,False,-0.8074,-0.5231,15,162,3
whisper-tiny,phase2,1675,method_1675,regular,1234.0,1600.0,4.4968,0.5085,220.9375,0.0,False,False,False,-0.3891,-0.162,15,251,0
whisper-tiny,phase2,1709,method_1709,regular,1345.0,5382.0,24.0064,0.5614,120.875,0.0,False,False,False,-0.88,-0.6559,15,72,5
whisper-tiny,phase2,1729,method_1729,regular,1467.0,5869.0,24.003,0.6089,120.9375,0.0,False,False,False,-0.7124,-0.451,15,26,5
whisper-tiny,phase2,1676,method_1676,regular,1234.0,1745.0,5.9986,1.0486,220.9375,0.0,False,False,False,-0.797,-0.3116,15,235,1
